-- MySQL dump 10.13  Distrib 8.0.36, for Win64 (x86_64)
--
-- Host: localhost    Database: demodb
-- ------------------------------------------------------
-- Server version	8.0.37

/*!40101 SET @OLD_CHARACTER_SET_CLIENT=@@CHARACTER_SET_CLIENT */;
/*!40101 SET @OLD_CHARACTER_SET_RESULTS=@@CHARACTER_SET_RESULTS */;
/*!40101 SET @OLD_COLLATION_CONNECTION=@@COLLATION_CONNECTION */;
/*!50503 SET NAMES utf8 */;
/*!40103 SET @OLD_TIME_ZONE=@@TIME_ZONE */;
/*!40103 SET TIME_ZONE='+00:00' */;
/*!40014 SET @OLD_UNIQUE_CHECKS=@@UNIQUE_CHECKS, UNIQUE_CHECKS=0 */;
/*!40014 SET @OLD_FOREIGN_KEY_CHECKS=@@FOREIGN_KEY_CHECKS, FOREIGN_KEY_CHECKS=0 */;
/*!40101 SET @OLD_SQL_MODE=@@SQL_MODE, SQL_MODE='NO_AUTO_VALUE_ON_ZERO' */;
/*!40111 SET @OLD_SQL_NOTES=@@SQL_NOTES, SQL_NOTES=0 */;

--
-- Table structure for table `admin_permissions`
--

DROP TABLE IF EXISTS `admin_permissions`;
/*!40101 SET @saved_cs_client     = @@character_set_client */;
/*!50503 SET character_set_client = utf8mb4 */;
CREATE TABLE `admin_permissions` (
  `id` int unsigned NOT NULL AUTO_INCREMENT,
  `action` varchar(255) DEFAULT NULL,
  `action_parameters` json DEFAULT NULL,
  `subject` varchar(255) DEFAULT NULL,
  `properties` json DEFAULT NULL,
  `conditions` json DEFAULT NULL,
  `created_at` datetime(6) DEFAULT NULL,
  `updated_at` datetime(6) DEFAULT NULL,
  `created_by_id` int unsigned DEFAULT NULL,
  `updated_by_id` int unsigned DEFAULT NULL,
  PRIMARY KEY (`id`),
  KEY `admin_permissions_created_by_id_fk` (`created_by_id`),
  KEY `admin_permissions_updated_by_id_fk` (`updated_by_id`),
  CONSTRAINT `admin_permissions_created_by_id_fk` FOREIGN KEY (`created_by_id`) REFERENCES `admin_users` (`id`) ON DELETE SET NULL,
  CONSTRAINT `admin_permissions_updated_by_id_fk` FOREIGN KEY (`updated_by_id`) REFERENCES `admin_users` (`id`) ON DELETE SET NULL
) ENGINE=InnoDB AUTO_INCREMENT=246 DEFAULT CHARSET=utf8mb4 COLLATE=utf8mb4_0900_ai_ci;
/*!40101 SET character_set_client = @saved_cs_client */;

--
-- Dumping data for table `admin_permissions`
--

LOCK TABLES `admin_permissions` WRITE;
/*!40000 ALTER TABLE `admin_permissions` DISABLE KEYS */;
INSERT INTO `admin_permissions` VALUES (1,'plugin::upload.read','{}',NULL,'{}','[]','2024-05-21 02:13:28.201000','2024-05-21 02:13:28.201000',NULL,NULL),(2,'plugin::upload.configure-view','{}',NULL,'{}','[]','2024-05-21 02:13:28.231000','2024-05-21 02:13:28.231000',NULL,NULL),(3,'plugin::upload.assets.create','{}',NULL,'{}','[]','2024-05-21 02:13:28.253000','2024-05-21 02:13:28.253000',NULL,NULL),(4,'plugin::upload.assets.update','{}',NULL,'{}','[]','2024-05-21 02:13:28.288000','2024-05-21 02:13:28.288000',NULL,NULL),(5,'plugin::upload.assets.download','{}',NULL,'{}','[]','2024-05-21 02:13:28.311000','2024-05-21 02:13:28.311000',NULL,NULL),(6,'plugin::upload.assets.copy-link','{}',NULL,'{}','[]','2024-05-21 02:13:28.331000','2024-05-21 02:13:28.331000',NULL,NULL),(7,'plugin::upload.read','{}',NULL,'{}','[\"admin::is-creator\"]','2024-05-21 02:13:28.364000','2024-05-21 02:13:28.364000',NULL,NULL),(8,'plugin::upload.configure-view','{}',NULL,'{}','[]','2024-05-21 02:13:28.394000','2024-05-21 02:13:28.394000',NULL,NULL),(9,'plugin::upload.assets.create','{}',NULL,'{}','[]','2024-05-21 02:13:28.430000','2024-05-21 02:13:28.430000',NULL,NULL),(10,'plugin::upload.assets.update','{}',NULL,'{}','[\"admin::is-creator\"]','2024-05-21 02:13:28.469000','2024-05-21 02:13:28.469000',NULL,NULL),(11,'plugin::upload.assets.download','{}',NULL,'{}','[]','2024-05-21 02:13:28.505000','2024-05-21 02:13:28.505000',NULL,NULL),(12,'plugin::upload.assets.copy-link','{}',NULL,'{}','[]','2024-05-21 02:13:28.544000','2024-05-21 02:13:28.544000',NULL,NULL),(16,'plugin::content-manager.explorer.delete','{}','plugin::users-permissions.user','{}','[]','2024-05-21 02:13:28.714000','2024-05-21 02:13:28.714000',NULL,NULL),(17,'plugin::content-manager.single-types.configure-view','{}',NULL,'{}','[]','2024-05-21 02:13:28.743000','2024-05-21 02:13:28.743000',NULL,NULL),(18,'plugin::content-manager.collection-types.configure-view','{}',NULL,'{}','[]','2024-05-21 02:13:28.780000','2024-05-21 02:13:28.780000',NULL,NULL),(19,'plugin::content-manager.components.configure-layout','{}',NULL,'{}','[]','2024-05-21 02:13:28.811000','2024-05-21 02:13:28.811000',NULL,NULL),(20,'plugin::content-type-builder.read','{}',NULL,'{}','[]','2024-05-21 02:13:28.851000','2024-05-21 02:13:28.851000',NULL,NULL),(21,'plugin::email.settings.read','{}',NULL,'{}','[]','2024-05-21 02:13:28.883000','2024-05-21 02:13:28.883000',NULL,NULL),(22,'plugin::upload.read','{}',NULL,'{}','[]','2024-05-21 02:13:28.922000','2024-05-21 02:13:28.922000',NULL,NULL),(23,'plugin::upload.assets.create','{}',NULL,'{}','[]','2024-05-21 02:13:28.953000','2024-05-21 02:13:28.953000',NULL,NULL),(24,'plugin::upload.assets.update','{}',NULL,'{}','[]','2024-05-21 02:13:28.984000','2024-05-21 02:13:28.984000',NULL,NULL),(25,'plugin::upload.assets.download','{}',NULL,'{}','[]','2024-05-21 02:13:29.027000','2024-05-21 02:13:29.027000',NULL,NULL),(26,'plugin::upload.assets.copy-link','{}',NULL,'{}','[]','2024-05-21 02:13:29.054000','2024-05-21 02:13:29.054000',NULL,NULL),(27,'plugin::upload.configure-view','{}',NULL,'{}','[]','2024-05-21 02:13:29.092000','2024-05-21 02:13:29.092000',NULL,NULL),(28,'plugin::upload.settings.read','{}',NULL,'{}','[]','2024-05-21 02:13:29.129000','2024-05-21 02:13:29.129000',NULL,NULL),(29,'plugin::users-permissions.roles.create','{}',NULL,'{}','[]','2024-05-21 02:13:29.168000','2024-05-21 02:13:29.168000',NULL,NULL),(30,'plugin::users-permissions.roles.read','{}',NULL,'{}','[]','2024-05-21 02:13:29.206000','2024-05-21 02:13:29.206000',NULL,NULL),(31,'plugin::users-permissions.roles.update','{}',NULL,'{}','[]','2024-05-21 02:13:29.241000','2024-05-21 02:13:29.241000',NULL,NULL),(32,'plugin::users-permissions.roles.delete','{}',NULL,'{}','[]','2024-05-21 02:13:29.280000','2024-05-21 02:13:29.280000',NULL,NULL),(33,'plugin::users-permissions.providers.read','{}',NULL,'{}','[]','2024-05-21 02:13:29.313000','2024-05-21 02:13:29.313000',NULL,NULL),(34,'plugin::users-permissions.providers.update','{}',NULL,'{}','[]','2024-05-21 02:13:29.355000','2024-05-21 02:13:29.355000',NULL,NULL),(35,'plugin::users-permissions.email-templates.read','{}',NULL,'{}','[]','2024-05-21 02:13:29.386000','2024-05-21 02:13:29.386000',NULL,NULL),(36,'plugin::users-permissions.email-templates.update','{}',NULL,'{}','[]','2024-05-21 02:13:29.420000','2024-05-21 02:13:29.420000',NULL,NULL),(37,'plugin::users-permissions.advanced-settings.read','{}',NULL,'{}','[]','2024-05-21 02:13:29.457000','2024-05-21 02:13:29.457000',NULL,NULL),(38,'plugin::users-permissions.advanced-settings.update','{}',NULL,'{}','[]','2024-05-21 02:13:29.485000','2024-05-21 02:13:29.485000',NULL,NULL),(39,'plugin::i18n.locale.create','{}',NULL,'{}','[]','2024-05-21 02:13:29.521000','2024-05-21 02:13:29.521000',NULL,NULL),(40,'plugin::i18n.locale.read','{}',NULL,'{}','[]','2024-05-21 02:13:29.558000','2024-05-21 02:13:29.558000',NULL,NULL),(41,'plugin::i18n.locale.update','{}',NULL,'{}','[]','2024-05-21 02:13:29.592000','2024-05-21 02:13:29.592000',NULL,NULL),(42,'plugin::i18n.locale.delete','{}',NULL,'{}','[]','2024-05-21 02:13:29.652000','2024-05-21 02:13:29.652000',NULL,NULL),(43,'admin::marketplace.read','{}',NULL,'{}','[]','2024-05-21 02:13:29.684000','2024-05-21 02:13:29.684000',NULL,NULL),(44,'admin::webhooks.create','{}',NULL,'{}','[]','2024-05-21 02:13:29.720000','2024-05-21 02:13:29.720000',NULL,NULL),(45,'admin::webhooks.read','{}',NULL,'{}','[]','2024-05-21 02:13:29.759000','2024-05-21 02:13:29.759000',NULL,NULL),(46,'admin::webhooks.update','{}',NULL,'{}','[]','2024-05-21 02:13:29.798000','2024-05-21 02:13:29.798000',NULL,NULL),(47,'admin::webhooks.delete','{}',NULL,'{}','[]','2024-05-21 02:13:29.838000','2024-05-21 02:13:29.838000',NULL,NULL),(48,'admin::users.create','{}',NULL,'{}','[]','2024-05-21 02:13:29.871000','2024-05-21 02:13:29.871000',NULL,NULL),(49,'admin::users.read','{}',NULL,'{}','[]','2024-05-21 02:13:29.911000','2024-05-21 02:13:29.911000',NULL,NULL),(50,'admin::users.update','{}',NULL,'{}','[]','2024-05-21 02:13:29.942000','2024-05-21 02:13:29.942000',NULL,NULL),(51,'admin::users.delete','{}',NULL,'{}','[]','2024-05-21 02:13:29.979000','2024-05-21 02:13:29.979000',NULL,NULL),(52,'admin::roles.create','{}',NULL,'{}','[]','2024-05-21 02:13:30.007000','2024-05-21 02:13:30.007000',NULL,NULL),(53,'admin::roles.read','{}',NULL,'{}','[]','2024-05-21 02:13:30.039000','2024-05-21 02:13:30.039000',NULL,NULL),(54,'admin::roles.update','{}',NULL,'{}','[]','2024-05-21 02:13:30.074000','2024-05-21 02:13:30.074000',NULL,NULL),(55,'admin::roles.delete','{}',NULL,'{}','[]','2024-05-21 02:13:30.099000','2024-05-21 02:13:30.099000',NULL,NULL),(56,'admin::api-tokens.access','{}',NULL,'{}','[]','2024-05-21 02:13:30.145000','2024-05-21 02:13:30.145000',NULL,NULL),(57,'admin::api-tokens.create','{}',NULL,'{}','[]','2024-05-21 02:13:30.181000','2024-05-21 02:13:30.181000',NULL,NULL),(58,'admin::api-tokens.read','{}',NULL,'{}','[]','2024-05-21 02:13:30.208000','2024-05-21 02:13:30.208000',NULL,NULL),(59,'admin::api-tokens.update','{}',NULL,'{}','[]','2024-05-21 02:13:30.233000','2024-05-21 02:13:30.233000',NULL,NULL),(60,'admin::api-tokens.regenerate','{}',NULL,'{}','[]','2024-05-21 02:13:30.267000','2024-05-21 02:13:30.267000',NULL,NULL),(61,'admin::api-tokens.delete','{}',NULL,'{}','[]','2024-05-21 02:13:30.286000','2024-05-21 02:13:30.286000',NULL,NULL),(62,'admin::project-settings.update','{}',NULL,'{}','[]','2024-05-21 02:13:30.314000','2024-05-21 02:13:30.314000',NULL,NULL),(63,'admin::project-settings.read','{}',NULL,'{}','[]','2024-05-21 02:13:30.342000','2024-05-21 02:13:30.342000',NULL,NULL),(64,'admin::transfer.tokens.access','{}',NULL,'{}','[]','2024-05-21 02:13:30.373000','2024-05-21 02:13:30.373000',NULL,NULL),(65,'admin::transfer.tokens.create','{}',NULL,'{}','[]','2024-05-21 02:13:30.414000','2024-05-21 02:13:30.414000',NULL,NULL),(66,'admin::transfer.tokens.read','{}',NULL,'{}','[]','2024-05-21 02:13:30.441000','2024-05-21 02:13:30.441000',NULL,NULL),(67,'admin::transfer.tokens.update','{}',NULL,'{}','[]','2024-05-21 02:13:30.474000','2024-05-21 02:13:30.474000',NULL,NULL),(68,'admin::transfer.tokens.regenerate','{}',NULL,'{}','[]','2024-05-21 02:13:30.512000','2024-05-21 02:13:30.512000',NULL,NULL),(69,'admin::transfer.tokens.delete','{}',NULL,'{}','[]','2024-05-21 02:13:30.545000','2024-05-21 02:13:30.545000',NULL,NULL),(73,'plugin::content-manager.explorer.delete','{}','api::pattern.pattern','{}','[]','2024-05-21 09:54:18.334000','2024-05-21 09:54:18.334000',NULL,NULL),(78,'plugin::content-manager.explorer.delete','{}','api::strategia.strategia','{}','[]','2024-05-21 09:56:03.429000','2024-05-21 09:56:03.429000',NULL,NULL),(79,'plugin::content-manager.explorer.publish','{}','api::strategia.strategia','{}','[]','2024-05-21 09:56:03.453000','2024-05-21 09:56:03.453000',NULL,NULL),(83,'plugin::content-manager.explorer.delete','{}','api::mvc.mvc','{}','[]','2024-05-21 11:08:41.593000','2024-05-21 11:08:41.593000',NULL,NULL),(87,'plugin::content-manager.explorer.delete','{}','api::example.example','{}','[]','2024-05-21 11:24:52.555000','2024-05-21 11:24:52.555000',NULL,NULL),(103,'plugin::content-manager.explorer.delete','{}','api::privacy-by-design-principle.privacy-by-design-principle','{}','[]','2024-05-21 12:22:37.744000','2024-05-21 12:22:37.744000',NULL,NULL),(113,'plugin::content-manager.explorer.delete','{}','api::owasp-top-10-category.owasp-top-10-category','{}','[]','2024-05-21 12:44:17.263000','2024-05-21 12:44:17.263000',NULL,NULL),(114,'plugin::content-manager.explorer.publish','{}','api::owasp-top-10-category.owasp-top-10-category','{}','[]','2024-05-21 12:44:17.276000','2024-05-21 12:44:17.276000',NULL,NULL),(124,'plugin::content-manager.explorer.create','{}','api::owasp-top-10-category.owasp-top-10-category','{\"fields\": [\"nome\", \"patterns\", \"identificatore\"]}','[]','2024-05-21 13:03:44.045000','2024-05-21 13:03:44.045000',NULL,NULL),(125,'plugin::content-manager.explorer.read','{}','api::owasp-top-10-category.owasp-top-10-category','{\"fields\": [\"nome\", \"patterns\", \"identificatore\"]}','[]','2024-05-21 13:03:44.073000','2024-05-21 13:03:44.073000',NULL,NULL),(126,'plugin::content-manager.explorer.update','{}','api::owasp-top-10-category.owasp-top-10-category','{\"fields\": [\"nome\", \"patterns\", \"identificatore\"]}','[]','2024-05-21 13:03:44.113000','2024-05-21 13:03:44.113000',NULL,NULL),(133,'plugin::content-manager.explorer.delete','{}','api::cwe-top-25-weakness.cwe-top-25-weakness','{}','[]','2024-05-21 13:13:56.080000','2024-05-21 13:13:56.080000',NULL,NULL),(134,'plugin::content-manager.explorer.publish','{}','api::cwe-top-25-weakness.cwe-top-25-weakness','{}','[]','2024-05-21 13:13:56.117000','2024-05-21 13:13:56.117000',NULL,NULL),(141,'plugin::content-manager.explorer.delete','{}','api::articoli-gdpr.articoli-gdpr','{}','[]','2024-05-21 14:10:17.917000','2024-05-21 14:10:17.917000',NULL,NULL),(148,'plugin::content-manager.explorer.delete','{}','api::iso-9241-210-phase.iso-9241-210-phase','{}','[]','2024-05-21 14:20:51.624000','2024-05-21 14:20:51.624000',NULL,NULL),(149,'plugin::content-manager.explorer.publish','{}','api::iso-9241-210-phase.iso-9241-210-phase','{}','[]','2024-05-21 14:20:51.637000','2024-05-21 14:20:51.637000',NULL,NULL),(199,'plugin::content-manager.explorer.create','{}','api::privacy-by-design-principle.privacy-by-design-principle','{\"fields\": [\"nome\", \"patterns\"]}','[]','2024-05-25 15:30:23.646000','2024-05-25 15:30:23.646000',NULL,NULL),(200,'plugin::content-manager.explorer.create','{}','api::strategia.strategia','{\"fields\": [\"nome\", \"patterns\", \"privacy_by_design_principles\", \"articoli_gdprs\"]}','[]','2024-05-25 15:30:23.661000','2024-05-25 15:30:23.661000',NULL,NULL),(201,'plugin::content-manager.explorer.read','{}','api::privacy-by-design-principle.privacy-by-design-principle','{\"fields\": [\"nome\", \"patterns\"]}','[]','2024-05-25 15:30:23.675000','2024-05-25 15:30:23.675000',NULL,NULL),(202,'plugin::content-manager.explorer.read','{}','api::strategia.strategia','{\"fields\": [\"nome\", \"patterns\", \"privacy_by_design_principles\", \"articoli_gdprs\"]}','[]','2024-05-25 15:30:23.691000','2024-05-25 15:30:23.691000',NULL,NULL),(203,'plugin::content-manager.explorer.update','{}','api::privacy-by-design-principle.privacy-by-design-principle','{\"fields\": [\"nome\", \"patterns\"]}','[]','2024-05-25 15:30:23.707000','2024-05-25 15:30:23.707000',NULL,NULL),(204,'plugin::content-manager.explorer.update','{}','api::strategia.strategia','{\"fields\": [\"nome\", \"patterns\", \"privacy_by_design_principles\", \"articoli_gdprs\"]}','[]','2024-05-25 15:30:23.723000','2024-05-25 15:30:23.723000',NULL,NULL),(211,'plugin::content-manager.explorer.create','{}','api::example.example','{\"fields\": [\"testo\"]}','[]','2024-05-25 18:02:19.120000','2024-05-25 18:02:19.120000',NULL,NULL),(212,'plugin::content-manager.explorer.read','{}','api::example.example','{\"fields\": [\"testo\"]}','[]','2024-05-25 18:02:19.135000','2024-05-25 18:02:19.135000',NULL,NULL),(213,'plugin::content-manager.explorer.update','{}','api::example.example','{\"fields\": [\"testo\"]}','[]','2024-05-25 18:02:19.148000','2024-05-25 18:02:19.148000',NULL,NULL),(217,'plugin::content-manager.explorer.delete','{}','api::feedback.feedback','{}','[]','2024-05-31 13:12:04.150000','2024-05-31 13:12:04.150000',NULL,NULL),(225,'plugin::content-manager.explorer.create','{}','api::feedback.feedback','{\"fields\": [\"users_permissions_user\", \"commento\", \"collection\", \"nameOfObject\"]}','[]','2024-06-01 15:26:28.071000','2024-06-01 15:26:28.071000',NULL,NULL),(226,'plugin::content-manager.explorer.read','{}','api::feedback.feedback','{\"fields\": [\"users_permissions_user\", \"commento\", \"collection\", \"nameOfObject\"]}','[]','2024-06-01 15:26:28.087000','2024-06-01 15:26:28.087000',NULL,NULL),(227,'plugin::content-manager.explorer.update','{}','api::feedback.feedback','{\"fields\": [\"users_permissions_user\", \"commento\", \"collection\", \"nameOfObject\"]}','[]','2024-06-01 15:26:28.107000','2024-06-01 15:26:28.107000',NULL,NULL),(228,'plugin::content-manager.explorer.create','{}','api::pattern.pattern','{\"fields\": [\"nome\", \"descrizione\", \"contesto\", \"mvcs\", \"strategias\", \"privacy_by_design_principles\", \"owasp_top_10_categories\", \"cwe_top_25_weaknesses\", \"articoli_gdprs\", \"iso_9241_210_phases\", \"examples\", \"searchCounter\"]}','[]','2024-06-02 11:19:34.893000','2024-06-02 11:19:34.893000',NULL,NULL),(229,'plugin::content-manager.explorer.read','{}','api::pattern.pattern','{\"fields\": [\"nome\", \"descrizione\", \"contesto\", \"mvcs\", \"strategias\", \"privacy_by_design_principles\", \"owasp_top_10_categories\", \"cwe_top_25_weaknesses\", \"articoli_gdprs\", \"iso_9241_210_phases\", \"examples\", \"searchCounter\"]}','[]','2024-06-02 11:19:34.930000','2024-06-02 11:19:34.930000',NULL,NULL),(230,'plugin::content-manager.explorer.update','{}','api::pattern.pattern','{\"fields\": [\"nome\", \"descrizione\", \"contesto\", \"mvcs\", \"strategias\", \"privacy_by_design_principles\", \"owasp_top_10_categories\", \"cwe_top_25_weaknesses\", \"articoli_gdprs\", \"iso_9241_210_phases\", \"examples\", \"searchCounter\"]}','[]','2024-06-02 11:19:34.950000','2024-06-02 11:19:34.950000',NULL,NULL),(231,'plugin::content-manager.explorer.create','{}','api::cwe-top-25-weakness.cwe-top-25-weakness','{\"fields\": [\"identificatore\", \"nome\", \"patterns\"]}','[]','2024-06-05 12:13:53.002000','2024-06-05 12:13:53.002000',NULL,NULL),(232,'plugin::content-manager.explorer.read','{}','api::cwe-top-25-weakness.cwe-top-25-weakness','{\"fields\": [\"identificatore\", \"nome\", \"patterns\"]}','[]','2024-06-05 12:13:53.018000','2024-06-05 12:13:53.018000',NULL,NULL),(233,'plugin::content-manager.explorer.update','{}','api::cwe-top-25-weakness.cwe-top-25-weakness','{\"fields\": [\"identificatore\", \"nome\", \"patterns\"]}','[]','2024-06-05 12:13:53.032000','2024-06-05 12:13:53.032000',NULL,NULL),(234,'plugin::content-manager.explorer.create','{}','api::mvc.mvc','{\"fields\": [\"nome\", \"patterns\"]}','[]','2024-06-05 12:14:15.301000','2024-06-05 12:14:15.301000',NULL,NULL),(235,'plugin::content-manager.explorer.read','{}','api::mvc.mvc','{\"fields\": [\"nome\", \"patterns\"]}','[]','2024-06-05 12:14:15.317000','2024-06-05 12:14:15.317000',NULL,NULL),(236,'plugin::content-manager.explorer.update','{}','api::mvc.mvc','{\"fields\": [\"nome\", \"patterns\"]}','[]','2024-06-05 12:14:15.331000','2024-06-05 12:14:15.331000',NULL,NULL),(237,'plugin::content-manager.explorer.create','{}','api::articoli-gdpr.articoli-gdpr','{\"fields\": [\"identificatore\", \"nome\", \"patterns\"]}','[]','2024-06-05 15:45:26.671000','2024-06-05 15:45:26.671000',NULL,NULL),(238,'plugin::content-manager.explorer.read','{}','api::articoli-gdpr.articoli-gdpr','{\"fields\": [\"identificatore\", \"nome\", \"patterns\"]}','[]','2024-06-05 15:45:26.687000','2024-06-05 15:45:26.687000',NULL,NULL),(239,'plugin::content-manager.explorer.update','{}','api::articoli-gdpr.articoli-gdpr','{\"fields\": [\"identificatore\", \"nome\", \"patterns\"]}','[]','2024-06-05 15:45:26.700000','2024-06-05 15:45:26.700000',NULL,NULL),(240,'plugin::content-manager.explorer.create','{}','api::iso-9241-210-phase.iso-9241-210-phase','{\"fields\": [\"identificatore\", \"nome\", \"patterns\", \"privacy_by_design_principles\"]}','[]','2024-06-05 15:45:52.915000','2024-06-05 15:45:52.915000',NULL,NULL),(241,'plugin::content-manager.explorer.read','{}','api::iso-9241-210-phase.iso-9241-210-phase','{\"fields\": [\"identificatore\", \"nome\", \"patterns\", \"privacy_by_design_principles\"]}','[]','2024-06-05 15:45:52.931000','2024-06-05 15:45:52.931000',NULL,NULL),(242,'plugin::content-manager.explorer.update','{}','api::iso-9241-210-phase.iso-9241-210-phase','{\"fields\": [\"identificatore\", \"nome\", \"patterns\", \"privacy_by_design_principles\"]}','[]','2024-06-05 15:45:52.943000','2024-06-05 15:45:52.943000',NULL,NULL),(243,'plugin::content-manager.explorer.create','{}','plugin::users-permissions.user','{\"fields\": [\"username\", \"email\", \"provider\", \"password\", \"resetPasswordToken\", \"confirmationToken\", \"confirmed\", \"blocked\", \"role\", \"notification\"]}','[]','2024-06-09 11:58:40.845000','2024-06-09 11:58:40.845000',NULL,NULL),(244,'plugin::content-manager.explorer.read','{}','plugin::users-permissions.user','{\"fields\": [\"username\", \"email\", \"provider\", \"password\", \"resetPasswordToken\", \"confirmationToken\", \"confirmed\", \"blocked\", \"role\", \"notification\"]}','[]','2024-06-09 11:58:40.863000','2024-06-09 11:58:40.863000',NULL,NULL),(245,'plugin::content-manager.explorer.update','{}','plugin::users-permissions.user','{\"fields\": [\"username\", \"email\", \"provider\", \"password\", \"resetPasswordToken\", \"confirmationToken\", \"confirmed\", \"blocked\", \"role\", \"notification\"]}','[]','2024-06-09 11:58:40.877000','2024-06-09 11:58:40.877000',NULL,NULL);
/*!40000 ALTER TABLE `admin_permissions` ENABLE KEYS */;
UNLOCK TABLES;

--
-- Table structure for table `admin_permissions_role_links`
--

DROP TABLE IF EXISTS `admin_permissions_role_links`;
/*!40101 SET @saved_cs_client     = @@character_set_client */;
/*!50503 SET character_set_client = utf8mb4 */;
CREATE TABLE `admin_permissions_role_links` (
  `id` int unsigned NOT NULL AUTO_INCREMENT,
  `permission_id` int unsigned DEFAULT NULL,
  `role_id` int unsigned DEFAULT NULL,
  `permission_order` double unsigned DEFAULT NULL,
  PRIMARY KEY (`id`),
  UNIQUE KEY `admin_permissions_role_links_unique` (`permission_id`,`role_id`),
  KEY `admin_permissions_role_links_fk` (`permission_id`),
  KEY `admin_permissions_role_links_inv_fk` (`role_id`),
  KEY `admin_permissions_role_links_order_inv_fk` (`permission_order`),
  CONSTRAINT `admin_permissions_role_links_fk` FOREIGN KEY (`permission_id`) REFERENCES `admin_permissions` (`id`) ON DELETE CASCADE,
  CONSTRAINT `admin_permissions_role_links_inv_fk` FOREIGN KEY (`role_id`) REFERENCES `admin_roles` (`id`) ON DELETE CASCADE
) ENGINE=InnoDB AUTO_INCREMENT=246 DEFAULT CHARSET=utf8mb4 COLLATE=utf8mb4_0900_ai_ci;
/*!40101 SET character_set_client = @saved_cs_client */;

--
-- Dumping data for table `admin_permissions_role_links`
--

LOCK TABLES `admin_permissions_role_links` WRITE;
/*!40000 ALTER TABLE `admin_permissions_role_links` DISABLE KEYS */;
INSERT INTO `admin_permissions_role_links` VALUES (1,1,2,1),(2,2,2,2),(3,3,2,3),(4,4,2,4),(5,5,2,5),(6,6,2,6),(7,7,3,1),(8,8,3,2),(9,9,3,3),(10,10,3,4),(11,11,3,5),(12,12,3,6),(16,16,1,4),(17,17,1,5),(18,18,1,6),(19,19,1,7),(20,20,1,8),(21,21,1,9),(22,22,1,10),(23,23,1,11),(24,24,1,12),(25,25,1,13),(26,26,1,14),(27,27,1,15),(28,28,1,16),(29,29,1,17),(30,30,1,18),(31,31,1,19),(32,32,1,20),(33,33,1,21),(34,34,1,22),(35,35,1,23),(36,36,1,24),(37,37,1,25),(38,38,1,26),(39,39,1,27),(40,40,1,28),(41,41,1,29),(42,42,1,30),(43,43,1,31),(44,44,1,32),(45,45,1,33),(46,46,1,34),(47,47,1,35),(48,48,1,36),(49,49,1,37),(50,50,1,38),(51,51,1,39),(52,52,1,40),(53,53,1,41),(54,54,1,42),(55,55,1,43),(56,56,1,44),(57,57,1,45),(58,58,1,46),(59,59,1,47),(60,60,1,48),(61,61,1,49),(62,62,1,50),(63,63,1,51),(64,64,1,52),(65,65,1,53),(66,66,1,54),(67,67,1,55),(68,68,1,56),(69,69,1,57),(73,73,1,61),(78,78,1,66),(79,79,1,67),(83,83,1,71),(87,87,1,75),(103,103,1,90),(113,113,1,100),(114,114,1,101),(124,124,1,108),(125,125,1,109),(126,126,1,110),(133,133,1,117),(134,134,1,118),(141,141,1,125),(148,148,1,132),(149,149,1,133),(199,199,1,146),(200,200,1,147),(201,201,1,148),(202,202,1,149),(203,203,1,150),(204,204,1,151),(211,211,1,158),(212,212,1,159),(213,213,1,160),(217,217,1,164),(225,225,1,165),(226,226,1,166),(227,227,1,167),(228,228,1,168),(229,229,1,169),(230,230,1,170),(231,231,1,171),(232,232,1,172),(233,233,1,173),(234,234,1,174),(235,235,1,175),(236,236,1,176),(237,237,1,177),(238,238,1,178),(239,239,1,179),(240,240,1,180),(241,241,1,181),(242,242,1,182),(243,243,1,183),(244,244,1,184),(245,245,1,185);
/*!40000 ALTER TABLE `admin_permissions_role_links` ENABLE KEYS */;
UNLOCK TABLES;

--
-- Table structure for table `admin_roles`
--

DROP TABLE IF EXISTS `admin_roles`;
/*!40101 SET @saved_cs_client     = @@character_set_client */;
/*!50503 SET character_set_client = utf8mb4 */;
CREATE TABLE `admin_roles` (
  `id` int unsigned NOT NULL AUTO_INCREMENT,
  `name` varchar(255) DEFAULT NULL,
  `code` varchar(255) DEFAULT NULL,
  `description` varchar(255) DEFAULT NULL,
  `created_at` datetime(6) DEFAULT NULL,
  `updated_at` datetime(6) DEFAULT NULL,
  `created_by_id` int unsigned DEFAULT NULL,
  `updated_by_id` int unsigned DEFAULT NULL,
  PRIMARY KEY (`id`),
  KEY `admin_roles_created_by_id_fk` (`created_by_id`),
  KEY `admin_roles_updated_by_id_fk` (`updated_by_id`),
  CONSTRAINT `admin_roles_created_by_id_fk` FOREIGN KEY (`created_by_id`) REFERENCES `admin_users` (`id`) ON DELETE SET NULL,
  CONSTRAINT `admin_roles_updated_by_id_fk` FOREIGN KEY (`updated_by_id`) REFERENCES `admin_users` (`id`) ON DELETE SET NULL
) ENGINE=InnoDB AUTO_INCREMENT=4 DEFAULT CHARSET=utf8mb4 COLLATE=utf8mb4_0900_ai_ci;
/*!40101 SET character_set_client = @saved_cs_client */;

--
-- Dumping data for table `admin_roles`
--

LOCK TABLES `admin_roles` WRITE;
/*!40000 ALTER TABLE `admin_roles` DISABLE KEYS */;
INSERT INTO `admin_roles` VALUES (1,'Super Admin','strapi-super-admin','Super Admins can access and manage all features and settings.','2024-05-21 02:13:28.156000','2024-05-21 02:13:28.156000',NULL,NULL),(2,'Editor','strapi-editor','Editors can manage and publish contents including those of other users.','2024-05-21 02:13:28.172000','2024-05-21 02:13:28.172000',NULL,NULL),(3,'Author','strapi-author','Authors can manage the content they have created.','2024-05-21 02:13:28.182000','2024-05-21 02:13:28.182000',NULL,NULL);
/*!40000 ALTER TABLE `admin_roles` ENABLE KEYS */;
UNLOCK TABLES;

--
-- Table structure for table `admin_users`
--

DROP TABLE IF EXISTS `admin_users`;
/*!40101 SET @saved_cs_client     = @@character_set_client */;
/*!50503 SET character_set_client = utf8mb4 */;
CREATE TABLE `admin_users` (
  `id` int unsigned NOT NULL AUTO_INCREMENT,
  `firstname` varchar(255) DEFAULT NULL,
  `lastname` varchar(255) DEFAULT NULL,
  `username` varchar(255) DEFAULT NULL,
  `email` varchar(255) DEFAULT NULL,
  `password` varchar(255) DEFAULT NULL,
  `reset_password_token` varchar(255) DEFAULT NULL,
  `registration_token` varchar(255) DEFAULT NULL,
  `is_active` tinyint(1) DEFAULT NULL,
  `blocked` tinyint(1) DEFAULT NULL,
  `prefered_language` varchar(255) DEFAULT NULL,
  `created_at` datetime(6) DEFAULT NULL,
  `updated_at` datetime(6) DEFAULT NULL,
  `created_by_id` int unsigned DEFAULT NULL,
  `updated_by_id` int unsigned DEFAULT NULL,
  PRIMARY KEY (`id`),
  KEY `admin_users_created_by_id_fk` (`created_by_id`),
  KEY `admin_users_updated_by_id_fk` (`updated_by_id`),
  CONSTRAINT `admin_users_created_by_id_fk` FOREIGN KEY (`created_by_id`) REFERENCES `admin_users` (`id`) ON DELETE SET NULL,
  CONSTRAINT `admin_users_updated_by_id_fk` FOREIGN KEY (`updated_by_id`) REFERENCES `admin_users` (`id`) ON DELETE SET NULL
) ENGINE=InnoDB AUTO_INCREMENT=2 DEFAULT CHARSET=utf8mb4 COLLATE=utf8mb4_0900_ai_ci;
/*!40101 SET character_set_client = @saved_cs_client */;

--
-- Dumping data for table `admin_users`
--

LOCK TABLES `admin_users` WRITE;
/*!40000 ALTER TABLE `admin_users` DISABLE KEYS */;
INSERT INTO `admin_users` VALUES (1,'Domenico',NULL,NULL,'dagostino.dom03@gmail.com','$2a$10$jrWpGm0ftT65U8HPHlJxt.cFCqkEW9aNuQNN84j/0y245yGEHD1eS',NULL,NULL,1,0,NULL,'2024-05-21 02:13:52.268000','2024-05-21 02:13:52.268000',NULL,NULL);
/*!40000 ALTER TABLE `admin_users` ENABLE KEYS */;
UNLOCK TABLES;

--
-- Table structure for table `admin_users_roles_links`
--

DROP TABLE IF EXISTS `admin_users_roles_links`;
/*!40101 SET @saved_cs_client     = @@character_set_client */;
/*!50503 SET character_set_client = utf8mb4 */;
CREATE TABLE `admin_users_roles_links` (
  `id` int unsigned NOT NULL AUTO_INCREMENT,
  `user_id` int unsigned DEFAULT NULL,
  `role_id` int unsigned DEFAULT NULL,
  `role_order` double unsigned DEFAULT NULL,
  `user_order` double unsigned DEFAULT NULL,
  PRIMARY KEY (`id`),
  UNIQUE KEY `admin_users_roles_links_unique` (`user_id`,`role_id`),
  KEY `admin_users_roles_links_fk` (`user_id`),
  KEY `admin_users_roles_links_inv_fk` (`role_id`),
  KEY `admin_users_roles_links_order_fk` (`role_order`),
  KEY `admin_users_roles_links_order_inv_fk` (`user_order`),
  CONSTRAINT `admin_users_roles_links_fk` FOREIGN KEY (`user_id`) REFERENCES `admin_users` (`id`) ON DELETE CASCADE,
  CONSTRAINT `admin_users_roles_links_inv_fk` FOREIGN KEY (`role_id`) REFERENCES `admin_roles` (`id`) ON DELETE CASCADE
) ENGINE=InnoDB AUTO_INCREMENT=2 DEFAULT CHARSET=utf8mb4 COLLATE=utf8mb4_0900_ai_ci;
/*!40101 SET character_set_client = @saved_cs_client */;

--
-- Dumping data for table `admin_users_roles_links`
--

LOCK TABLES `admin_users_roles_links` WRITE;
/*!40000 ALTER TABLE `admin_users_roles_links` DISABLE KEYS */;
INSERT INTO `admin_users_roles_links` VALUES (1,1,1,1,1);
/*!40000 ALTER TABLE `admin_users_roles_links` ENABLE KEYS */;
UNLOCK TABLES;

--
-- Table structure for table `articoli_gdprs`
--

DROP TABLE IF EXISTS `articoli_gdprs`;
/*!40101 SET @saved_cs_client     = @@character_set_client */;
/*!50503 SET character_set_client = utf8mb4 */;
CREATE TABLE `articoli_gdprs` (
  `id` int unsigned NOT NULL AUTO_INCREMENT,
  `nome` varchar(255) DEFAULT NULL,
  `created_at` datetime(6) DEFAULT NULL,
  `updated_at` datetime(6) DEFAULT NULL,
  `created_by_id` int unsigned DEFAULT NULL,
  `updated_by_id` int unsigned DEFAULT NULL,
  `identificatore` int DEFAULT NULL,
  PRIMARY KEY (`id`),
  KEY `articoli_gdprs_created_by_id_fk` (`created_by_id`),
  KEY `articoli_gdprs_updated_by_id_fk` (`updated_by_id`),
  CONSTRAINT `articoli_gdprs_created_by_id_fk` FOREIGN KEY (`created_by_id`) REFERENCES `admin_users` (`id`) ON DELETE SET NULL,
  CONSTRAINT `articoli_gdprs_updated_by_id_fk` FOREIGN KEY (`updated_by_id`) REFERENCES `admin_users` (`id`) ON DELETE SET NULL
) ENGINE=InnoDB AUTO_INCREMENT=13 DEFAULT CHARSET=utf8mb4 COLLATE=utf8mb4_0900_ai_ci;
/*!40101 SET character_set_client = @saved_cs_client */;

--
-- Dumping data for table `articoli_gdprs`
--

LOCK TABLES `articoli_gdprs` WRITE;
/*!40000 ALTER TABLE `articoli_gdprs` DISABLE KEYS */;
INSERT INTO `articoli_gdprs` VALUES (1,'Security of processing','2024-05-21 14:11:50.191000','2024-06-05 16:34:35.387000',1,1,32),(2,'Data protection by design and by default','2024-05-21 14:13:01.096000','2024-06-05 16:34:44.476000',1,1,25),(3,'Principles relating to processing of personal data','2024-05-21 14:13:57.238000','2024-06-05 16:34:51.281000',1,1,5),(4,'Notification of a personal data breach to the supervisory authority','2024-05-21 14:15:17.910000','2024-06-05 16:34:58.326000',1,1,33),(5,'Communication of a personal data breach to the data subject','2024-05-21 14:15:44.035000','2024-06-05 16:34:24.557000',1,1,34),(6,'Transparent information, communication and modalities for the exercise of the rights of the data subject','2024-05-21 14:16:18.428000','2024-06-05 16:35:05.575000',1,1,12),(7,'Data protection impact assessment','2024-05-21 14:16:47.619000','2024-06-05 16:35:21.144000',1,1,35),(8,'Processor','2024-05-21 14:17:24.018000','2024-06-05 16:35:28.670000',1,1,28),(9,'Information to be provided where personal data are collected from the data subject','2024-05-21 14:18:05.364000','2024-06-05 16:35:38.876000',1,1,13),(10,'Lawfulness of processing','2024-05-21 14:18:36.407000','2024-06-05 16:35:49.613000',1,1,6),(11,'Conditions for consent','2024-05-21 14:18:52.614000','2024-06-05 16:36:03.091000',1,1,7),(12,'arevenga','2024-06-08 17:46:44.553000','2024-06-08 17:46:56.291000',NULL,NULL,4000);
/*!40000 ALTER TABLE `articoli_gdprs` ENABLE KEYS */;
UNLOCK TABLES;

--
-- Table structure for table `articoli_gdprs_patterns_links`
--

DROP TABLE IF EXISTS `articoli_gdprs_patterns_links`;
/*!40101 SET @saved_cs_client     = @@character_set_client */;
/*!50503 SET character_set_client = utf8mb4 */;
CREATE TABLE `articoli_gdprs_patterns_links` (
  `id` int unsigned NOT NULL AUTO_INCREMENT,
  `articoli_gdpr_id` int unsigned DEFAULT NULL,
  `pattern_id` int unsigned DEFAULT NULL,
  `pattern_order` double unsigned DEFAULT NULL,
  `articoli_gdpr_order` double unsigned DEFAULT NULL,
  PRIMARY KEY (`id`),
  UNIQUE KEY `articoli_gdprs_patterns_links_unique` (`articoli_gdpr_id`,`pattern_id`),
  KEY `articoli_gdprs_patterns_links_fk` (`articoli_gdpr_id`),
  KEY `articoli_gdprs_patterns_links_inv_fk` (`pattern_id`),
  KEY `articoli_gdprs_patterns_links_order_fk` (`pattern_order`),
  KEY `articoli_gdprs_patterns_links_order_inv_fk` (`articoli_gdpr_order`),
  CONSTRAINT `articoli_gdprs_patterns_links_fk` FOREIGN KEY (`articoli_gdpr_id`) REFERENCES `articoli_gdprs` (`id`) ON DELETE CASCADE,
  CONSTRAINT `articoli_gdprs_patterns_links_inv_fk` FOREIGN KEY (`pattern_id`) REFERENCES `patterns` (`id`) ON DELETE CASCADE
) ENGINE=InnoDB AUTO_INCREMENT=74 DEFAULT CHARSET=utf8mb4 COLLATE=utf8mb4_0900_ai_ci;
/*!40101 SET character_set_client = @saved_cs_client */;

--
-- Dumping data for table `articoli_gdprs_patterns_links`
--

LOCK TABLES `articoli_gdprs_patterns_links` WRITE;
/*!40000 ALTER TABLE `articoli_gdprs_patterns_links` DISABLE KEYS */;
INSERT INTO `articoli_gdprs_patterns_links` VALUES (1,1,24,8,1),(2,1,22,7,1),(3,1,15,6,1),(4,1,14,5,1),(5,1,9,4,1),(6,1,7,3,1),(7,1,5,2,1),(8,1,3,1,1),(9,1,1,0,1),(10,2,25,8,1),(11,2,23,7,1),(12,2,13,6,1),(13,2,12,5,1),(14,2,8,4,1),(15,2,7,3,2),(16,2,6,2,1),(17,2,2,1,1),(18,3,19,2,1),(19,3,16,1,1),(20,3,2,0,2),(21,4,4,0,1),(22,5,4,0,2),(23,6,17,1,1),(24,6,6,0,2),(25,7,10,0,1),(26,8,11,0,1),(27,9,20,0,1),(28,10,21,0,1),(29,11,21,0,2),(30,5,27,1,1),(34,12,14,1,2),(36,3,34,3,1),(37,5,34,2,2),(39,4,34,1,3),(42,6,34,2,4),(71,1,29,9,1);
/*!40000 ALTER TABLE `articoli_gdprs_patterns_links` ENABLE KEYS */;
UNLOCK TABLES;

--
-- Table structure for table `cwe_top_25_weaknesses`
--

DROP TABLE IF EXISTS `cwe_top_25_weaknesses`;
/*!40101 SET @saved_cs_client     = @@character_set_client */;
/*!50503 SET character_set_client = utf8mb4 */;
CREATE TABLE `cwe_top_25_weaknesses` (
  `id` int unsigned NOT NULL AUTO_INCREMENT,
  `identificatore` varchar(255) DEFAULT NULL,
  `created_at` datetime(6) DEFAULT NULL,
  `updated_at` datetime(6) DEFAULT NULL,
  `published_at` datetime(6) DEFAULT NULL,
  `created_by_id` int unsigned DEFAULT NULL,
  `updated_by_id` int unsigned DEFAULT NULL,
  `nome` longtext,
  PRIMARY KEY (`id`),
  KEY `cwe_top_25_weaknesses_created_by_id_fk` (`created_by_id`),
  KEY `cwe_top_25_weaknesses_updated_by_id_fk` (`updated_by_id`),
  CONSTRAINT `cwe_top_25_weaknesses_created_by_id_fk` FOREIGN KEY (`created_by_id`) REFERENCES `admin_users` (`id`) ON DELETE SET NULL,
  CONSTRAINT `cwe_top_25_weaknesses_updated_by_id_fk` FOREIGN KEY (`updated_by_id`) REFERENCES `admin_users` (`id`) ON DELETE SET NULL
) ENGINE=InnoDB AUTO_INCREMENT=19 DEFAULT CHARSET=utf8mb4 COLLATE=utf8mb4_0900_ai_ci;
/*!40101 SET character_set_client = @saved_cs_client */;

--
-- Dumping data for table `cwe_top_25_weaknesses`
--

LOCK TABLES `cwe_top_25_weaknesses` WRITE;
/*!40000 ALTER TABLE `cwe_top_25_weaknesses` DISABLE KEYS */;
INSERT INTO `cwe_top_25_weaknesses` VALUES (1,'CWE-306','2024-05-21 13:15:35.141000','2024-06-05 16:36:43.459000','2024-05-21 14:06:48.768000',1,1,'Missing Authentication for Critical Function'),(2,'CWE-269','2024-05-21 13:16:14.413000','2024-06-05 16:36:56.142000','2024-05-21 14:06:48.768000',1,1,'Improper Privilege Management'),(3,'CWE-798','2024-05-21 13:16:38.379000','2024-06-05 16:37:12.593000','2024-05-21 14:06:48.768000',1,1,'Use of Hard-coded Credentials'),(4,'CWE-287','2024-05-21 13:17:14.489000','2024-06-05 16:37:24.698000','2024-05-21 14:06:48.768000',1,1,'Improper Authentication'),(5,'CWE-434','2024-05-21 13:17:51.498000','2024-06-05 16:37:35.339000','2024-05-21 14:06:48.768000',1,1,'Unrestricted Upload of File with Dangerous Type'),(6,'CWE-502','2024-05-21 13:19:30.574000','2024-06-05 16:37:44.331000','2024-05-21 14:06:48.768000',1,1,' Deserialization of Untrusted Data'),(7,'CWE-22','2024-05-21 13:19:54.563000','2024-06-05 16:38:04.338000','2024-05-21 14:06:48.768000',1,1,' Improper Limitation of a Pathname to a Restricted Directory (\'Path Traversal\')'),(8,'CWE-862','2024-05-21 13:20:30.688000','2024-06-05 16:38:19.885000','2024-05-21 14:06:48.768000',1,1,'Missing Authorization'),(9,'CWE-863','2024-05-21 13:20:59.550000','2024-06-05 16:38:25.175000','2024-05-21 14:06:48.768000',1,1,'Incorrect Authorization'),(10,'CWE-276','2024-05-21 13:21:38.247000','2024-06-05 16:38:38.188000','2024-05-21 14:06:48.768000',1,1,'Incorrect Default Permissions'),(11,'CWE-20','2024-05-21 13:29:13.072000','2024-06-05 16:39:01.939000','2024-05-21 14:06:48.768000',1,1,'Improper Input Validation'),(12,'CWE-79','2024-05-21 13:29:34.294000','2024-06-05 16:39:22.541000','2024-05-21 14:06:48.768000',1,1,'Improper Neutralization of Input During Web Page Generation (\'Cross-site Scripting\')'),(13,'CWE-89','2024-05-21 13:30:18.286000','2024-06-05 16:39:28.606000','2024-05-21 14:06:48.768000',1,1,'Improper Neutralization of Special Elements used in an SQL Command (\'SQL Injection\')'),(14,'CWE-78','2024-05-21 13:30:57.484000','2024-06-05 16:39:50.265000','2024-05-21 14:06:48.768000',1,1,'Improper Neutralization of Special Elements used in an OS Command (\'OS Command Injection\')'),(15,'CWE-77','2024-05-21 13:31:41.990000','2024-06-05 16:40:03.753000','2024-05-21 14:06:48.768000',1,1,'Improper Neutralization of Special Elements used in a Command (\'Command Injection\')'),(16,'CWE-94','2024-05-21 13:31:55.022000','2024-06-05 16:40:17.795000','2024-05-21 14:06:48.768000',1,1,'Improper Control of Generation of Code (\'Code Injection\')'),(17,'CWE-918','2024-05-21 14:01:06.977000','2024-06-05 16:40:39.130000','2024-05-21 14:06:48.768000',1,1,'Server-Side Request Forgery (SSRF)'),(18,'000000','2024-06-08 17:47:14.462000','2024-06-08 17:47:14.462000','2024-06-08 17:47:14.453000',NULL,NULL,'dadada');
/*!40000 ALTER TABLE `cwe_top_25_weaknesses` ENABLE KEYS */;
UNLOCK TABLES;

--
-- Table structure for table `cwe_top_25_weaknesses_patterns_links`
--

DROP TABLE IF EXISTS `cwe_top_25_weaknesses_patterns_links`;
/*!40101 SET @saved_cs_client     = @@character_set_client */;
/*!50503 SET character_set_client = utf8mb4 */;
CREATE TABLE `cwe_top_25_weaknesses_patterns_links` (
  `id` int unsigned NOT NULL AUTO_INCREMENT,
  `cwe_top_25_weakness_id` int unsigned DEFAULT NULL,
  `pattern_id` int unsigned DEFAULT NULL,
  `pattern_order` double unsigned DEFAULT NULL,
  `cwe_top_25_weakness_order` double unsigned DEFAULT NULL,
  PRIMARY KEY (`id`),
  UNIQUE KEY `cwe_top_25_weaknesses_patterns_links_unique` (`cwe_top_25_weakness_id`,`pattern_id`),
  KEY `cwe_top_25_weaknesses_patterns_links_fk` (`cwe_top_25_weakness_id`),
  KEY `cwe_top_25_weaknesses_patterns_links_inv_fk` (`pattern_id`),
  KEY `cwe_top_25_weaknesses_patterns_links_order_fk` (`pattern_order`),
  KEY `cwe_top_25_weaknesses_patterns_links_order_inv_fk` (`cwe_top_25_weakness_order`),
  CONSTRAINT `cwe_top_25_weaknesses_patterns_links_fk` FOREIGN KEY (`cwe_top_25_weakness_id`) REFERENCES `cwe_top_25_weaknesses` (`id`) ON DELETE CASCADE,
  CONSTRAINT `cwe_top_25_weaknesses_patterns_links_inv_fk` FOREIGN KEY (`pattern_id`) REFERENCES `patterns` (`id`) ON DELETE CASCADE
) ENGINE=InnoDB AUTO_INCREMENT=155 DEFAULT CHARSET=utf8mb4 COLLATE=utf8mb4_0900_ai_ci;
/*!40101 SET character_set_client = @saved_cs_client */;

--
-- Dumping data for table `cwe_top_25_weaknesses_patterns_links`
--

LOCK TABLES `cwe_top_25_weaknesses_patterns_links` WRITE;
/*!40000 ALTER TABLE `cwe_top_25_weaknesses_patterns_links` DISABLE KEYS */;
INSERT INTO `cwe_top_25_weaknesses_patterns_links` VALUES (1,1,3,2,1),(2,1,1,1,1),(3,2,3,2,2),(4,2,2,1,1),(5,3,1,1,2),(6,4,1,1,3),(7,5,2,1,2),(8,5,3,2,3),(9,3,3,2,4),(10,4,3,2,5),(11,6,4,1,1),(12,7,5,1,1),(13,8,5,1,2),(14,9,5,1,3),(15,10,5,1,4),(16,1,5,3,5),(17,3,5,3,6),(18,4,5,3,7),(19,2,6,3,1),(20,5,6,3,2),(21,2,7,4,1),(22,5,7,4,2),(23,1,7,4,3),(24,3,7,4,4),(25,4,7,4,5),(26,6,7,2,6),(27,2,8,5,1),(28,5,8,5,2),(29,7,9,2,1),(30,8,9,2,2),(31,9,9,2,3),(32,10,9,2,4),(33,11,9,1,5),(34,12,9,1,6),(35,13,9,1,7),(36,14,9,1,8),(37,15,9,1,9),(38,16,9,1,10),(39,1,9,5,11),(40,3,9,5,12),(41,7,10,3,1),(42,8,10,3,2),(43,9,10,3,3),(44,10,10,3,4),(45,1,10,6,5),(46,3,10,6,6),(47,4,10,5,7),(48,1,11,7,1),(49,3,11,7,2),(50,4,11,6,3),(51,6,11,3,4),(52,1,12,8,1),(53,3,12,8,2),(54,4,12,7,3),(55,6,12,4,4),(56,6,13,5,1),(57,7,14,4,1),(58,8,14,4,2),(59,9,14,4,3),(60,10,14,4,4),(61,1,14,9,5),(62,3,14,9,6),(63,4,14,8,7),(64,1,15,10,1),(65,3,15,10,2),(66,4,15,9,3),(67,7,16,5,1),(68,8,16,5,2),(69,9,16,5,3),(70,10,16,5,4),(71,2,17,6,1),(72,5,17,6,2),(73,1,17,11,3),(74,3,17,11,4),(75,4,17,10,5),(76,17,18,0,1),(77,6,19,6,1),(78,1,20,12,1),(79,3,20,12,2),(80,4,20,11,3),(81,6,20,7,4),(82,7,21,6,1),(83,8,21,6,2),(84,9,21,6,3),(85,10,21,6,4),(86,11,21,2,5),(87,12,21,2,6),(88,13,21,2,7),(89,14,21,2,8),(90,15,21,2,9),(91,16,21,2,10),(92,1,21,13,11),(93,7,22,7,1),(94,9,22,7,2),(95,8,22,7,3),(96,10,22,7,4),(97,6,22,8,5),(98,1,23,14,1),(99,3,23,13,2),(100,4,23,12,3),(101,6,24,9,1),(102,11,25,3,1),(103,12,25,3,2),(104,13,25,3,3),(105,14,25,3,4),(106,15,25,3,5),(107,16,25,3,6),(108,2,27,7,1),(150,1,34,15,1);
/*!40000 ALTER TABLE `cwe_top_25_weaknesses_patterns_links` ENABLE KEYS */;
UNLOCK TABLES;

--
-- Table structure for table `examples`
--

DROP TABLE IF EXISTS `examples`;
/*!40101 SET @saved_cs_client     = @@character_set_client */;
/*!50503 SET character_set_client = utf8mb4 */;
CREATE TABLE `examples` (
  `id` int unsigned NOT NULL AUTO_INCREMENT,
  `testo` longtext,
  `created_at` datetime(6) DEFAULT NULL,
  `updated_at` datetime(6) DEFAULT NULL,
  `created_by_id` int unsigned DEFAULT NULL,
  `updated_by_id` int unsigned DEFAULT NULL,
  PRIMARY KEY (`id`),
  KEY `examples_created_by_id_fk` (`created_by_id`),
  KEY `examples_updated_by_id_fk` (`updated_by_id`),
  CONSTRAINT `examples_created_by_id_fk` FOREIGN KEY (`created_by_id`) REFERENCES `admin_users` (`id`) ON DELETE SET NULL,
  CONSTRAINT `examples_updated_by_id_fk` FOREIGN KEY (`updated_by_id`) REFERENCES `admin_users` (`id`) ON DELETE SET NULL
) ENGINE=InnoDB AUTO_INCREMENT=27 DEFAULT CHARSET=utf8mb4 COLLATE=utf8mb4_0900_ai_ci;
/*!40101 SET character_set_client = @saved_cs_client */;

--
-- Dumping data for table `examples`
--

LOCK TABLES `examples` WRITE;
/*!40000 ALTER TABLE `examples` DISABLE KEYS */;
INSERT INTO `examples` VALUES (1,'Alice wants to buy shoes and she wants to shop online. She heads to an online shop and searches for shoes but can’t decide which ones she wants, so she buys neither of them. The next day she finds a couple of emails in her inbox, giving her suggestions for other shoes and alerting her that the viewed shoes are now on sale.','2024-05-21 11:27:59.581000','2024-05-21 11:27:59.581000',1,1),(2,'Twitter.com removes EXIF data from images uploaded to their image sharing service. Previously there have been many breaches of personal location by using EXIF data shared by image sharing services.','2024-05-21 11:28:44.059000','2024-05-21 11:28:44.059000',1,1),(3,'Flickr.com is a system features based on metadata, the metadata sharing is an important part of the community of users. Flickr.com allows users to hide their EXIF data from public display, and also provides an interface for users to easily see whether they are sharing location as part of uploading their images.','2024-05-21 11:29:03.976000','2024-05-21 11:29:03.976000',1,1),(4,'An electric utility operates a smart grid network with smart meters that provide measurements of the instantaneous power consumption of each user. The utility employs that information to both adapt the power distribution in a dynamic fashion, according to user demand at each moment, and bill the each client periodically, according to his aggregated consumption over the billing period. However, this information can also be exploited to infer sensitive user information (e.g. at what time he or she leaves and comes back to home, etc.)','2024-05-21 11:29:47.747000','2024-05-21 11:29:47.747000',1,1),(5,' Assume a [company] stores all employees\' data [through a controller\'s service]. There is a contractual agreement between [them] that each data leakage is reported within one hour. Now Bob, an employee of [the controller] and not authorized to read [the company\'s] data, succeeds in circumventing [the] access control mechanisms and reads [personal] data. This represents a data breach of which [the company] has to be notified within an hour.','2024-05-21 11:30:15.172000','2024-05-21 11:30:15.172000',1,1),(6,'Gmail displays information about other sessions (if any) in the footer, linking to a page named \"Activity on this account\" which lists other sessions and recent activities to the Gmail account. The user has the option to sign out other sessions. In case of annoying false positives, the user may choose to disable the alert for unusual activity. The disable takes about a week, \"to make sure the bad guys aren\'t the ones who turned off your alerts.\"','2024-05-21 11:31:27.612000','2024-05-21 11:31:27.612000',1,1),(7,' When Facebook detects an unusual sign-in, it shows \'social authentication\' that displays a few pictures of the user\'s friends and asks the user to name the person in those photos.','2024-05-21 11:31:43.173000','2024-05-21 11:31:43.173000',1,1),(8,'Many online organizations provide signals to their customers. Often they are publicly and freely available, but can also be purchased by third parties. The online auction site, eBay, for example, uses a reputation system to assist other buyers in feeling more comfortable purchasing from an unknown seller. Many other ecommerce sites (such as Amazon) rely heavily on the reputation and referral systems in order to help customers make a more informed decision.','2024-05-21 11:32:14.785000','2024-05-21 11:32:14.785000',1,1),(9,'Alice is a whistle-blower and tries to forward data to Bob who works at the press. She sends the corresponding documents as an e-mail-attachment. Eve monitors the traffic and can see who sent this mail to whom. The next day, police raids Alice\'s apartment and sends her to jail. Bobs mail account gets seized.','2024-05-21 11:32:44.161000','2024-05-21 11:32:44.161000',1,1),(10,'The TOR-browser, a web-browser specifically designed to ensure anonymity makes heavy use of onion routing.','2024-05-21 11:33:11.499000','2024-05-21 11:33:11.499000',1,1),(11,'Least Authority: secure off-site backup system with client side encryption.','2024-05-21 11:33:41.422000','2024-05-21 11:33:41.422000',1,1),(12,' LastPass: encrypted credentials and personal information database with user managed encryption keys.','2024-05-21 11:34:01.923000','2024-05-21 11:34:01.923000',1,1),(13,'Alice wants to search for an abortion clinic on Google, but she does not want to reveal her intentions of abort to an adversary that may be eavesdropping this search (e.g., ISP provider, system administrator of her workplace, etc).','2024-05-21 11:34:43.258000','2024-05-21 11:34:43.258000',1,1),(14,'An Identity Provider issues pseudonyms to authenticate users at third-party Service Providers, which can in turn check the authenticity of these pseudonyms at the Identity Provider, without getting to know the real user identity. However, the Identity Provider knows all the services requested by the users, which discloses personal information to the Identity Provider and allows it to profile the users.','2024-05-21 11:34:59.737000','2024-05-21 11:34:59.737000',1,1),(15,'A service provider subcontracts services, but requires that the data to be deleted after a certain time and that the service provider requires to be notified if there is further subcontracting.','2024-05-21 11:35:16.957000','2024-05-21 11:35:16.957000',1,1),(16,'When data is shared by an organisation they can use privacy preserving policy to enforce respecting user privacy by third party organisations that use, process and store such data. For example, a hospital may share data with third party organisations requiring adhering to specific privacy policies associated with the data.','2024-05-21 11:35:36.012000','2024-05-21 11:35:36.012000',1,1),(17,'In the health sector, patients want to keep control over their health data but also to grant specific access to some health professionals.','2024-05-21 11:35:58.663000','2024-05-21 11:35:58.663000',1,1),(18,'Wikipedia allows any visitor to modify its contents, even without having been authenticated. Some malicious visitors may vandalize the contents. If a visitor coming from the same IP address keeps vandalizing the site, they will earn a bad reputation, and their IP will be banned from modifying the contents anymore (however, users accessing through a Tor anonymity network proxy cannot be identified from their IPs, and thus their reputation cannot be tracked).','2024-05-21 11:36:20.413000','2024-05-21 11:36:20.413000',1,1),(19,'Yahoo! Fire Eagle allows user to provide location information to applications using eight different \"levels\" of granularity in their hierarchy: No information, As precise as possible, Postal code, Neighborhood, Town, Region, State and Country. Fire Eagle specifically requires that recipient applications be written to handle data at any of the levels, and allows updating the user\'s location at any level of granularity.','2024-05-21 11:36:36.602000','2024-05-21 11:36:36.602000',1,1),(20,'Twitter allows users to tag a tweet with either exact coordinates, a Twitter \"place\" (a town, neighborhood or venue) or both.','2024-05-21 11:36:53.100000','2024-05-21 11:36:53.100000',1,1),(21,'On Facebook, before publishing a post, you can set one of three levels of privacy for the post which can be \"Everyone\", \"Friends Only\", \"Private\". In the first case the post can be seen by any Facebook user, in the second case the post can only be seen by the friends of the post user, finally, in the last case the post is not visible to anyone except the owner.','2024-05-21 11:37:46.031000','2024-05-21 11:37:46.031000',1,1),(22,'We hire a healthcare center, data controller, an interested user and a subcontractor, provider of sensor networks for monitoring user health. This subcontractor requires additional specific, informed, explicit and freely given consent from you.','2024-05-21 11:38:14.357000','2024-05-21 11:38:14.357000',1,1),(23,' Unmonitored communications systems to ensure free speech. Pseudonymous messages do not allow us to trace the sender of the message.','2024-05-21 11:38:48.246000','2024-05-21 11:38:48.246000',1,1),(24,'Aims to provide some privacy, but it is important to be aware of the possible vulnerabilities in using a pseudonym , which can be countered by implementing additional security measures if necessary.','2024-05-21 11:41:09.200000','2024-05-21 11:41:09.200000',1,1),(25,'An electric utility operates a smart grid network with smart meters that provide measurements of the instantaneous power consumption of each user. The utility employs that information to adapt the power distribution in a dynamic fashion, according to the user demand at each moment.','2024-05-21 11:41:25.520000','2024-05-21 11:41:25.520000',1,1),(26,' Every system that involves the use of a password to protect personal data should implement a password generation tool. This system, in addition to generating passwords, must educate users to create secure passwords.','2024-05-21 11:41:48.769000','2024-05-21 11:41:48.769000',1,1);
/*!40000 ALTER TABLE `examples` ENABLE KEYS */;
UNLOCK TABLES;

--
-- Table structure for table `feedbacks`
--

DROP TABLE IF EXISTS `feedbacks`;
/*!40101 SET @saved_cs_client     = @@character_set_client */;
/*!50503 SET character_set_client = utf8mb4 */;
CREATE TABLE `feedbacks` (
  `id` int unsigned NOT NULL AUTO_INCREMENT,
  `commento` longtext,
  `created_at` datetime(6) DEFAULT NULL,
  `updated_at` datetime(6) DEFAULT NULL,
  `created_by_id` int unsigned DEFAULT NULL,
  `updated_by_id` int unsigned DEFAULT NULL,
  `collection` varchar(255) DEFAULT NULL,
  `name_of_object` varchar(255) DEFAULT NULL,
  PRIMARY KEY (`id`),
  KEY `feedbacks_created_by_id_fk` (`created_by_id`),
  KEY `feedbacks_updated_by_id_fk` (`updated_by_id`),
  CONSTRAINT `feedbacks_created_by_id_fk` FOREIGN KEY (`created_by_id`) REFERENCES `admin_users` (`id`) ON DELETE SET NULL,
  CONSTRAINT `feedbacks_updated_by_id_fk` FOREIGN KEY (`updated_by_id`) REFERENCES `admin_users` (`id`) ON DELETE SET NULL
) ENGINE=InnoDB AUTO_INCREMENT=33 DEFAULT CHARSET=utf8mb4 COLLATE=utf8mb4_0900_ai_ci;
/*!40101 SET character_set_client = @saved_cs_client */;

--
-- Dumping data for table `feedbacks`
--

LOCK TABLES `feedbacks` WRITE;
/*!40000 ALTER TABLE `feedbacks` DISABLE KEYS */;
INSERT INTO `feedbacks` VALUES (2,'Ogni tanto funziona','2024-05-31 15:47:01.883000','2024-05-31 15:47:01.883000',1,1,'Pattern','Added-noise measurement obfuscation'),(4,'vediamo ora dopo pt.6','2024-06-01 14:25:25.889000','2024-06-01 15:28:25.670000',NULL,1,'Pattern','Added-noise measurement obfuscation'),(27,'tentativo 50','2024-06-01 16:23:25.667000','2024-06-01 16:23:25.667000',NULL,NULL,'Pattern','Added-noise measurement obfuscation'),(28,'ddddd','2024-06-01 17:09:41.816000','2024-06-01 17:09:41.816000',NULL,NULL,'Pattern','Added-noise measurement obfuscation'),(29,'ti prego funziona','2024-06-01 17:19:12.494000','2024-06-01 17:19:12.494000',NULL,NULL,'Pattern','Minimal Information Asymmetry'),(30,'ciak 50','2024-06-01 17:21:11.370000','2024-06-01 17:21:11.370000',NULL,NULL,'Pattern','Added-noise measurement obfuscation'),(31,'okkkkk','2024-06-02 17:31:36.509000','2024-06-02 17:31:36.509000',NULL,NULL,'Pattern','Added-noise measurement obfuscation'),(32,'ddadadad','2024-06-04 17:05:28.311000','2024-06-04 17:05:28.311000',NULL,NULL,'Pattern','Onion Routing');
/*!40000 ALTER TABLE `feedbacks` ENABLE KEYS */;
UNLOCK TABLES;

--
-- Table structure for table `feedbacks_users_permissions_user_links`
--

DROP TABLE IF EXISTS `feedbacks_users_permissions_user_links`;
/*!40101 SET @saved_cs_client     = @@character_set_client */;
/*!50503 SET character_set_client = utf8mb4 */;
CREATE TABLE `feedbacks_users_permissions_user_links` (
  `id` int unsigned NOT NULL AUTO_INCREMENT,
  `feedback_id` int unsigned DEFAULT NULL,
  `user_id` int unsigned DEFAULT NULL,
  PRIMARY KEY (`id`),
  UNIQUE KEY `feedbacks_users_permissions_user_links_unique` (`feedback_id`,`user_id`),
  KEY `feedbacks_users_permissions_user_links_fk` (`feedback_id`),
  KEY `feedbacks_users_permissions_user_links_inv_fk` (`user_id`),
  CONSTRAINT `feedbacks_users_permissions_user_links_fk` FOREIGN KEY (`feedback_id`) REFERENCES `feedbacks` (`id`) ON DELETE CASCADE,
  CONSTRAINT `feedbacks_users_permissions_user_links_inv_fk` FOREIGN KEY (`user_id`) REFERENCES `up_users` (`id`) ON DELETE CASCADE
) ENGINE=InnoDB AUTO_INCREMENT=22 DEFAULT CHARSET=utf8mb4 COLLATE=utf8mb4_0900_ai_ci;
/*!40101 SET character_set_client = @saved_cs_client */;

--
-- Dumping data for table `feedbacks_users_permissions_user_links`
--

LOCK TABLES `feedbacks_users_permissions_user_links` WRITE;
/*!40000 ALTER TABLE `feedbacks_users_permissions_user_links` DISABLE KEYS */;
INSERT INTO `feedbacks_users_permissions_user_links` VALUES (2,2,2),(4,4,2),(16,27,5),(17,28,5),(18,29,5),(19,30,5),(20,31,5),(21,32,5);
/*!40000 ALTER TABLE `feedbacks_users_permissions_user_links` ENABLE KEYS */;
UNLOCK TABLES;

--
-- Table structure for table `files`
--

DROP TABLE IF EXISTS `files`;
/*!40101 SET @saved_cs_client     = @@character_set_client */;
/*!50503 SET character_set_client = utf8mb4 */;
CREATE TABLE `files` (
  `id` int unsigned NOT NULL AUTO_INCREMENT,
  `name` varchar(255) DEFAULT NULL,
  `alternative_text` varchar(255) DEFAULT NULL,
  `caption` varchar(255) DEFAULT NULL,
  `width` int DEFAULT NULL,
  `height` int DEFAULT NULL,
  `formats` json DEFAULT NULL,
  `hash` varchar(255) DEFAULT NULL,
  `ext` varchar(255) DEFAULT NULL,
  `mime` varchar(255) DEFAULT NULL,
  `size` decimal(10,2) DEFAULT NULL,
  `url` varchar(255) DEFAULT NULL,
  `preview_url` varchar(255) DEFAULT NULL,
  `provider` varchar(255) DEFAULT NULL,
  `provider_metadata` json DEFAULT NULL,
  `folder_path` varchar(255) DEFAULT NULL,
  `created_at` datetime(6) DEFAULT NULL,
  `updated_at` datetime(6) DEFAULT NULL,
  `created_by_id` int unsigned DEFAULT NULL,
  `updated_by_id` int unsigned DEFAULT NULL,
  PRIMARY KEY (`id`),
  KEY `upload_files_folder_path_index` (`folder_path`),
  KEY `upload_files_created_at_index` (`created_at`),
  KEY `upload_files_updated_at_index` (`updated_at`),
  KEY `upload_files_name_index` (`name`),
  KEY `upload_files_size_index` (`size`),
  KEY `upload_files_ext_index` (`ext`),
  KEY `files_created_by_id_fk` (`created_by_id`),
  KEY `files_updated_by_id_fk` (`updated_by_id`),
  CONSTRAINT `files_created_by_id_fk` FOREIGN KEY (`created_by_id`) REFERENCES `admin_users` (`id`) ON DELETE SET NULL,
  CONSTRAINT `files_updated_by_id_fk` FOREIGN KEY (`updated_by_id`) REFERENCES `admin_users` (`id`) ON DELETE SET NULL
) ENGINE=InnoDB AUTO_INCREMENT=2 DEFAULT CHARSET=utf8mb4 COLLATE=utf8mb4_0900_ai_ci;
/*!40101 SET character_set_client = @saved_cs_client */;

--
-- Dumping data for table `files`
--

LOCK TABLES `files` WRITE;
/*!40000 ALTER TABLE `files` DISABLE KEYS */;
INSERT INTO `files` VALUES (1,'favicon.png',NULL,NULL,64,64,NULL,'favicon_41272a7f65','.png','image/png',0.41,'/uploads/favicon_41272a7f65.png',NULL,'local',NULL,'/','2024-05-23 18:39:22.357000','2024-05-23 18:39:22.357000',1,1);
/*!40000 ALTER TABLE `files` ENABLE KEYS */;
UNLOCK TABLES;

--
-- Table structure for table `files_folder_links`
--

DROP TABLE IF EXISTS `files_folder_links`;
/*!40101 SET @saved_cs_client     = @@character_set_client */;
/*!50503 SET character_set_client = utf8mb4 */;
CREATE TABLE `files_folder_links` (
  `id` int unsigned NOT NULL AUTO_INCREMENT,
  `file_id` int unsigned DEFAULT NULL,
  `folder_id` int unsigned DEFAULT NULL,
  `file_order` double unsigned DEFAULT NULL,
  PRIMARY KEY (`id`),
  UNIQUE KEY `files_folder_links_unique` (`file_id`,`folder_id`),
  KEY `files_folder_links_fk` (`file_id`),
  KEY `files_folder_links_inv_fk` (`folder_id`),
  KEY `files_folder_links_order_inv_fk` (`file_order`),
  CONSTRAINT `files_folder_links_fk` FOREIGN KEY (`file_id`) REFERENCES `files` (`id`) ON DELETE CASCADE,
  CONSTRAINT `files_folder_links_inv_fk` FOREIGN KEY (`folder_id`) REFERENCES `upload_folders` (`id`) ON DELETE CASCADE
) ENGINE=InnoDB DEFAULT CHARSET=utf8mb4 COLLATE=utf8mb4_0900_ai_ci;
/*!40101 SET character_set_client = @saved_cs_client */;

--
-- Dumping data for table `files_folder_links`
--

LOCK TABLES `files_folder_links` WRITE;
/*!40000 ALTER TABLE `files_folder_links` DISABLE KEYS */;
/*!40000 ALTER TABLE `files_folder_links` ENABLE KEYS */;
UNLOCK TABLES;

--
-- Table structure for table `files_related_morphs`
--

DROP TABLE IF EXISTS `files_related_morphs`;
/*!40101 SET @saved_cs_client     = @@character_set_client */;
/*!50503 SET character_set_client = utf8mb4 */;
CREATE TABLE `files_related_morphs` (
  `id` int unsigned NOT NULL AUTO_INCREMENT,
  `file_id` int unsigned DEFAULT NULL,
  `related_id` int unsigned DEFAULT NULL,
  `related_type` varchar(255) DEFAULT NULL,
  `field` varchar(255) DEFAULT NULL,
  `order` double unsigned DEFAULT NULL,
  PRIMARY KEY (`id`),
  KEY `files_related_morphs_fk` (`file_id`),
  KEY `files_related_morphs_order_index` (`order`),
  KEY `files_related_morphs_id_column_index` (`related_id`),
  CONSTRAINT `files_related_morphs_fk` FOREIGN KEY (`file_id`) REFERENCES `files` (`id`) ON DELETE CASCADE
) ENGINE=InnoDB AUTO_INCREMENT=2 DEFAULT CHARSET=utf8mb4 COLLATE=utf8mb4_0900_ai_ci;
/*!40101 SET character_set_client = @saved_cs_client */;

--
-- Dumping data for table `files_related_morphs`
--

LOCK TABLES `files_related_morphs` WRITE;
/*!40000 ALTER TABLE `files_related_morphs` DISABLE KEYS */;
INSERT INTO `files_related_morphs` VALUES (1,1,1,'api::landing-page.landing-page','icon',1);
/*!40000 ALTER TABLE `files_related_morphs` ENABLE KEYS */;
UNLOCK TABLES;

--
-- Table structure for table `i18n_locale`
--

DROP TABLE IF EXISTS `i18n_locale`;
/*!40101 SET @saved_cs_client     = @@character_set_client */;
/*!50503 SET character_set_client = utf8mb4 */;
CREATE TABLE `i18n_locale` (
  `id` int unsigned NOT NULL AUTO_INCREMENT,
  `name` varchar(255) DEFAULT NULL,
  `code` varchar(255) DEFAULT NULL,
  `created_at` datetime(6) DEFAULT NULL,
  `updated_at` datetime(6) DEFAULT NULL,
  `created_by_id` int unsigned DEFAULT NULL,
  `updated_by_id` int unsigned DEFAULT NULL,
  PRIMARY KEY (`id`),
  KEY `i18n_locale_created_by_id_fk` (`created_by_id`),
  KEY `i18n_locale_updated_by_id_fk` (`updated_by_id`),
  CONSTRAINT `i18n_locale_created_by_id_fk` FOREIGN KEY (`created_by_id`) REFERENCES `admin_users` (`id`) ON DELETE SET NULL,
  CONSTRAINT `i18n_locale_updated_by_id_fk` FOREIGN KEY (`updated_by_id`) REFERENCES `admin_users` (`id`) ON DELETE SET NULL
) ENGINE=InnoDB AUTO_INCREMENT=2 DEFAULT CHARSET=utf8mb4 COLLATE=utf8mb4_0900_ai_ci;
/*!40101 SET character_set_client = @saved_cs_client */;

--
-- Dumping data for table `i18n_locale`
--

LOCK TABLES `i18n_locale` WRITE;
/*!40000 ALTER TABLE `i18n_locale` DISABLE KEYS */;
INSERT INTO `i18n_locale` VALUES (1,'English (en)','en','2024-05-21 02:13:28.086000','2024-05-21 02:13:28.086000',NULL,NULL);
/*!40000 ALTER TABLE `i18n_locale` ENABLE KEYS */;
UNLOCK TABLES;

--
-- Table structure for table `iso_9241_210_phases`
--

DROP TABLE IF EXISTS `iso_9241_210_phases`;
/*!40101 SET @saved_cs_client     = @@character_set_client */;
/*!50503 SET character_set_client = utf8mb4 */;
CREATE TABLE `iso_9241_210_phases` (
  `id` int unsigned NOT NULL AUTO_INCREMENT,
  `nome` varchar(255) DEFAULT NULL,
  `created_at` datetime(6) DEFAULT NULL,
  `updated_at` datetime(6) DEFAULT NULL,
  `published_at` datetime(6) DEFAULT NULL,
  `created_by_id` int unsigned DEFAULT NULL,
  `updated_by_id` int unsigned DEFAULT NULL,
  `identificatore` decimal(10,2) DEFAULT NULL,
  PRIMARY KEY (`id`),
  KEY `iso_9241_210_phases_created_by_id_fk` (`created_by_id`),
  KEY `iso_9241_210_phases_updated_by_id_fk` (`updated_by_id`),
  CONSTRAINT `iso_9241_210_phases_created_by_id_fk` FOREIGN KEY (`created_by_id`) REFERENCES `admin_users` (`id`) ON DELETE SET NULL,
  CONSTRAINT `iso_9241_210_phases_updated_by_id_fk` FOREIGN KEY (`updated_by_id`) REFERENCES `admin_users` (`id`) ON DELETE SET NULL
) ENGINE=InnoDB AUTO_INCREMENT=7 DEFAULT CHARSET=utf8mb4 COLLATE=utf8mb4_0900_ai_ci;
/*!40101 SET character_set_client = @saved_cs_client */;

--
-- Dumping data for table `iso_9241_210_phases`
--

LOCK TABLES `iso_9241_210_phases` WRITE;
/*!40000 ALTER TABLE `iso_9241_210_phases` DISABLE KEYS */;
INSERT INTO `iso_9241_210_phases` VALUES (1,'Producing design solutions','2024-05-21 14:22:26.221000','2024-06-08 16:38:16.825000','2024-05-21 15:56:02.849000',1,1,7.40),(2,'Specify the requirements','2024-05-21 14:23:06.719000','2024-06-05 16:41:17.242000','2024-05-21 15:56:02.849000',1,1,7.30),(3,'Understanding and specifying the context of use','2024-05-21 14:24:06.531000','2024-06-05 16:41:30.968000','2024-05-21 15:56:02.849000',1,1,7.20),(4,'Evaluating the design','2024-05-21 14:24:55.368000','2024-06-05 16:41:39.612000','2024-05-21 15:56:02.849000',1,1,7.50),(5,'Plan the human-centered design process','2024-05-21 14:25:23.361000','2024-06-05 16:41:53.167000','2024-05-21 15:56:02.849000',1,1,6.00),(6,'ssss','2024-06-08 17:47:30.818000','2024-06-08 17:47:30.818000','2024-06-08 17:47:30.813000',NULL,NULL,200.00);
/*!40000 ALTER TABLE `iso_9241_210_phases` ENABLE KEYS */;
UNLOCK TABLES;

--
-- Table structure for table `iso_9241_210_phases_patterns_links`
--

DROP TABLE IF EXISTS `iso_9241_210_phases_patterns_links`;
/*!40101 SET @saved_cs_client     = @@character_set_client */;
/*!50503 SET character_set_client = utf8mb4 */;
CREATE TABLE `iso_9241_210_phases_patterns_links` (
  `id` int unsigned NOT NULL AUTO_INCREMENT,
  `iso_9241_210_phase_id` int unsigned DEFAULT NULL,
  `pattern_id` int unsigned DEFAULT NULL,
  `pattern_order` double unsigned DEFAULT NULL,
  `iso_9241_210_phase_order` double unsigned DEFAULT NULL,
  PRIMARY KEY (`id`),
  UNIQUE KEY `iso_9241_210_phases_patterns_links_unique` (`iso_9241_210_phase_id`,`pattern_id`),
  KEY `iso_9241_210_phases_patterns_links_fk` (`iso_9241_210_phase_id`),
  KEY `iso_9241_210_phases_patterns_links_inv_fk` (`pattern_id`),
  KEY `iso_9241_210_phases_patterns_links_order_fk` (`pattern_order`),
  KEY `iso_9241_210_phases_patterns_links_order_inv_fk` (`iso_9241_210_phase_order`),
  CONSTRAINT `iso_9241_210_phases_patterns_links_fk` FOREIGN KEY (`iso_9241_210_phase_id`) REFERENCES `iso_9241_210_phases` (`id`) ON DELETE CASCADE,
  CONSTRAINT `iso_9241_210_phases_patterns_links_inv_fk` FOREIGN KEY (`pattern_id`) REFERENCES `patterns` (`id`) ON DELETE CASCADE
) ENGINE=InnoDB AUTO_INCREMENT=54 DEFAULT CHARSET=utf8mb4 COLLATE=utf8mb4_0900_ai_ci;
/*!40101 SET character_set_client = @saved_cs_client */;

--
-- Dumping data for table `iso_9241_210_phases_patterns_links`
--

LOCK TABLES `iso_9241_210_phases_patterns_links` WRITE;
/*!40000 ALTER TABLE `iso_9241_210_phases_patterns_links` DISABLE KEYS */;
INSERT INTO `iso_9241_210_phases_patterns_links` VALUES (1,1,24,16,1),(2,1,22,15,1),(3,1,23,14,1),(4,1,16,13,1),(5,1,15,12,1),(6,1,14,11,1),(7,1,13,10,1),(8,1,12,9,1),(9,1,9,8,1),(10,1,8,7,1),(11,1,7,6,1),(12,1,5,5,1),(13,1,4,4,1),(14,1,3,3,1),(15,1,2,2,1),(16,1,1,1,1),(17,2,20,2,1),(18,2,5,1,2),(19,2,4,0,2),(20,3,25,8,1),(21,3,21,7,1),(22,3,20,6,2),(23,3,19,5,1),(24,3,18,4,1),(25,3,17,3,1),(26,3,15,2,2),(27,3,11,1,1),(28,3,6,0,1),(29,4,10,0,1),(30,5,19,0,2),(31,1,27,17,1),(51,1,32,18,1);
/*!40000 ALTER TABLE `iso_9241_210_phases_patterns_links` ENABLE KEYS */;
UNLOCK TABLES;

--
-- Table structure for table `iso_9241_210_phases_privacy_by_design_principles_links`
--

DROP TABLE IF EXISTS `iso_9241_210_phases_privacy_by_design_principles_links`;
/*!40101 SET @saved_cs_client     = @@character_set_client */;
/*!50503 SET character_set_client = utf8mb4 */;
CREATE TABLE `iso_9241_210_phases_privacy_by_design_principles_links` (
  `id` int unsigned NOT NULL AUTO_INCREMENT,
  `iso_9241_210_phase_id` int unsigned DEFAULT NULL,
  `privacy_by_design_principle_id` int unsigned DEFAULT NULL,
  `privacy_by_design_principle_order` double unsigned DEFAULT NULL,
  PRIMARY KEY (`id`),
  UNIQUE KEY `iso_9241_210_phases_privacy_by_design_principles_links_unique` (`iso_9241_210_phase_id`,`privacy_by_design_principle_id`),
  KEY `iso_9241_210_phases_privacy_by_design_principles_links_fk` (`iso_9241_210_phase_id`),
  KEY `iso_9241_210_phases_privacy_by_design_principles_links_inv_fk` (`privacy_by_design_principle_id`),
  KEY `iso_9241_210_phases_privacy_by_design_principles_links_order_fk` (`privacy_by_design_principle_order`),
  CONSTRAINT `iso_9241_210_phases_privacy_by_design_principles_links_fk` FOREIGN KEY (`iso_9241_210_phase_id`) REFERENCES `iso_9241_210_phases` (`id`) ON DELETE CASCADE,
  CONSTRAINT `iso_9241_210_phases_privacy_by_design_principles_links_inv_fk` FOREIGN KEY (`privacy_by_design_principle_id`) REFERENCES `privacy_by_design_principles` (`id`) ON DELETE CASCADE
) ENGINE=InnoDB AUTO_INCREMENT=2 DEFAULT CHARSET=utf8mb4 COLLATE=utf8mb4_0900_ai_ci;
/*!40101 SET character_set_client = @saved_cs_client */;

--
-- Dumping data for table `iso_9241_210_phases_privacy_by_design_principles_links`
--

LOCK TABLES `iso_9241_210_phases_privacy_by_design_principles_links` WRITE;
/*!40000 ALTER TABLE `iso_9241_210_phases_privacy_by_design_principles_links` DISABLE KEYS */;
INSERT INTO `iso_9241_210_phases_privacy_by_design_principles_links` VALUES (1,1,1,1);
/*!40000 ALTER TABLE `iso_9241_210_phases_privacy_by_design_principles_links` ENABLE KEYS */;
UNLOCK TABLES;

--
-- Table structure for table `mvcs`
--

DROP TABLE IF EXISTS `mvcs`;
/*!40101 SET @saved_cs_client     = @@character_set_client */;
/*!50503 SET character_set_client = utf8mb4 */;
CREATE TABLE `mvcs` (
  `id` int unsigned NOT NULL AUTO_INCREMENT,
  `created_at` datetime(6) DEFAULT NULL,
  `updated_at` datetime(6) DEFAULT NULL,
  `created_by_id` int unsigned DEFAULT NULL,
  `updated_by_id` int unsigned DEFAULT NULL,
  `nome` varchar(255) DEFAULT NULL,
  PRIMARY KEY (`id`),
  KEY `mvcs_created_by_id_fk` (`created_by_id`),
  KEY `mvcs_updated_by_id_fk` (`updated_by_id`),
  CONSTRAINT `mvcs_created_by_id_fk` FOREIGN KEY (`created_by_id`) REFERENCES `admin_users` (`id`) ON DELETE SET NULL,
  CONSTRAINT `mvcs_updated_by_id_fk` FOREIGN KEY (`updated_by_id`) REFERENCES `admin_users` (`id`) ON DELETE SET NULL
) ENGINE=InnoDB AUTO_INCREMENT=5 DEFAULT CHARSET=utf8mb4 COLLATE=utf8mb4_0900_ai_ci;
/*!40101 SET character_set_client = @saved_cs_client */;

--
-- Dumping data for table `mvcs`
--

LOCK TABLES `mvcs` WRITE;
/*!40000 ALTER TABLE `mvcs` DISABLE KEYS */;
INSERT INTO `mvcs` VALUES (1,'2024-05-21 11:13:34.810000','2024-06-05 12:33:52.353000',1,1,'Model'),(2,'2024-05-21 11:13:44.853000','2024-06-05 12:34:16.694000',1,1,'Controller'),(3,'2024-05-21 11:13:54.103000','2024-06-05 12:34:07.878000',1,1,'View'),(4,'2024-06-08 17:47:39.305000','2024-06-08 17:47:39.305000',NULL,NULL,'areven');
/*!40000 ALTER TABLE `mvcs` ENABLE KEYS */;
UNLOCK TABLES;

--
-- Table structure for table `mvcs_patterns_links`
--

DROP TABLE IF EXISTS `mvcs_patterns_links`;
/*!40101 SET @saved_cs_client     = @@character_set_client */;
/*!50503 SET character_set_client = utf8mb4 */;
CREATE TABLE `mvcs_patterns_links` (
  `id` int unsigned NOT NULL AUTO_INCREMENT,
  `mvc_id` int unsigned DEFAULT NULL,
  `pattern_id` int unsigned DEFAULT NULL,
  `pattern_order` double unsigned DEFAULT NULL,
  `mvc_order` double unsigned DEFAULT NULL,
  PRIMARY KEY (`id`),
  UNIQUE KEY `mvcs_patterns_links_unique` (`mvc_id`,`pattern_id`),
  KEY `mvcs_patterns_links_fk` (`mvc_id`),
  KEY `mvcs_patterns_links_inv_fk` (`pattern_id`),
  KEY `mvcs_patterns_links_order_fk` (`pattern_order`),
  KEY `mvcs_patterns_links_order_inv_fk` (`mvc_order`),
  CONSTRAINT `mvcs_patterns_links_fk` FOREIGN KEY (`mvc_id`) REFERENCES `mvcs` (`id`) ON DELETE CASCADE,
  CONSTRAINT `mvcs_patterns_links_inv_fk` FOREIGN KEY (`pattern_id`) REFERENCES `patterns` (`id`) ON DELETE CASCADE
) ENGINE=InnoDB AUTO_INCREMENT=142 DEFAULT CHARSET=utf8mb4 COLLATE=utf8mb4_0900_ai_ci;
/*!40101 SET character_set_client = @saved_cs_client */;

--
-- Dumping data for table `mvcs_patterns_links`
--

LOCK TABLES `mvcs_patterns_links` WRITE;
/*!40000 ALTER TABLE `mvcs_patterns_links` DISABLE KEYS */;
INSERT INTO `mvcs_patterns_links` VALUES (1,3,1,1,3),(2,2,1,1,2),(3,1,1,1,1),(4,1,25,19,1),(5,1,22,18,1),(6,1,23,17,1),(7,1,21,16,1),(8,1,20,15,1),(9,1,19,14,1),(10,1,18,13,1),(11,1,17,12,1),(12,1,16,11,1),(13,1,14,10,1),(14,1,11,9,1),(15,1,9,8,1),(16,1,8,7,1),(17,1,7,6,1),(18,1,6,5,1),(19,1,5,4,1),(20,1,4,3,1),(21,1,2,2,1),(22,2,22,21,2),(23,2,23,20,2),(24,2,21,19,2),(25,2,20,18,2),(26,2,19,17,2),(27,2,16,16,2),(28,2,15,15,1),(29,2,14,14,2),(30,2,13,13,1),(31,2,12,12,1),(32,2,11,11,2),(33,2,10,10,1),(34,2,9,9,2),(35,2,8,8,2),(36,2,7,7,2),(37,2,6,6,2),(38,2,5,5,2),(39,2,4,4,2),(40,2,3,3,1),(41,2,2,2,2),(42,3,25,3,2),(43,3,17,2,2),(44,1,27,20,1),(45,2,27,22,2),(46,3,27,4,3),(87,1,28,21,1),(88,2,28,23,2),(94,2,29,24,1),(95,3,29,5,2);
/*!40000 ALTER TABLE `mvcs_patterns_links` ENABLE KEYS */;
UNLOCK TABLES;

--
-- Table structure for table `owasp_top_10_categories`
--

DROP TABLE IF EXISTS `owasp_top_10_categories`;
/*!40101 SET @saved_cs_client     = @@character_set_client */;
/*!50503 SET character_set_client = utf8mb4 */;
CREATE TABLE `owasp_top_10_categories` (
  `id` int unsigned NOT NULL AUTO_INCREMENT,
  `created_at` datetime(6) DEFAULT NULL,
  `updated_at` datetime(6) DEFAULT NULL,
  `published_at` datetime(6) DEFAULT NULL,
  `created_by_id` int unsigned DEFAULT NULL,
  `updated_by_id` int unsigned DEFAULT NULL,
  `nome` varchar(255) DEFAULT NULL,
  `identificatore` varchar(255) DEFAULT NULL,
  PRIMARY KEY (`id`),
  KEY `owasp_top_10_categories_created_by_id_fk` (`created_by_id`),
  KEY `owasp_top_10_categories_updated_by_id_fk` (`updated_by_id`),
  CONSTRAINT `owasp_top_10_categories_created_by_id_fk` FOREIGN KEY (`created_by_id`) REFERENCES `admin_users` (`id`) ON DELETE SET NULL,
  CONSTRAINT `owasp_top_10_categories_updated_by_id_fk` FOREIGN KEY (`updated_by_id`) REFERENCES `admin_users` (`id`) ON DELETE SET NULL
) ENGINE=InnoDB AUTO_INCREMENT=12 DEFAULT CHARSET=utf8mb4 COLLATE=utf8mb4_0900_ai_ci;
/*!40101 SET character_set_client = @saved_cs_client */;

--
-- Dumping data for table `owasp_top_10_categories`
--

LOCK TABLES `owasp_top_10_categories` WRITE;
/*!40000 ALTER TABLE `owasp_top_10_categories` DISABLE KEYS */;
INSERT INTO `owasp_top_10_categories` VALUES (1,'2024-05-21 12:50:05.373000','2024-05-21 13:04:40.830000','2024-05-21 13:10:05.380000',1,1,'Broken Access Control','A01'),(2,'2024-05-21 12:51:11.022000','2024-05-21 13:06:32.476000','2024-05-21 13:10:05.380000',1,1,'Cryptographic Failures','A02'),(3,'2024-05-21 12:53:04.348000','2024-05-21 13:06:39.568000','2024-05-21 13:10:05.380000',1,1,'Injection','A03'),(4,'2024-05-21 12:53:56.708000','2024-05-21 13:06:46.973000','2024-05-21 13:10:05.380000',1,1,'Insecure Design','A04'),(5,'2024-05-21 12:55:30.735000','2024-05-21 13:06:53.903000','2024-05-21 13:10:05.380000',1,1,'Security Misconfiguration','A05'),(6,'2024-05-21 12:56:19.304000','2024-05-21 13:07:00.076000','2024-05-21 13:10:05.380000',1,1,'Vulnerable and Outdated Components','A06'),(7,'2024-05-21 12:58:10.417000','2024-05-21 13:07:06.643000','2024-05-21 13:10:05.380000',1,1,'Identification and Authentication Failures','A07'),(8,'2024-05-21 13:00:00.708000','2024-05-21 13:07:12.809000','2024-05-21 13:10:05.380000',1,1,'Software and Data Integrity Failures','A08'),(9,'2024-05-21 13:00:59.867000','2024-05-21 13:07:19.340000','2024-05-21 13:10:05.380000',1,1,'Security Logging and Monitoring Failures','A09'),(10,'2024-05-21 13:02:40.318000','2024-06-08 16:30:56.179000','2024-05-21 13:10:05.380000',1,1,'Server-Side Request Forgery (SSRF)','A10'),(11,'2024-06-08 17:47:50.959000','2024-06-08 17:47:50.959000','2024-06-08 17:47:50.955000',NULL,NULL,'qqqqqqqqqqqqqq','A232323232');
/*!40000 ALTER TABLE `owasp_top_10_categories` ENABLE KEYS */;
UNLOCK TABLES;

--
-- Table structure for table `owasp_top_10_categories_patterns_links`
--

DROP TABLE IF EXISTS `owasp_top_10_categories_patterns_links`;
/*!40101 SET @saved_cs_client     = @@character_set_client */;
/*!50503 SET character_set_client = utf8mb4 */;
CREATE TABLE `owasp_top_10_categories_patterns_links` (
  `id` int unsigned NOT NULL AUTO_INCREMENT,
  `owasp_top_10_category_id` int unsigned DEFAULT NULL,
  `pattern_id` int unsigned DEFAULT NULL,
  `pattern_order` double unsigned DEFAULT NULL,
  `owasp_top_10_category_order` double unsigned DEFAULT NULL,
  PRIMARY KEY (`id`),
  UNIQUE KEY `owasp_top_10_categories_patterns_links_unique` (`owasp_top_10_category_id`,`pattern_id`),
  KEY `owasp_top_10_categories_patterns_links_fk` (`owasp_top_10_category_id`),
  KEY `owasp_top_10_categories_patterns_links_inv_fk` (`pattern_id`),
  KEY `owasp_top_10_categories_patterns_links_order_fk` (`pattern_order`),
  KEY `owasp_top_10_categories_patterns_links_order_inv_fk` (`owasp_top_10_category_order`),
  CONSTRAINT `owasp_top_10_categories_patterns_links_fk` FOREIGN KEY (`owasp_top_10_category_id`) REFERENCES `owasp_top_10_categories` (`id`) ON DELETE CASCADE,
  CONSTRAINT `owasp_top_10_categories_patterns_links_inv_fk` FOREIGN KEY (`pattern_id`) REFERENCES `patterns` (`id`) ON DELETE CASCADE
) ENGINE=InnoDB AUTO_INCREMENT=104 DEFAULT CHARSET=utf8mb4 COLLATE=utf8mb4_0900_ai_ci;
/*!40101 SET character_set_client = @saved_cs_client */;

--
-- Dumping data for table `owasp_top_10_categories_patterns_links`
--

LOCK TABLES `owasp_top_10_categories_patterns_links` WRITE;
/*!40000 ALTER TABLE `owasp_top_10_categories_patterns_links` DISABLE KEYS */;
INSERT INTO `owasp_top_10_categories_patterns_links` VALUES (1,1,22,6,1),(2,1,21,5,1),(3,1,16,4,1),(4,1,14,3,1),(5,1,10,2,1),(6,1,9,1,1),(7,1,5,0,1),(8,2,25,2,1),(9,2,8,1,1),(10,2,7,0,1),(11,3,25,2,2),(12,3,21,1,2),(13,3,9,0,2),(14,4,17,3,1),(15,4,6,2,1),(16,4,3,1,1),(17,4,2,0,1),(18,5,25,13,3),(19,5,22,12,2),(20,5,20,11,1),(21,5,16,10,2),(22,5,12,9,1),(23,5,11,8,1),(24,5,10,7,2),(25,5,9,6,3),(26,5,7,5,2),(27,5,4,4,1),(28,5,3,3,2),(29,5,2,2,2),(30,5,1,1,1),(31,6,24,0,1),(32,7,23,13,1),(33,7,21,12,3),(34,7,20,11,2),(35,7,17,10,2),(36,7,15,9,1),(37,7,14,8,2),(38,7,12,7,2),(39,7,11,6,2),(40,7,10,5,3),(41,7,9,4,4),(42,7,7,3,3),(43,7,5,2,2),(44,7,3,1,3),(45,7,1,0,2),(46,8,24,8,2),(47,8,22,7,3),(48,8,20,6,3),(49,8,19,5,1),(50,8,13,4,1),(51,8,12,3,3),(52,8,11,2,3),(53,8,7,1,4),(54,8,4,0,2),(55,9,22,6,4),(56,9,13,5,2),(57,9,12,4,4),(58,9,11,3,4),(59,9,5,2,3),(60,9,4,1,3),(61,9,3,0,4),(63,10,9,1,5),(64,2,27,3,1),(65,3,28,3,1),(70,4,30,4,1),(71,10,7,2,5),(73,10,22,3,5),(74,10,13,4,3),(75,10,8,5,2);
/*!40000 ALTER TABLE `owasp_top_10_categories_patterns_links` ENABLE KEYS */;
UNLOCK TABLES;

--
-- Table structure for table `patterns`
--

DROP TABLE IF EXISTS `patterns`;
/*!40101 SET @saved_cs_client     = @@character_set_client */;
/*!50503 SET character_set_client = utf8mb4 */;
CREATE TABLE `patterns` (
  `id` int unsigned NOT NULL AUTO_INCREMENT,
  `nome` varchar(255) DEFAULT NULL,
  `descrizione` longtext,
  `contesto` longtext,
  `created_at` datetime(6) DEFAULT NULL,
  `updated_at` datetime(6) DEFAULT NULL,
  `created_by_id` int unsigned DEFAULT NULL,
  `updated_by_id` int unsigned DEFAULT NULL,
  `search_counter` int DEFAULT NULL,
  PRIMARY KEY (`id`),
  KEY `patterns_created_by_id_fk` (`created_by_id`),
  KEY `patterns_updated_by_id_fk` (`updated_by_id`),
  CONSTRAINT `patterns_created_by_id_fk` FOREIGN KEY (`created_by_id`) REFERENCES `admin_users` (`id`) ON DELETE SET NULL,
  CONSTRAINT `patterns_updated_by_id_fk` FOREIGN KEY (`updated_by_id`) REFERENCES `admin_users` (`id`) ON DELETE SET NULL
) ENGINE=InnoDB AUTO_INCREMENT=36 DEFAULT CHARSET=utf8mb4 COLLATE=utf8mb4_0900_ai_ci;
/*!40101 SET character_set_client = @saved_cs_client */;

--
-- Dumping data for table `patterns`
--

LOCK TABLES `patterns` WRITE;
/*!40000 ALTER TABLE `patterns` DISABLE KEYS */;
INSERT INTO `patterns` VALUES (1,'Protection against Tracking','This Pattern avoids tracking website visitors by cookies. It does this by deleting them at regular intervals or disabling cookies completely.\n','This pattern is applicable when personal identifiable information is tracked through software tools, protocols or mechanisms such as cookies and the like.\n','2024-05-21 09:58:07.051000','2024-06-09 14:33:50.273000',1,1,1),(2,'Strip Invisible Metadata','Delete potentially sensitive metadata that is not directly visible to the end user.\n','When a service requires a user to import data from external sources (e.g., images, tweets, documents), different types of metadata may be transmitted. Users may not be aware of metadata since it may be automatically generated or not directly visible. Services may be unintentionally responsible for exposing private metadata or going against users\' expectations.\n','2024-05-21 10:23:54.892000','2024-06-04 14:41:55.876000',1,1,11),(3,'Added-noise measurement obfuscation','Add some noise to service operation measurements, but make it cancel itself in the long-term.\n','A service provider gets continuous measurements of a service attribute linked to a service individual.\n','2024-05-21 10:30:29.847000','2024-06-03 13:05:07.540000',1,1,7),(4,'Data Breach Notification Pattern','Managers of services (or products) provided to users collect massive amounts of data, much of it personal, to improve the quality and user experience of that service. All this must be done with the informed consent of the user, who must properly understand the risks associated with his or her data. One such risk is that of unauthorized access, modification, removal, or sharing of data. If a data breach occurs, notification is required. Any data controller within the EU (or providing services or products within the EU) must notify the supervisory authority of its principal establishment or representative. Notification must be made within 72 hours, unless warranted. Notification to users depends on whether they are sufficiently concerned.\n','Managers of services (or products) provided to users collect large amounts of data, much of it personal, to improve the quality and user experience of that service. All this must be done under the informed consent of the user, who should properly understand the risks associated with their data. One such risk is that of unauthorized access, modification, removal, or sharing of data. If such a data breach occurs, you must notify us. Any operator within (or providing services or products within) the EU must notify the supervisory authority of its main establishment or representative. This must be done within 72 hours unless justified. Notification to users depends on the degree of sufficient impact on their situation.\n','2024-05-21 10:37:45.326000','2024-06-06 10:14:57.173000',1,1,3),(5,'Unusual Activities','Prevent suspicious access to user data through alerts and perform authentication through multiple factors in case of potential account compromise.\n','Services (or products), especially on the Internet, tend to use username and password-based authentication. This security mechanism is very convenient for users, as it is widespread and simple compared to more secure alternatives. However, it is subject to common flaws. Passwords become less secure as they remain unchanged, are often vulnerable to brute force attacks, espionage and phishing, and cannot be proven to be held exclusively by the user. This complicates the certainty of authentication, and thus the authenticity of any decision made by the user, including consent. Controllers may derive additional factors, such as device- or access-specific information. If location is provided, for example, it might suggest unlikely account activity.\n','2024-05-21 10:38:23.623000','2024-06-09 14:35:06.134000',1,1,6),(6,'Minimal Information Asymmetry','Prevent users from being disenfranchised by their lack of familiarity with the policies, potential risks, and their agency within processing.\n','Users frequently interact with controllers whose services (or products) they have not used before. At this point the knowledge the user has about the controller and its practices, especially regarding privacy, is typically nonexistent. The controller as a whole has a much clearer understanding of its policies. It also begins to know a lot about the user in a short time period, if not already well informed. The user needs to put in sufficient effort to investigate the controller to know about its practices to provide valid consent. The controller needs this valid consent to lawfully process the user\'s information.\n','2024-05-21 10:38:50.473000','2024-06-05 15:58:05.378000',1,1,3),(7,'Onion Routing','This model ensures nonlinkability between senders and receivers by encapsulating data in different layers of encryption, limiting the knowledge of each node along the delivery path.\n','A system in which data is routed between different nodes.\n','2024-05-21 10:39:08.151000','2024-06-04 17:05:36.907000',1,1,4),(8,'Encryption with user-managed keys','Use encryption in such a way that the service provider cannot decrypt the user\'s information because the user manages the keys.\n','User wants to store or transfer their personal data through an online service and they want to protect their privacy, and specifically the confidentiality of their personal information. Risks of unauthorized access may include the online service provider itself, or third parties such as its partners for example for backup, or government surveillance depending on the geographies the data is stored in or transferred through.\n','2024-05-21 10:39:26.146000','2024-06-03 13:03:09.395000',1,1,1),(9,'Use of dummies','This pattern hides the actions taken by a user by adding fake actions that are indistinguishable from real.\n','This pattern is applicable when it is not possible to avoid executing, delaying or obfuscating the content of an action.\n','2024-05-21 10:39:43.038000','2024-06-03 12:59:46.910000',1,1,1),(10,'Federated Privacy Impact Assessment','The impact of personal information in a federation is more than the impact in the federated.\n','Identity Management scenarios (that is, when the roles of the Identity Provider and the Service Provider are separated).\n','2024-05-21 10:39:59.177000','2024-06-03 15:00:43.756000',1,1,0),(11,'Obligation Management','The pattern allows obligations relating to data sharing, storing and processing to be transferred and managed when the data is shared between multiple parties.\n','The developer aims to make sure that multiple parties are aware of and comply with required user/organisational policies as personal and sensitive data are successively shared between a series of parties who store or process that data.\n','2024-05-21 10:40:22.622000','2024-06-03 14:14:37.895000',1,1,0),(12,'Sticky Policies','Machine-readable policies are sticked to data to define allowed usage and obligations as it travels across multiple parties, enabling users to improve control over their personal information.\n','Multiple parties are aware of and act according to a certain policy when privacy-sensitive data is passed along the multiple successive parties storing, processing and sharing that data.\n','2024-05-21 10:41:00.173000','2024-06-02 17:41:04.402000',1,1,1),(13,'Personal Data Store','Subjects keep control on their personal data that are stored on a personal device.\n','The pattern is applicable to any data produced by the data subject (or originally under his control) as opposed to data about him produced by third parties.\n','2024-05-21 10:41:23.548000','2024-06-03 13:02:18.099000',1,1,1),(14,'User data confinement pattern','Avoid the central collection of personal data by shifting some amount of the processing of personal data to the user-trusted environments (e.g. their own devices). Allow users to control the exact data that shares with service providers.\n','This pattern may be used whenever the collection of personal data with one specific and legitimate purpose still pose a relevant level of threat to the users\' privacy.\n','2024-05-21 10:41:40.107000','2024-06-03 14:15:41.107000',1,1,0),(15,'Anonymous Reputation-based Blacklisting','Get rid of troublemakers without even knowing who they are.\n','A service provider provides a service to users who access anonymously, and who may make bad use of the service.\n','2024-05-21 10:42:01.240000','2024-06-03 14:13:44.454000',1,1,0),(16,'Location Granularity','Support minimization of data collection and distribution. Important when a service is collecting location data from or about a user, or transmitting location data about a user to a third-party.\n','When a service is collecting location data from or about a user, or transmitting location data about a user to a third-party.\n','2024-05-21 10:42:19.118000','2024-06-03 14:14:25.658000',1,1,0),(17,'Discouraging blanket strategies','Give users the possibility to define a privacy level from a range of options each time they share content.\n','Socially oriented services on the Internet allow their often diverse userbase to share content. These masses of users and shared content are also varied enough to discourage individual attention. Controllers prefer to protect themselves from additional complexity and investment into features which provide them with less data. Users, however, feel in need of privacy settings to distinguish their personal risk appetite from that of the norm. They each have their own ideas about the sensitivities of their information, which makes sufficient controls difficult to implement.\n','2024-05-21 10:42:37.115000','2024-06-03 14:13:52.503000',1,1,0),(18,'Reciprocity','Let users benefit according to the contributions they make.\n','In services where users may either socially or collaboratively contribute, participation may be a foundation for the service\'s business model. In these situations the quality and frequency of content affects the success of the service, and thus users have a large impact on its survival. Whether any single user contributes, or not, plays a role in profitability, which puts the controller in a position to encourage or enforce equal participation. Users may respond to such ideas negatively, however, especially if they do not see potential gains worthy of their effort and personal risks to privacy.\n','2024-05-21 10:43:00.185000','2024-06-03 14:15:19.324000',1,1,0),(19,'Incentivized Participation','Users are more willing to contribute valuable input when they can do so without leaking personal data, or perceive an equal or greater exchange in value either monetarily or socially.\n','A data controller derives various values from the participation of its users (i.e. data subjects). The more that these users participate, explicitly providing context and implicitly providing metadata (e.g. statistics and telemetry), the better the controller fares in a number of respects. Despite this key relation, over-sharing can greatly infringe upon a user\'s right to privacy. Many controllers therefore aim to respect this right when benefiting from user interactions. As the controller should recognise the necessity of specific, informed, and freely given Lawful Consent, users are made aware of the pitfalls of such a system. As they are informed, perhaps through a combination of a Privacy Dashboard or Awareness Feed, users may balance the privacy related tradeoffs. This minimises the privacy risks taken according to the user\'s personal informed choices, and protects the controller from inadvertently undermining the user\'s privacy. The controller still desires participation, however, and may therefore make additional concessions or provisions to help make the tradeoff worthwhile or non-existent. The controller may complement its strategy with more granular choice in order to achieve this, such as with Selective Disclosure and Selective Disruption.\n','2024-05-21 10:43:44.217000','2024-06-03 14:14:08.227000',1,1,0),(20,'Outsourcing [with consent]','The controller has to obtain additional specific, informed, explicit, and freely given consent before outsourcing data processing to a third party.\n','Controllers often do not have the means to feasibly or sufficiently process the data they oversee to the extent they desire. In these cases they seek an external processor or third party to handle the process. This typically conflicts with their already obtained consent from their users (their data subjects), as further processing by a third party is not necessarily compatible with the agreed upon purposes. In these situations the controller does not have legally obtained consent for this processing and will be liable if they carry it out.\n','2024-05-21 10:44:05.042000','2024-06-03 14:14:51.505000',1,1,0),(21,'Sign an Agreement to Solve Lack of Trust on the Use of Private Data Context','Services of a controller may require users to sign contracts that stipulate their obligations and processing purposes for which users must consent to use the service. This ensures that users can trust the controller as it is bound to the contract it signs.\n','Users do not inherently trust controllers who provide services (or products), as they do not have assurances as to what the controller\'s or their processor\'s true intentions are. Controllers and processors typically aim to make profit, but this might be at the expense of users if those users do not consider their privacy needs. The controller might have reasonable defaults or levels of control, but users also need to feel reassured that their choices are being honored. This is especially true of what they do or do not provide Lawful Consent for.\n','2024-05-21 10:44:23.143000','2024-06-03 14:15:28.445000',1,1,0),(22,'Pseudonymous Messaging','A messaging service is enhanced by using a trusted third party to exchange the identifiers of the communication partners by pseudonyms.\n','This pattern can be used for online communications by email, through message boards, and newsgroups.\n','2024-05-21 10:44:43.142000','2024-06-03 14:15:12.702000',1,1,0),(23,'Pseudonymous Identity','Hide the identity by using a pseudonym and ensure a pseudonymous identity that can not be linked with a real identity during online interactions.\n','This pattern can be used for systems in which users are identified by public identities.\n','2024-05-21 10:45:01.213000','2024-06-03 14:15:05.665000',1,1,0),(24,'Aggregation Gateway','Encrypt, aggregate and decrypt at different places.\n','A service provider gets continuous measurements of a service attribute linked to a set of individual service users.\n','2024-05-21 10:45:23.934000','2024-06-03 14:13:29.962000',1,1,0),(25,'Informed Secure Passwords','Ensure that users maintain healthy authentication habits through awareness and understanding.\n','Credentials are required by numerous services (and products) in order to ensure that only authenticated and authorized users have access to certain features. Controllers typically provide authentication mechanisms in the form of usernames and passwords. Although these provide a weak form of security when used incorrectly, they are more convenient for users than many less popular and more secure alternatives. Controllers often try to circumvent the shortcomings of passwords by encouraging users to change them frequently, use stronger variations, check them, and prevent disclosure and reuse. However users make use of many services, and use many passwords, thus discouraging proper application. This misapplication can result in personal data being accessed by unauthorized persons.\n','2024-05-21 10:45:42.277000','2024-06-03 14:14:15.982000',1,1,0),(27,'funzionerà?','ddddddddd','dddd','2024-06-05 18:10:09.520000','2024-06-09 12:49:42.093000',1,1,0),(28,'Mo vediamo','ddddddddd','dddd','2024-06-06 13:54:18.248000','2024-06-08 13:45:25.849000',NULL,NULL,0),(29,'Mo vediamo','ddddddddd','dddd','2024-06-06 13:56:55.134000','2024-06-09 14:28:43.398000',NULL,NULL,0),(30,'Mo vediamo','ddddddddd','dddd','2024-06-06 13:57:54.201000','2024-06-08 16:06:36.986000',NULL,NULL,0),(31,'Mo vediamo','ddddddddd','dddd','2024-06-06 13:58:39.404000','2024-06-08 15:34:47.837000',NULL,NULL,0),(32,'Protection against Tracking','This Pattern avoids tracking website visitors by cookies. It does this by deleting them at regular intervals or disabling cookies completely.','This pattern is applicable when personal identifiable information is tracked through software tools, protocols or mechanisms such as cookies and the like.','2024-06-08 10:55:35.096000','2024-06-09 13:33:02.624000',NULL,NULL,0),(33,'Protection against Tracking','This Pattern avoids tracking website visitors by cookies. It does this by deleting them at regular intervals or disabling cookies completely.','This pattern is applicable when personal identifiable information is tracked through software tools, protocols or mechanisms such as cookies and the like.','2024-06-08 11:00:22.039000','2024-06-08 11:00:22.039000',NULL,NULL,0),(34,'Pseudonymous Messaging','A messaging service is enhanced by using a trusted third party to exchange the identifiers of the communication partners by pseudonyms.','This pattern can be used for online communications by email, through message boards, and newsgroups.','2024-06-08 11:18:09.028000','2024-06-09 13:38:04.935000',NULL,NULL,0),(35,'ddd','ddd','ddd','2024-06-08 17:43:58.871000','2024-06-08 17:43:58.871000',NULL,NULL,0);
/*!40000 ALTER TABLE `patterns` ENABLE KEYS */;
UNLOCK TABLES;

--
-- Table structure for table `patterns_examples_links`
--

DROP TABLE IF EXISTS `patterns_examples_links`;
/*!40101 SET @saved_cs_client     = @@character_set_client */;
/*!50503 SET character_set_client = utf8mb4 */;
CREATE TABLE `patterns_examples_links` (
  `id` int unsigned NOT NULL AUTO_INCREMENT,
  `pattern_id` int unsigned DEFAULT NULL,
  `example_id` int unsigned DEFAULT NULL,
  `example_order` double unsigned DEFAULT NULL,
  PRIMARY KEY (`id`),
  UNIQUE KEY `patterns_examples_links_unique` (`pattern_id`,`example_id`),
  KEY `patterns_examples_links_fk` (`pattern_id`),
  KEY `patterns_examples_links_inv_fk` (`example_id`),
  KEY `patterns_examples_links_order_fk` (`example_order`),
  CONSTRAINT `patterns_examples_links_fk` FOREIGN KEY (`pattern_id`) REFERENCES `patterns` (`id`) ON DELETE CASCADE,
  CONSTRAINT `patterns_examples_links_inv_fk` FOREIGN KEY (`example_id`) REFERENCES `examples` (`id`) ON DELETE CASCADE
) ENGINE=InnoDB AUTO_INCREMENT=29 DEFAULT CHARSET=utf8mb4 COLLATE=utf8mb4_0900_ai_ci;
/*!40101 SET character_set_client = @saved_cs_client */;

--
-- Dumping data for table `patterns_examples_links`
--

LOCK TABLES `patterns_examples_links` WRITE;
/*!40000 ALTER TABLE `patterns_examples_links` DISABLE KEYS */;
INSERT INTO `patterns_examples_links` VALUES (1,1,1,1),(2,2,3,2),(3,2,2,1),(4,3,4,1),(5,4,5,1),(6,5,7,2),(7,5,6,1),(8,6,8,1),(9,7,10,2),(10,7,9,1),(11,8,12,2),(12,8,11,1),(13,9,13,1),(14,10,14,1),(15,11,15,1),(16,12,16,1),(17,13,17,1),(18,15,18,1),(19,16,20,2),(20,16,19,1),(21,17,21,1),(22,20,22,1),(24,22,23,1),(25,23,24,1),(26,24,25,1),(27,25,26,1),(28,27,4,1);
/*!40000 ALTER TABLE `patterns_examples_links` ENABLE KEYS */;
UNLOCK TABLES;

--
-- Table structure for table `privacy_by_design_principles`
--

DROP TABLE IF EXISTS `privacy_by_design_principles`;
/*!40101 SET @saved_cs_client     = @@character_set_client */;
/*!50503 SET character_set_client = utf8mb4 */;
CREATE TABLE `privacy_by_design_principles` (
  `id` int unsigned NOT NULL AUTO_INCREMENT,
  `nome` varchar(255) DEFAULT NULL,
  `created_at` datetime(6) DEFAULT NULL,
  `updated_at` datetime(6) DEFAULT NULL,
  `created_by_id` int unsigned DEFAULT NULL,
  `updated_by_id` int unsigned DEFAULT NULL,
  PRIMARY KEY (`id`),
  KEY `privacy_by_design_principles_created_by_id_fk` (`created_by_id`),
  KEY `privacy_by_design_principles_updated_by_id_fk` (`updated_by_id`),
  CONSTRAINT `privacy_by_design_principles_created_by_id_fk` FOREIGN KEY (`created_by_id`) REFERENCES `admin_users` (`id`) ON DELETE SET NULL,
  CONSTRAINT `privacy_by_design_principles_updated_by_id_fk` FOREIGN KEY (`updated_by_id`) REFERENCES `admin_users` (`id`) ON DELETE SET NULL
) ENGINE=InnoDB AUTO_INCREMENT=9 DEFAULT CHARSET=utf8mb4 COLLATE=utf8mb4_0900_ai_ci;
/*!40101 SET character_set_client = @saved_cs_client */;

--
-- Dumping data for table `privacy_by_design_principles`
--

LOCK TABLES `privacy_by_design_principles` WRITE;
/*!40000 ALTER TABLE `privacy_by_design_principles` DISABLE KEYS */;
INSERT INTO `privacy_by_design_principles` VALUES (1,'Privacy as the default setting','2024-05-21 12:24:48.918000','2024-05-21 12:31:13.826000',1,1),(2,'Privacy Embedded into Design','2024-05-21 12:25:07.723000','2024-05-21 12:36:02.263000',1,1),(3,'Visibility and Transparency','2024-05-21 12:25:24.101000','2024-05-21 12:29:17.942000',1,1),(4,'Proactive not Reactive','2024-05-21 12:25:39.612000','2024-05-21 12:37:17.215000',1,1),(5,'Respect for User Privacy','2024-05-21 12:26:11.879000','2024-05-21 12:38:51.733000',1,1),(6,'End-to-End Security','2024-05-21 12:28:18.350000','2024-05-21 12:40:05.841000',1,1),(7,'Full Functionality','2024-05-21 12:41:23.714000','2024-05-21 12:42:26.216000',1,1),(8,'eeeeeeeeeeeeeeeeee','2024-06-08 17:47:57.133000','2024-06-08 17:47:57.133000',NULL,NULL);
/*!40000 ALTER TABLE `privacy_by_design_principles` ENABLE KEYS */;
UNLOCK TABLES;

--
-- Table structure for table `privacy_by_design_principles_patterns_links`
--

DROP TABLE IF EXISTS `privacy_by_design_principles_patterns_links`;
/*!40101 SET @saved_cs_client     = @@character_set_client */;
/*!50503 SET character_set_client = utf8mb4 */;
CREATE TABLE `privacy_by_design_principles_patterns_links` (
  `id` int unsigned NOT NULL AUTO_INCREMENT,
  `privacy_by_design_principle_id` int unsigned DEFAULT NULL,
  `pattern_id` int unsigned DEFAULT NULL,
  `pattern_order` double unsigned DEFAULT NULL,
  `privacy_by_design_principle_order` double unsigned DEFAULT NULL,
  PRIMARY KEY (`id`),
  UNIQUE KEY `privacy_by_design_principles_patterns_links_unique` (`privacy_by_design_principle_id`,`pattern_id`),
  KEY `privacy_by_design_principles_patterns_links_fk` (`privacy_by_design_principle_id`),
  KEY `privacy_by_design_principles_patterns_links_inv_fk` (`pattern_id`),
  KEY `privacy_by_design_principles_patterns_links_order_fk` (`pattern_order`),
  KEY `privacy_by_design_principles_patterns_links_order_inv_fk` (`privacy_by_design_principle_order`),
  CONSTRAINT `privacy_by_design_principles_patterns_links_fk` FOREIGN KEY (`privacy_by_design_principle_id`) REFERENCES `privacy_by_design_principles` (`id`) ON DELETE CASCADE,
  CONSTRAINT `privacy_by_design_principles_patterns_links_inv_fk` FOREIGN KEY (`pattern_id`) REFERENCES `patterns` (`id`) ON DELETE CASCADE
) ENGINE=InnoDB AUTO_INCREMENT=158 DEFAULT CHARSET=utf8mb4 COLLATE=utf8mb4_0900_ai_ci;
/*!40101 SET character_set_client = @saved_cs_client */;

--
-- Dumping data for table `privacy_by_design_principles_patterns_links`
--

LOCK TABLES `privacy_by_design_principles_patterns_links` WRITE;
/*!40000 ALTER TABLE `privacy_by_design_principles_patterns_links` DISABLE KEYS */;
INSERT INTO `privacy_by_design_principles_patterns_links` VALUES (1,1,1,1,1),(2,2,1,1,2),(3,3,1,1,3),(4,4,1,1,4),(5,5,2,1,1),(6,3,2,2,2),(7,2,2,2,3),(8,2,3,3,1),(9,3,3,3,2),(10,3,4,4,1),(11,4,4,2,2),(12,4,5,3,1),(13,5,5,2,2),(14,6,5,1,3),(15,3,25,8,1),(16,3,21,7,1),(17,3,10,6,1),(18,3,6,5,1),(19,1,24,7,1),(20,1,22,6,1),(21,1,23,5,1),(22,1,20,4,1),(23,1,13,3,1),(24,1,9,2,1),(25,2,25,15,2),(26,2,21,14,2),(27,2,20,13,2),(28,2,17,12,1),(29,2,16,11,1),(30,2,15,10,1),(31,2,14,9,1),(32,2,13,8,2),(33,2,12,7,1),(34,2,9,6,2),(35,2,7,5,1),(36,2,6,4,2),(37,4,21,8,3),(38,4,16,7,2),(39,4,14,6,2),(40,4,9,5,3),(41,4,7,4,2),(42,5,22,12,2),(43,5,23,11,2),(44,5,21,10,4),(45,5,20,9,3),(46,5,19,8,1),(47,5,18,7,1),(48,5,17,6,2),(49,5,13,5,3),(50,5,10,4,2),(51,5,9,3,4),(52,6,24,4,2),(53,6,8,3,1),(54,6,7,2,3),(55,7,15,3,2),(56,7,12,2,2),(57,7,11,1,1),(58,7,8,4,2),(59,7,27,5,1),(97,1,31,8,1),(98,2,31,16,2),(99,3,31,9,3),(100,5,31,13,4),(101,4,31,9,5),(102,7,31,6,6),(103,6,31,5,7);
/*!40000 ALTER TABLE `privacy_by_design_principles_patterns_links` ENABLE KEYS */;
UNLOCK TABLES;

--
-- Table structure for table `strapi_api_token_permissions`
--

DROP TABLE IF EXISTS `strapi_api_token_permissions`;
/*!40101 SET @saved_cs_client     = @@character_set_client */;
/*!50503 SET character_set_client = utf8mb4 */;
CREATE TABLE `strapi_api_token_permissions` (
  `id` int unsigned NOT NULL AUTO_INCREMENT,
  `action` varchar(255) DEFAULT NULL,
  `created_at` datetime(6) DEFAULT NULL,
  `updated_at` datetime(6) DEFAULT NULL,
  `created_by_id` int unsigned DEFAULT NULL,
  `updated_by_id` int unsigned DEFAULT NULL,
  PRIMARY KEY (`id`),
  KEY `strapi_api_token_permissions_created_by_id_fk` (`created_by_id`),
  KEY `strapi_api_token_permissions_updated_by_id_fk` (`updated_by_id`),
  CONSTRAINT `strapi_api_token_permissions_created_by_id_fk` FOREIGN KEY (`created_by_id`) REFERENCES `admin_users` (`id`) ON DELETE SET NULL,
  CONSTRAINT `strapi_api_token_permissions_updated_by_id_fk` FOREIGN KEY (`updated_by_id`) REFERENCES `admin_users` (`id`) ON DELETE SET NULL
) ENGINE=InnoDB DEFAULT CHARSET=utf8mb4 COLLATE=utf8mb4_0900_ai_ci;
/*!40101 SET character_set_client = @saved_cs_client */;

--
-- Dumping data for table `strapi_api_token_permissions`
--

LOCK TABLES `strapi_api_token_permissions` WRITE;
/*!40000 ALTER TABLE `strapi_api_token_permissions` DISABLE KEYS */;
/*!40000 ALTER TABLE `strapi_api_token_permissions` ENABLE KEYS */;
UNLOCK TABLES;

--
-- Table structure for table `strapi_api_token_permissions_token_links`
--

DROP TABLE IF EXISTS `strapi_api_token_permissions_token_links`;
/*!40101 SET @saved_cs_client     = @@character_set_client */;
/*!50503 SET character_set_client = utf8mb4 */;
CREATE TABLE `strapi_api_token_permissions_token_links` (
  `id` int unsigned NOT NULL AUTO_INCREMENT,
  `api_token_permission_id` int unsigned DEFAULT NULL,
  `api_token_id` int unsigned DEFAULT NULL,
  `api_token_permission_order` double unsigned DEFAULT NULL,
  PRIMARY KEY (`id`),
  UNIQUE KEY `strapi_api_token_permissions_token_links_unique` (`api_token_permission_id`,`api_token_id`),
  KEY `strapi_api_token_permissions_token_links_fk` (`api_token_permission_id`),
  KEY `strapi_api_token_permissions_token_links_inv_fk` (`api_token_id`),
  KEY `strapi_api_token_permissions_token_links_order_inv_fk` (`api_token_permission_order`),
  CONSTRAINT `strapi_api_token_permissions_token_links_fk` FOREIGN KEY (`api_token_permission_id`) REFERENCES `strapi_api_token_permissions` (`id`) ON DELETE CASCADE,
  CONSTRAINT `strapi_api_token_permissions_token_links_inv_fk` FOREIGN KEY (`api_token_id`) REFERENCES `strapi_api_tokens` (`id`) ON DELETE CASCADE
) ENGINE=InnoDB DEFAULT CHARSET=utf8mb4 COLLATE=utf8mb4_0900_ai_ci;
/*!40101 SET character_set_client = @saved_cs_client */;

--
-- Dumping data for table `strapi_api_token_permissions_token_links`
--

LOCK TABLES `strapi_api_token_permissions_token_links` WRITE;
/*!40000 ALTER TABLE `strapi_api_token_permissions_token_links` DISABLE KEYS */;
/*!40000 ALTER TABLE `strapi_api_token_permissions_token_links` ENABLE KEYS */;
UNLOCK TABLES;

--
-- Table structure for table `strapi_api_tokens`
--

DROP TABLE IF EXISTS `strapi_api_tokens`;
/*!40101 SET @saved_cs_client     = @@character_set_client */;
/*!50503 SET character_set_client = utf8mb4 */;
CREATE TABLE `strapi_api_tokens` (
  `id` int unsigned NOT NULL AUTO_INCREMENT,
  `name` varchar(255) DEFAULT NULL,
  `description` varchar(255) DEFAULT NULL,
  `type` varchar(255) DEFAULT NULL,
  `access_key` varchar(255) DEFAULT NULL,
  `last_used_at` datetime(6) DEFAULT NULL,
  `expires_at` datetime(6) DEFAULT NULL,
  `lifespan` bigint DEFAULT NULL,
  `created_at` datetime(6) DEFAULT NULL,
  `updated_at` datetime(6) DEFAULT NULL,
  `created_by_id` int unsigned DEFAULT NULL,
  `updated_by_id` int unsigned DEFAULT NULL,
  PRIMARY KEY (`id`),
  KEY `strapi_api_tokens_created_by_id_fk` (`created_by_id`),
  KEY `strapi_api_tokens_updated_by_id_fk` (`updated_by_id`),
  CONSTRAINT `strapi_api_tokens_created_by_id_fk` FOREIGN KEY (`created_by_id`) REFERENCES `admin_users` (`id`) ON DELETE SET NULL,
  CONSTRAINT `strapi_api_tokens_updated_by_id_fk` FOREIGN KEY (`updated_by_id`) REFERENCES `admin_users` (`id`) ON DELETE SET NULL
) ENGINE=InnoDB DEFAULT CHARSET=utf8mb4 COLLATE=utf8mb4_0900_ai_ci;
/*!40101 SET character_set_client = @saved_cs_client */;

--
-- Dumping data for table `strapi_api_tokens`
--

LOCK TABLES `strapi_api_tokens` WRITE;
/*!40000 ALTER TABLE `strapi_api_tokens` DISABLE KEYS */;
/*!40000 ALTER TABLE `strapi_api_tokens` ENABLE KEYS */;
UNLOCK TABLES;

--
-- Table structure for table `strapi_core_store_settings`
--

DROP TABLE IF EXISTS `strapi_core_store_settings`;
/*!40101 SET @saved_cs_client     = @@character_set_client */;
/*!50503 SET character_set_client = utf8mb4 */;
CREATE TABLE `strapi_core_store_settings` (
  `id` int unsigned NOT NULL AUTO_INCREMENT,
  `key` varchar(255) DEFAULT NULL,
  `value` longtext,
  `type` varchar(255) DEFAULT NULL,
  `environment` varchar(255) DEFAULT NULL,
  `tag` varchar(255) DEFAULT NULL,
  PRIMARY KEY (`id`)
) ENGINE=InnoDB AUTO_INCREMENT=38 DEFAULT CHARSET=utf8mb4 COLLATE=utf8mb4_0900_ai_ci;
/*!40101 SET character_set_client = @saved_cs_client */;

--
-- Dumping data for table `strapi_core_store_settings`
--

LOCK TABLES `strapi_core_store_settings` WRITE;
/*!40000 ALTER TABLE `strapi_core_store_settings` DISABLE KEYS */;
INSERT INTO `strapi_core_store_settings` VALUES (1,'strapi_content_types_schema','{\"admin::permission\":{\"collectionName\":\"admin_permissions\",\"info\":{\"name\":\"Permission\",\"description\":\"\",\"singularName\":\"permission\",\"pluralName\":\"permissions\",\"displayName\":\"Permission\"},\"options\":{},\"pluginOptions\":{\"content-manager\":{\"visible\":false},\"content-type-builder\":{\"visible\":false}},\"attributes\":{\"action\":{\"type\":\"string\",\"minLength\":1,\"configurable\":false,\"required\":true},\"actionParameters\":{\"type\":\"json\",\"configurable\":false,\"required\":false,\"default\":{}},\"subject\":{\"type\":\"string\",\"minLength\":1,\"configurable\":false,\"required\":false},\"properties\":{\"type\":\"json\",\"configurable\":false,\"required\":false,\"default\":{}},\"conditions\":{\"type\":\"json\",\"configurable\":false,\"required\":false,\"default\":[]},\"role\":{\"configurable\":false,\"type\":\"relation\",\"relation\":\"manyToOne\",\"inversedBy\":\"permissions\",\"target\":\"admin::role\"},\"createdAt\":{\"type\":\"datetime\"},\"updatedAt\":{\"type\":\"datetime\"},\"createdBy\":{\"type\":\"relation\",\"relation\":\"oneToOne\",\"target\":\"admin::user\",\"configurable\":false,\"writable\":false,\"visible\":false,\"useJoinTable\":false,\"private\":true},\"updatedBy\":{\"type\":\"relation\",\"relation\":\"oneToOne\",\"target\":\"admin::user\",\"configurable\":false,\"writable\":false,\"visible\":false,\"useJoinTable\":false,\"private\":true}},\"kind\":\"collectionType\",\"__schema__\":{\"collectionName\":\"admin_permissions\",\"info\":{\"name\":\"Permission\",\"description\":\"\",\"singularName\":\"permission\",\"pluralName\":\"permissions\",\"displayName\":\"Permission\"},\"options\":{},\"pluginOptions\":{\"content-manager\":{\"visible\":false},\"content-type-builder\":{\"visible\":false}},\"attributes\":{\"action\":{\"type\":\"string\",\"minLength\":1,\"configurable\":false,\"required\":true},\"actionParameters\":{\"type\":\"json\",\"configurable\":false,\"required\":false,\"default\":{}},\"subject\":{\"type\":\"string\",\"minLength\":1,\"configurable\":false,\"required\":false},\"properties\":{\"type\":\"json\",\"configurable\":false,\"required\":false,\"default\":{}},\"conditions\":{\"type\":\"json\",\"configurable\":false,\"required\":false,\"default\":[]},\"role\":{\"configurable\":false,\"type\":\"relation\",\"relation\":\"manyToOne\",\"inversedBy\":\"permissions\",\"target\":\"admin::role\"}},\"kind\":\"collectionType\"},\"modelType\":\"contentType\",\"modelName\":\"permission\",\"connection\":\"default\",\"uid\":\"admin::permission\",\"plugin\":\"admin\",\"globalId\":\"AdminPermission\"},\"admin::user\":{\"collectionName\":\"admin_users\",\"info\":{\"name\":\"User\",\"description\":\"\",\"singularName\":\"user\",\"pluralName\":\"users\",\"displayName\":\"User\"},\"pluginOptions\":{\"content-manager\":{\"visible\":false},\"content-type-builder\":{\"visible\":false}},\"attributes\":{\"firstname\":{\"type\":\"string\",\"unique\":false,\"minLength\":1,\"configurable\":false,\"required\":false},\"lastname\":{\"type\":\"string\",\"unique\":false,\"minLength\":1,\"configurable\":false,\"required\":false},\"username\":{\"type\":\"string\",\"unique\":false,\"configurable\":false,\"required\":false},\"email\":{\"type\":\"email\",\"minLength\":6,\"configurable\":false,\"required\":true,\"unique\":true,\"private\":true},\"password\":{\"type\":\"password\",\"minLength\":6,\"configurable\":false,\"required\":false,\"private\":true,\"searchable\":false},\"resetPasswordToken\":{\"type\":\"string\",\"configurable\":false,\"private\":true,\"searchable\":false},\"registrationToken\":{\"type\":\"string\",\"configurable\":false,\"private\":true,\"searchable\":false},\"isActive\":{\"type\":\"boolean\",\"default\":false,\"configurable\":false,\"private\":true},\"roles\":{\"configurable\":false,\"private\":true,\"type\":\"relation\",\"relation\":\"manyToMany\",\"inversedBy\":\"users\",\"target\":\"admin::role\",\"collectionName\":\"strapi_users_roles\"},\"blocked\":{\"type\":\"boolean\",\"default\":false,\"configurable\":false,\"private\":true},\"preferedLanguage\":{\"type\":\"string\",\"configurable\":false,\"required\":false,\"searchable\":false},\"createdAt\":{\"type\":\"datetime\"},\"updatedAt\":{\"type\":\"datetime\"},\"createdBy\":{\"type\":\"relation\",\"relation\":\"oneToOne\",\"target\":\"admin::user\",\"configurable\":false,\"writable\":false,\"visible\":false,\"useJoinTable\":false,\"private\":true},\"updatedBy\":{\"type\":\"relation\",\"relation\":\"oneToOne\",\"target\":\"admin::user\",\"configurable\":false,\"writable\":false,\"visible\":false,\"useJoinTable\":false,\"private\":true}},\"config\":{\"attributes\":{\"resetPasswordToken\":{\"hidden\":true},\"registrationToken\":{\"hidden\":true}}},\"kind\":\"collectionType\",\"__schema__\":{\"collectionName\":\"admin_users\",\"info\":{\"name\":\"User\",\"description\":\"\",\"singularName\":\"user\",\"pluralName\":\"users\",\"displayName\":\"User\"},\"pluginOptions\":{\"content-manager\":{\"visible\":false},\"content-type-builder\":{\"visible\":false}},\"attributes\":{\"firstname\":{\"type\":\"string\",\"unique\":false,\"minLength\":1,\"configurable\":false,\"required\":false},\"lastname\":{\"type\":\"string\",\"unique\":false,\"minLength\":1,\"configurable\":false,\"required\":false},\"username\":{\"type\":\"string\",\"unique\":false,\"configurable\":false,\"required\":false},\"email\":{\"type\":\"email\",\"minLength\":6,\"configurable\":false,\"required\":true,\"unique\":true,\"private\":true},\"password\":{\"type\":\"password\",\"minLength\":6,\"configurable\":false,\"required\":false,\"private\":true,\"searchable\":false},\"resetPasswordToken\":{\"type\":\"string\",\"configurable\":false,\"private\":true,\"searchable\":false},\"registrationToken\":{\"type\":\"string\",\"configurable\":false,\"private\":true,\"searchable\":false},\"isActive\":{\"type\":\"boolean\",\"default\":false,\"configurable\":false,\"private\":true},\"roles\":{\"configurable\":false,\"private\":true,\"type\":\"relation\",\"relation\":\"manyToMany\",\"inversedBy\":\"users\",\"target\":\"admin::role\",\"collectionName\":\"strapi_users_roles\"},\"blocked\":{\"type\":\"boolean\",\"default\":false,\"configurable\":false,\"private\":true},\"preferedLanguage\":{\"type\":\"string\",\"configurable\":false,\"required\":false,\"searchable\":false}},\"kind\":\"collectionType\"},\"modelType\":\"contentType\",\"modelName\":\"user\",\"connection\":\"default\",\"uid\":\"admin::user\",\"plugin\":\"admin\",\"globalId\":\"AdminUser\"},\"admin::role\":{\"collectionName\":\"admin_roles\",\"info\":{\"name\":\"Role\",\"description\":\"\",\"singularName\":\"role\",\"pluralName\":\"roles\",\"displayName\":\"Role\"},\"options\":{},\"pluginOptions\":{\"content-manager\":{\"visible\":false},\"content-type-builder\":{\"visible\":false}},\"attributes\":{\"name\":{\"type\":\"string\",\"minLength\":1,\"unique\":true,\"configurable\":false,\"required\":true},\"code\":{\"type\":\"string\",\"minLength\":1,\"unique\":true,\"configurable\":false,\"required\":true},\"description\":{\"type\":\"string\",\"configurable\":false},\"users\":{\"configurable\":false,\"type\":\"relation\",\"relation\":\"manyToMany\",\"mappedBy\":\"roles\",\"target\":\"admin::user\"},\"permissions\":{\"configurable\":false,\"type\":\"relation\",\"relation\":\"oneToMany\",\"mappedBy\":\"role\",\"target\":\"admin::permission\"},\"createdAt\":{\"type\":\"datetime\"},\"updatedAt\":{\"type\":\"datetime\"},\"createdBy\":{\"type\":\"relation\",\"relation\":\"oneToOne\",\"target\":\"admin::user\",\"configurable\":false,\"writable\":false,\"visible\":false,\"useJoinTable\":false,\"private\":true},\"updatedBy\":{\"type\":\"relation\",\"relation\":\"oneToOne\",\"target\":\"admin::user\",\"configurable\":false,\"writable\":false,\"visible\":false,\"useJoinTable\":false,\"private\":true}},\"kind\":\"collectionType\",\"__schema__\":{\"collectionName\":\"admin_roles\",\"info\":{\"name\":\"Role\",\"description\":\"\",\"singularName\":\"role\",\"pluralName\":\"roles\",\"displayName\":\"Role\"},\"options\":{},\"pluginOptions\":{\"content-manager\":{\"visible\":false},\"content-type-builder\":{\"visible\":false}},\"attributes\":{\"name\":{\"type\":\"string\",\"minLength\":1,\"unique\":true,\"configurable\":false,\"required\":true},\"code\":{\"type\":\"string\",\"minLength\":1,\"unique\":true,\"configurable\":false,\"required\":true},\"description\":{\"type\":\"string\",\"configurable\":false},\"users\":{\"configurable\":false,\"type\":\"relation\",\"relation\":\"manyToMany\",\"mappedBy\":\"roles\",\"target\":\"admin::user\"},\"permissions\":{\"configurable\":false,\"type\":\"relation\",\"relation\":\"oneToMany\",\"mappedBy\":\"role\",\"target\":\"admin::permission\"}},\"kind\":\"collectionType\"},\"modelType\":\"contentType\",\"modelName\":\"role\",\"connection\":\"default\",\"uid\":\"admin::role\",\"plugin\":\"admin\",\"globalId\":\"AdminRole\"},\"admin::api-token\":{\"collectionName\":\"strapi_api_tokens\",\"info\":{\"name\":\"Api Token\",\"singularName\":\"api-token\",\"pluralName\":\"api-tokens\",\"displayName\":\"Api Token\",\"description\":\"\"},\"options\":{},\"pluginOptions\":{\"content-manager\":{\"visible\":false},\"content-type-builder\":{\"visible\":false}},\"attributes\":{\"name\":{\"type\":\"string\",\"minLength\":1,\"configurable\":false,\"required\":true,\"unique\":true},\"description\":{\"type\":\"string\",\"minLength\":1,\"configurable\":false,\"required\":false,\"default\":\"\"},\"type\":{\"type\":\"enumeration\",\"enum\":[\"read-only\",\"full-access\",\"custom\"],\"configurable\":false,\"required\":true,\"default\":\"read-only\"},\"accessKey\":{\"type\":\"string\",\"minLength\":1,\"configurable\":false,\"required\":true,\"searchable\":false},\"lastUsedAt\":{\"type\":\"datetime\",\"configurable\":false,\"required\":false},\"permissions\":{\"type\":\"relation\",\"target\":\"admin::api-token-permission\",\"relation\":\"oneToMany\",\"mappedBy\":\"token\",\"configurable\":false,\"required\":false},\"expiresAt\":{\"type\":\"datetime\",\"configurable\":false,\"required\":false},\"lifespan\":{\"type\":\"biginteger\",\"configurable\":false,\"required\":false},\"createdAt\":{\"type\":\"datetime\"},\"updatedAt\":{\"type\":\"datetime\"},\"createdBy\":{\"type\":\"relation\",\"relation\":\"oneToOne\",\"target\":\"admin::user\",\"configurable\":false,\"writable\":false,\"visible\":false,\"useJoinTable\":false,\"private\":true},\"updatedBy\":{\"type\":\"relation\",\"relation\":\"oneToOne\",\"target\":\"admin::user\",\"configurable\":false,\"writable\":false,\"visible\":false,\"useJoinTable\":false,\"private\":true}},\"kind\":\"collectionType\",\"__schema__\":{\"collectionName\":\"strapi_api_tokens\",\"info\":{\"name\":\"Api Token\",\"singularName\":\"api-token\",\"pluralName\":\"api-tokens\",\"displayName\":\"Api Token\",\"description\":\"\"},\"options\":{},\"pluginOptions\":{\"content-manager\":{\"visible\":false},\"content-type-builder\":{\"visible\":false}},\"attributes\":{\"name\":{\"type\":\"string\",\"minLength\":1,\"configurable\":false,\"required\":true,\"unique\":true},\"description\":{\"type\":\"string\",\"minLength\":1,\"configurable\":false,\"required\":false,\"default\":\"\"},\"type\":{\"type\":\"enumeration\",\"enum\":[\"read-only\",\"full-access\",\"custom\"],\"configurable\":false,\"required\":true,\"default\":\"read-only\"},\"accessKey\":{\"type\":\"string\",\"minLength\":1,\"configurable\":false,\"required\":true,\"searchable\":false},\"lastUsedAt\":{\"type\":\"datetime\",\"configurable\":false,\"required\":false},\"permissions\":{\"type\":\"relation\",\"target\":\"admin::api-token-permission\",\"relation\":\"oneToMany\",\"mappedBy\":\"token\",\"configurable\":false,\"required\":false},\"expiresAt\":{\"type\":\"datetime\",\"configurable\":false,\"required\":false},\"lifespan\":{\"type\":\"biginteger\",\"configurable\":false,\"required\":false}},\"kind\":\"collectionType\"},\"modelType\":\"contentType\",\"modelName\":\"api-token\",\"connection\":\"default\",\"uid\":\"admin::api-token\",\"plugin\":\"admin\",\"globalId\":\"AdminApiToken\"},\"admin::api-token-permission\":{\"collectionName\":\"strapi_api_token_permissions\",\"info\":{\"name\":\"API Token Permission\",\"description\":\"\",\"singularName\":\"api-token-permission\",\"pluralName\":\"api-token-permissions\",\"displayName\":\"API Token Permission\"},\"options\":{},\"pluginOptions\":{\"content-manager\":{\"visible\":false},\"content-type-builder\":{\"visible\":false}},\"attributes\":{\"action\":{\"type\":\"string\",\"minLength\":1,\"configurable\":false,\"required\":true},\"token\":{\"configurable\":false,\"type\":\"relation\",\"relation\":\"manyToOne\",\"inversedBy\":\"permissions\",\"target\":\"admin::api-token\"},\"createdAt\":{\"type\":\"datetime\"},\"updatedAt\":{\"type\":\"datetime\"},\"createdBy\":{\"type\":\"relation\",\"relation\":\"oneToOne\",\"target\":\"admin::user\",\"configurable\":false,\"writable\":false,\"visible\":false,\"useJoinTable\":false,\"private\":true},\"updatedBy\":{\"type\":\"relation\",\"relation\":\"oneToOne\",\"target\":\"admin::user\",\"configurable\":false,\"writable\":false,\"visible\":false,\"useJoinTable\":false,\"private\":true}},\"kind\":\"collectionType\",\"__schema__\":{\"collectionName\":\"strapi_api_token_permissions\",\"info\":{\"name\":\"API Token Permission\",\"description\":\"\",\"singularName\":\"api-token-permission\",\"pluralName\":\"api-token-permissions\",\"displayName\":\"API Token Permission\"},\"options\":{},\"pluginOptions\":{\"content-manager\":{\"visible\":false},\"content-type-builder\":{\"visible\":false}},\"attributes\":{\"action\":{\"type\":\"string\",\"minLength\":1,\"configurable\":false,\"required\":true},\"token\":{\"configurable\":false,\"type\":\"relation\",\"relation\":\"manyToOne\",\"inversedBy\":\"permissions\",\"target\":\"admin::api-token\"}},\"kind\":\"collectionType\"},\"modelType\":\"contentType\",\"modelName\":\"api-token-permission\",\"connection\":\"default\",\"uid\":\"admin::api-token-permission\",\"plugin\":\"admin\",\"globalId\":\"AdminApiTokenPermission\"},\"admin::transfer-token\":{\"collectionName\":\"strapi_transfer_tokens\",\"info\":{\"name\":\"Transfer Token\",\"singularName\":\"transfer-token\",\"pluralName\":\"transfer-tokens\",\"displayName\":\"Transfer Token\",\"description\":\"\"},\"options\":{},\"pluginOptions\":{\"content-manager\":{\"visible\":false},\"content-type-builder\":{\"visible\":false}},\"attributes\":{\"name\":{\"type\":\"string\",\"minLength\":1,\"configurable\":false,\"required\":true,\"unique\":true},\"description\":{\"type\":\"string\",\"minLength\":1,\"configurable\":false,\"required\":false,\"default\":\"\"},\"accessKey\":{\"type\":\"string\",\"minLength\":1,\"configurable\":false,\"required\":true},\"lastUsedAt\":{\"type\":\"datetime\",\"configurable\":false,\"required\":false},\"permissions\":{\"type\":\"relation\",\"target\":\"admin::transfer-token-permission\",\"relation\":\"oneToMany\",\"mappedBy\":\"token\",\"configurable\":false,\"required\":false},\"expiresAt\":{\"type\":\"datetime\",\"configurable\":false,\"required\":false},\"lifespan\":{\"type\":\"biginteger\",\"configurable\":false,\"required\":false},\"createdAt\":{\"type\":\"datetime\"},\"updatedAt\":{\"type\":\"datetime\"},\"createdBy\":{\"type\":\"relation\",\"relation\":\"oneToOne\",\"target\":\"admin::user\",\"configurable\":false,\"writable\":false,\"visible\":false,\"useJoinTable\":false,\"private\":true},\"updatedBy\":{\"type\":\"relation\",\"relation\":\"oneToOne\",\"target\":\"admin::user\",\"configurable\":false,\"writable\":false,\"visible\":false,\"useJoinTable\":false,\"private\":true}},\"kind\":\"collectionType\",\"__schema__\":{\"collectionName\":\"strapi_transfer_tokens\",\"info\":{\"name\":\"Transfer Token\",\"singularName\":\"transfer-token\",\"pluralName\":\"transfer-tokens\",\"displayName\":\"Transfer Token\",\"description\":\"\"},\"options\":{},\"pluginOptions\":{\"content-manager\":{\"visible\":false},\"content-type-builder\":{\"visible\":false}},\"attributes\":{\"name\":{\"type\":\"string\",\"minLength\":1,\"configurable\":false,\"required\":true,\"unique\":true},\"description\":{\"type\":\"string\",\"minLength\":1,\"configurable\":false,\"required\":false,\"default\":\"\"},\"accessKey\":{\"type\":\"string\",\"minLength\":1,\"configurable\":false,\"required\":true},\"lastUsedAt\":{\"type\":\"datetime\",\"configurable\":false,\"required\":false},\"permissions\":{\"type\":\"relation\",\"target\":\"admin::transfer-token-permission\",\"relation\":\"oneToMany\",\"mappedBy\":\"token\",\"configurable\":false,\"required\":false},\"expiresAt\":{\"type\":\"datetime\",\"configurable\":false,\"required\":false},\"lifespan\":{\"type\":\"biginteger\",\"configurable\":false,\"required\":false}},\"kind\":\"collectionType\"},\"modelType\":\"contentType\",\"modelName\":\"transfer-token\",\"connection\":\"default\",\"uid\":\"admin::transfer-token\",\"plugin\":\"admin\",\"globalId\":\"AdminTransferToken\"},\"admin::transfer-token-permission\":{\"collectionName\":\"strapi_transfer_token_permissions\",\"info\":{\"name\":\"Transfer Token Permission\",\"description\":\"\",\"singularName\":\"transfer-token-permission\",\"pluralName\":\"transfer-token-permissions\",\"displayName\":\"Transfer Token Permission\"},\"options\":{},\"pluginOptions\":{\"content-manager\":{\"visible\":false},\"content-type-builder\":{\"visible\":false}},\"attributes\":{\"action\":{\"type\":\"string\",\"minLength\":1,\"configurable\":false,\"required\":true},\"token\":{\"configurable\":false,\"type\":\"relation\",\"relation\":\"manyToOne\",\"inversedBy\":\"permissions\",\"target\":\"admin::transfer-token\"},\"createdAt\":{\"type\":\"datetime\"},\"updatedAt\":{\"type\":\"datetime\"},\"createdBy\":{\"type\":\"relation\",\"relation\":\"oneToOne\",\"target\":\"admin::user\",\"configurable\":false,\"writable\":false,\"visible\":false,\"useJoinTable\":false,\"private\":true},\"updatedBy\":{\"type\":\"relation\",\"relation\":\"oneToOne\",\"target\":\"admin::user\",\"configurable\":false,\"writable\":false,\"visible\":false,\"useJoinTable\":false,\"private\":true}},\"kind\":\"collectionType\",\"__schema__\":{\"collectionName\":\"strapi_transfer_token_permissions\",\"info\":{\"name\":\"Transfer Token Permission\",\"description\":\"\",\"singularName\":\"transfer-token-permission\",\"pluralName\":\"transfer-token-permissions\",\"displayName\":\"Transfer Token Permission\"},\"options\":{},\"pluginOptions\":{\"content-manager\":{\"visible\":false},\"content-type-builder\":{\"visible\":false}},\"attributes\":{\"action\":{\"type\":\"string\",\"minLength\":1,\"configurable\":false,\"required\":true},\"token\":{\"configurable\":false,\"type\":\"relation\",\"relation\":\"manyToOne\",\"inversedBy\":\"permissions\",\"target\":\"admin::transfer-token\"}},\"kind\":\"collectionType\"},\"modelType\":\"contentType\",\"modelName\":\"transfer-token-permission\",\"connection\":\"default\",\"uid\":\"admin::transfer-token-permission\",\"plugin\":\"admin\",\"globalId\":\"AdminTransferTokenPermission\"},\"plugin::upload.file\":{\"collectionName\":\"files\",\"info\":{\"singularName\":\"file\",\"pluralName\":\"files\",\"displayName\":\"File\",\"description\":\"\"},\"options\":{},\"pluginOptions\":{\"content-manager\":{\"visible\":false},\"content-type-builder\":{\"visible\":false}},\"attributes\":{\"name\":{\"type\":\"string\",\"configurable\":false,\"required\":true},\"alternativeText\":{\"type\":\"string\",\"configurable\":false},\"caption\":{\"type\":\"string\",\"configurable\":false},\"width\":{\"type\":\"integer\",\"configurable\":false},\"height\":{\"type\":\"integer\",\"configurable\":false},\"formats\":{\"type\":\"json\",\"configurable\":false},\"hash\":{\"type\":\"string\",\"configurable\":false,\"required\":true},\"ext\":{\"type\":\"string\",\"configurable\":false},\"mime\":{\"type\":\"string\",\"configurable\":false,\"required\":true},\"size\":{\"type\":\"decimal\",\"configurable\":false,\"required\":true},\"url\":{\"type\":\"string\",\"configurable\":false,\"required\":true},\"previewUrl\":{\"type\":\"string\",\"configurable\":false},\"provider\":{\"type\":\"string\",\"configurable\":false,\"required\":true},\"provider_metadata\":{\"type\":\"json\",\"configurable\":false},\"related\":{\"type\":\"relation\",\"relation\":\"morphToMany\",\"configurable\":false},\"folder\":{\"type\":\"relation\",\"relation\":\"manyToOne\",\"target\":\"plugin::upload.folder\",\"inversedBy\":\"files\",\"private\":true},\"folderPath\":{\"type\":\"string\",\"min\":1,\"required\":true,\"private\":true,\"searchable\":false},\"createdAt\":{\"type\":\"datetime\"},\"updatedAt\":{\"type\":\"datetime\"},\"createdBy\":{\"type\":\"relation\",\"relation\":\"oneToOne\",\"target\":\"admin::user\",\"configurable\":false,\"writable\":false,\"visible\":false,\"useJoinTable\":false,\"private\":true},\"updatedBy\":{\"type\":\"relation\",\"relation\":\"oneToOne\",\"target\":\"admin::user\",\"configurable\":false,\"writable\":false,\"visible\":false,\"useJoinTable\":false,\"private\":true}},\"indexes\":[{\"name\":\"upload_files_folder_path_index\",\"columns\":[\"folder_path\"],\"type\":null},{\"name\":\"upload_files_created_at_index\",\"columns\":[\"created_at\"],\"type\":null},{\"name\":\"upload_files_updated_at_index\",\"columns\":[\"updated_at\"],\"type\":null},{\"name\":\"upload_files_name_index\",\"columns\":[\"name\"],\"type\":null},{\"name\":\"upload_files_size_index\",\"columns\":[\"size\"],\"type\":null},{\"name\":\"upload_files_ext_index\",\"columns\":[\"ext\"],\"type\":null}],\"kind\":\"collectionType\",\"__schema__\":{\"collectionName\":\"files\",\"info\":{\"singularName\":\"file\",\"pluralName\":\"files\",\"displayName\":\"File\",\"description\":\"\"},\"options\":{},\"pluginOptions\":{\"content-manager\":{\"visible\":false},\"content-type-builder\":{\"visible\":false}},\"attributes\":{\"name\":{\"type\":\"string\",\"configurable\":false,\"required\":true},\"alternativeText\":{\"type\":\"string\",\"configurable\":false},\"caption\":{\"type\":\"string\",\"configurable\":false},\"width\":{\"type\":\"integer\",\"configurable\":false},\"height\":{\"type\":\"integer\",\"configurable\":false},\"formats\":{\"type\":\"json\",\"configurable\":false},\"hash\":{\"type\":\"string\",\"configurable\":false,\"required\":true},\"ext\":{\"type\":\"string\",\"configurable\":false},\"mime\":{\"type\":\"string\",\"configurable\":false,\"required\":true},\"size\":{\"type\":\"decimal\",\"configurable\":false,\"required\":true},\"url\":{\"type\":\"string\",\"configurable\":false,\"required\":true},\"previewUrl\":{\"type\":\"string\",\"configurable\":false},\"provider\":{\"type\":\"string\",\"configurable\":false,\"required\":true},\"provider_metadata\":{\"type\":\"json\",\"configurable\":false},\"related\":{\"type\":\"relation\",\"relation\":\"morphToMany\",\"configurable\":false},\"folder\":{\"type\":\"relation\",\"relation\":\"manyToOne\",\"target\":\"plugin::upload.folder\",\"inversedBy\":\"files\",\"private\":true},\"folderPath\":{\"type\":\"string\",\"min\":1,\"required\":true,\"private\":true,\"searchable\":false}},\"kind\":\"collectionType\"},\"modelType\":\"contentType\",\"modelName\":\"file\",\"connection\":\"default\",\"uid\":\"plugin::upload.file\",\"plugin\":\"upload\",\"globalId\":\"UploadFile\"},\"plugin::upload.folder\":{\"collectionName\":\"upload_folders\",\"info\":{\"singularName\":\"folder\",\"pluralName\":\"folders\",\"displayName\":\"Folder\"},\"options\":{},\"pluginOptions\":{\"content-manager\":{\"visible\":false},\"content-type-builder\":{\"visible\":false}},\"attributes\":{\"name\":{\"type\":\"string\",\"min\":1,\"required\":true},\"pathId\":{\"type\":\"integer\",\"unique\":true,\"required\":true},\"parent\":{\"type\":\"relation\",\"relation\":\"manyToOne\",\"target\":\"plugin::upload.folder\",\"inversedBy\":\"children\"},\"children\":{\"type\":\"relation\",\"relation\":\"oneToMany\",\"target\":\"plugin::upload.folder\",\"mappedBy\":\"parent\"},\"files\":{\"type\":\"relation\",\"relation\":\"oneToMany\",\"target\":\"plugin::upload.file\",\"mappedBy\":\"folder\"},\"path\":{\"type\":\"string\",\"min\":1,\"required\":true},\"createdAt\":{\"type\":\"datetime\"},\"updatedAt\":{\"type\":\"datetime\"},\"createdBy\":{\"type\":\"relation\",\"relation\":\"oneToOne\",\"target\":\"admin::user\",\"configurable\":false,\"writable\":false,\"visible\":false,\"useJoinTable\":false,\"private\":true},\"updatedBy\":{\"type\":\"relation\",\"relation\":\"oneToOne\",\"target\":\"admin::user\",\"configurable\":false,\"writable\":false,\"visible\":false,\"useJoinTable\":false,\"private\":true}},\"indexes\":[{\"name\":\"upload_folders_path_id_index\",\"columns\":[\"path_id\"],\"type\":\"unique\"},{\"name\":\"upload_folders_path_index\",\"columns\":[\"path\"],\"type\":\"unique\"}],\"kind\":\"collectionType\",\"__schema__\":{\"collectionName\":\"upload_folders\",\"info\":{\"singularName\":\"folder\",\"pluralName\":\"folders\",\"displayName\":\"Folder\"},\"options\":{},\"pluginOptions\":{\"content-manager\":{\"visible\":false},\"content-type-builder\":{\"visible\":false}},\"attributes\":{\"name\":{\"type\":\"string\",\"min\":1,\"required\":true},\"pathId\":{\"type\":\"integer\",\"unique\":true,\"required\":true},\"parent\":{\"type\":\"relation\",\"relation\":\"manyToOne\",\"target\":\"plugin::upload.folder\",\"inversedBy\":\"children\"},\"children\":{\"type\":\"relation\",\"relation\":\"oneToMany\",\"target\":\"plugin::upload.folder\",\"mappedBy\":\"parent\"},\"files\":{\"type\":\"relation\",\"relation\":\"oneToMany\",\"target\":\"plugin::upload.file\",\"mappedBy\":\"folder\"},\"path\":{\"type\":\"string\",\"min\":1,\"required\":true}},\"kind\":\"collectionType\"},\"modelType\":\"contentType\",\"modelName\":\"folder\",\"connection\":\"default\",\"uid\":\"plugin::upload.folder\",\"plugin\":\"upload\",\"globalId\":\"UploadFolder\"},\"plugin::content-releases.release\":{\"collectionName\":\"strapi_releases\",\"info\":{\"singularName\":\"release\",\"pluralName\":\"releases\",\"displayName\":\"Release\"},\"options\":{\"draftAndPublish\":false},\"pluginOptions\":{\"content-manager\":{\"visible\":false},\"content-type-builder\":{\"visible\":false}},\"attributes\":{\"name\":{\"type\":\"string\",\"required\":true},\"releasedAt\":{\"type\":\"datetime\"},\"scheduledAt\":{\"type\":\"datetime\"},\"timezone\":{\"type\":\"string\"},\"status\":{\"type\":\"enumeration\",\"enum\":[\"ready\",\"blocked\",\"failed\",\"done\",\"empty\"],\"required\":true},\"actions\":{\"type\":\"relation\",\"relation\":\"oneToMany\",\"target\":\"plugin::content-releases.release-action\",\"mappedBy\":\"release\"},\"createdAt\":{\"type\":\"datetime\"},\"updatedAt\":{\"type\":\"datetime\"},\"createdBy\":{\"type\":\"relation\",\"relation\":\"oneToOne\",\"target\":\"admin::user\",\"configurable\":false,\"writable\":false,\"visible\":false,\"useJoinTable\":false,\"private\":true},\"updatedBy\":{\"type\":\"relation\",\"relation\":\"oneToOne\",\"target\":\"admin::user\",\"configurable\":false,\"writable\":false,\"visible\":false,\"useJoinTable\":false,\"private\":true}},\"kind\":\"collectionType\",\"__schema__\":{\"collectionName\":\"strapi_releases\",\"info\":{\"singularName\":\"release\",\"pluralName\":\"releases\",\"displayName\":\"Release\"},\"options\":{\"draftAndPublish\":false},\"pluginOptions\":{\"content-manager\":{\"visible\":false},\"content-type-builder\":{\"visible\":false}},\"attributes\":{\"name\":{\"type\":\"string\",\"required\":true},\"releasedAt\":{\"type\":\"datetime\"},\"scheduledAt\":{\"type\":\"datetime\"},\"timezone\":{\"type\":\"string\"},\"status\":{\"type\":\"enumeration\",\"enum\":[\"ready\",\"blocked\",\"failed\",\"done\",\"empty\"],\"required\":true},\"actions\":{\"type\":\"relation\",\"relation\":\"oneToMany\",\"target\":\"plugin::content-releases.release-action\",\"mappedBy\":\"release\"}},\"kind\":\"collectionType\"},\"modelType\":\"contentType\",\"modelName\":\"release\",\"connection\":\"default\",\"uid\":\"plugin::content-releases.release\",\"plugin\":\"content-releases\",\"globalId\":\"ContentReleasesRelease\"},\"plugin::content-releases.release-action\":{\"collectionName\":\"strapi_release_actions\",\"info\":{\"singularName\":\"release-action\",\"pluralName\":\"release-actions\",\"displayName\":\"Release Action\"},\"options\":{\"draftAndPublish\":false},\"pluginOptions\":{\"content-manager\":{\"visible\":false},\"content-type-builder\":{\"visible\":false}},\"attributes\":{\"type\":{\"type\":\"enumeration\",\"enum\":[\"publish\",\"unpublish\"],\"required\":true},\"entry\":{\"type\":\"relation\",\"relation\":\"morphToOne\",\"configurable\":false},\"contentType\":{\"type\":\"string\",\"required\":true},\"locale\":{\"type\":\"string\"},\"release\":{\"type\":\"relation\",\"relation\":\"manyToOne\",\"target\":\"plugin::content-releases.release\",\"inversedBy\":\"actions\"},\"isEntryValid\":{\"type\":\"boolean\"},\"createdAt\":{\"type\":\"datetime\"},\"updatedAt\":{\"type\":\"datetime\"},\"createdBy\":{\"type\":\"relation\",\"relation\":\"oneToOne\",\"target\":\"admin::user\",\"configurable\":false,\"writable\":false,\"visible\":false,\"useJoinTable\":false,\"private\":true},\"updatedBy\":{\"type\":\"relation\",\"relation\":\"oneToOne\",\"target\":\"admin::user\",\"configurable\":false,\"writable\":false,\"visible\":false,\"useJoinTable\":false,\"private\":true}},\"kind\":\"collectionType\",\"__schema__\":{\"collectionName\":\"strapi_release_actions\",\"info\":{\"singularName\":\"release-action\",\"pluralName\":\"release-actions\",\"displayName\":\"Release Action\"},\"options\":{\"draftAndPublish\":false},\"pluginOptions\":{\"content-manager\":{\"visible\":false},\"content-type-builder\":{\"visible\":false}},\"attributes\":{\"type\":{\"type\":\"enumeration\",\"enum\":[\"publish\",\"unpublish\"],\"required\":true},\"entry\":{\"type\":\"relation\",\"relation\":\"morphToOne\",\"configurable\":false},\"contentType\":{\"type\":\"string\",\"required\":true},\"locale\":{\"type\":\"string\"},\"release\":{\"type\":\"relation\",\"relation\":\"manyToOne\",\"target\":\"plugin::content-releases.release\",\"inversedBy\":\"actions\"},\"isEntryValid\":{\"type\":\"boolean\"}},\"kind\":\"collectionType\"},\"modelType\":\"contentType\",\"modelName\":\"release-action\",\"connection\":\"default\",\"uid\":\"plugin::content-releases.release-action\",\"plugin\":\"content-releases\",\"globalId\":\"ContentReleasesReleaseAction\"},\"plugin::i18n.locale\":{\"info\":{\"singularName\":\"locale\",\"pluralName\":\"locales\",\"collectionName\":\"locales\",\"displayName\":\"Locale\",\"description\":\"\"},\"options\":{\"draftAndPublish\":false},\"pluginOptions\":{\"content-manager\":{\"visible\":false},\"content-type-builder\":{\"visible\":false}},\"attributes\":{\"name\":{\"type\":\"string\",\"min\":1,\"max\":50,\"configurable\":false},\"code\":{\"type\":\"string\",\"unique\":true,\"configurable\":false},\"createdAt\":{\"type\":\"datetime\"},\"updatedAt\":{\"type\":\"datetime\"},\"createdBy\":{\"type\":\"relation\",\"relation\":\"oneToOne\",\"target\":\"admin::user\",\"configurable\":false,\"writable\":false,\"visible\":false,\"useJoinTable\":false,\"private\":true},\"updatedBy\":{\"type\":\"relation\",\"relation\":\"oneToOne\",\"target\":\"admin::user\",\"configurable\":false,\"writable\":false,\"visible\":false,\"useJoinTable\":false,\"private\":true}},\"kind\":\"collectionType\",\"__schema__\":{\"info\":{\"singularName\":\"locale\",\"pluralName\":\"locales\",\"collectionName\":\"locales\",\"displayName\":\"Locale\",\"description\":\"\"},\"options\":{\"draftAndPublish\":false},\"pluginOptions\":{\"content-manager\":{\"visible\":false},\"content-type-builder\":{\"visible\":false}},\"attributes\":{\"name\":{\"type\":\"string\",\"min\":1,\"max\":50,\"configurable\":false},\"code\":{\"type\":\"string\",\"unique\":true,\"configurable\":false}},\"kind\":\"collectionType\"},\"modelType\":\"contentType\",\"modelName\":\"locale\",\"connection\":\"default\",\"uid\":\"plugin::i18n.locale\",\"plugin\":\"i18n\",\"collectionName\":\"i18n_locale\",\"globalId\":\"I18NLocale\"},\"plugin::users-permissions.permission\":{\"collectionName\":\"up_permissions\",\"info\":{\"name\":\"permission\",\"description\":\"\",\"singularName\":\"permission\",\"pluralName\":\"permissions\",\"displayName\":\"Permission\"},\"pluginOptions\":{\"content-manager\":{\"visible\":false},\"content-type-builder\":{\"visible\":false}},\"attributes\":{\"action\":{\"type\":\"string\",\"required\":true,\"configurable\":false},\"role\":{\"type\":\"relation\",\"relation\":\"manyToOne\",\"target\":\"plugin::users-permissions.role\",\"inversedBy\":\"permissions\",\"configurable\":false},\"createdAt\":{\"type\":\"datetime\"},\"updatedAt\":{\"type\":\"datetime\"},\"createdBy\":{\"type\":\"relation\",\"relation\":\"oneToOne\",\"target\":\"admin::user\",\"configurable\":false,\"writable\":false,\"visible\":false,\"useJoinTable\":false,\"private\":true},\"updatedBy\":{\"type\":\"relation\",\"relation\":\"oneToOne\",\"target\":\"admin::user\",\"configurable\":false,\"writable\":false,\"visible\":false,\"useJoinTable\":false,\"private\":true}},\"kind\":\"collectionType\",\"__schema__\":{\"collectionName\":\"up_permissions\",\"info\":{\"name\":\"permission\",\"description\":\"\",\"singularName\":\"permission\",\"pluralName\":\"permissions\",\"displayName\":\"Permission\"},\"pluginOptions\":{\"content-manager\":{\"visible\":false},\"content-type-builder\":{\"visible\":false}},\"attributes\":{\"action\":{\"type\":\"string\",\"required\":true,\"configurable\":false},\"role\":{\"type\":\"relation\",\"relation\":\"manyToOne\",\"target\":\"plugin::users-permissions.role\",\"inversedBy\":\"permissions\",\"configurable\":false}},\"kind\":\"collectionType\"},\"modelType\":\"contentType\",\"modelName\":\"permission\",\"connection\":\"default\",\"uid\":\"plugin::users-permissions.permission\",\"plugin\":\"users-permissions\",\"globalId\":\"UsersPermissionsPermission\"},\"plugin::users-permissions.role\":{\"collectionName\":\"up_roles\",\"info\":{\"name\":\"role\",\"description\":\"\",\"singularName\":\"role\",\"pluralName\":\"roles\",\"displayName\":\"Role\"},\"pluginOptions\":{\"content-manager\":{\"visible\":false},\"content-type-builder\":{\"visible\":false}},\"attributes\":{\"name\":{\"type\":\"string\",\"minLength\":3,\"required\":true,\"configurable\":false},\"description\":{\"type\":\"string\",\"configurable\":false},\"type\":{\"type\":\"string\",\"unique\":true,\"configurable\":false},\"permissions\":{\"type\":\"relation\",\"relation\":\"oneToMany\",\"target\":\"plugin::users-permissions.permission\",\"mappedBy\":\"role\",\"configurable\":false},\"users\":{\"type\":\"relation\",\"relation\":\"oneToMany\",\"target\":\"plugin::users-permissions.user\",\"mappedBy\":\"role\",\"configurable\":false},\"createdAt\":{\"type\":\"datetime\"},\"updatedAt\":{\"type\":\"datetime\"},\"createdBy\":{\"type\":\"relation\",\"relation\":\"oneToOne\",\"target\":\"admin::user\",\"configurable\":false,\"writable\":false,\"visible\":false,\"useJoinTable\":false,\"private\":true},\"updatedBy\":{\"type\":\"relation\",\"relation\":\"oneToOne\",\"target\":\"admin::user\",\"configurable\":false,\"writable\":false,\"visible\":false,\"useJoinTable\":false,\"private\":true}},\"kind\":\"collectionType\",\"__schema__\":{\"collectionName\":\"up_roles\",\"info\":{\"name\":\"role\",\"description\":\"\",\"singularName\":\"role\",\"pluralName\":\"roles\",\"displayName\":\"Role\"},\"pluginOptions\":{\"content-manager\":{\"visible\":false},\"content-type-builder\":{\"visible\":false}},\"attributes\":{\"name\":{\"type\":\"string\",\"minLength\":3,\"required\":true,\"configurable\":false},\"description\":{\"type\":\"string\",\"configurable\":false},\"type\":{\"type\":\"string\",\"unique\":true,\"configurable\":false},\"permissions\":{\"type\":\"relation\",\"relation\":\"oneToMany\",\"target\":\"plugin::users-permissions.permission\",\"mappedBy\":\"role\",\"configurable\":false},\"users\":{\"type\":\"relation\",\"relation\":\"oneToMany\",\"target\":\"plugin::users-permissions.user\",\"mappedBy\":\"role\",\"configurable\":false}},\"kind\":\"collectionType\"},\"modelType\":\"contentType\",\"modelName\":\"role\",\"connection\":\"default\",\"uid\":\"plugin::users-permissions.role\",\"plugin\":\"users-permissions\",\"globalId\":\"UsersPermissionsRole\"},\"plugin::users-permissions.user\":{\"collectionName\":\"up_users\",\"info\":{\"name\":\"user\",\"description\":\"\",\"singularName\":\"user\",\"pluralName\":\"users\",\"displayName\":\"User\"},\"options\":{\"draftAndPublish\":false},\"attributes\":{\"username\":{\"type\":\"string\",\"minLength\":3,\"unique\":true,\"configurable\":false,\"required\":true},\"email\":{\"type\":\"email\",\"minLength\":6,\"configurable\":false,\"required\":true},\"provider\":{\"type\":\"string\",\"configurable\":false},\"password\":{\"type\":\"password\",\"minLength\":6,\"configurable\":false,\"private\":true,\"searchable\":false},\"resetPasswordToken\":{\"type\":\"string\",\"configurable\":false,\"private\":true,\"searchable\":false},\"confirmationToken\":{\"type\":\"string\",\"configurable\":false,\"private\":true,\"searchable\":false},\"confirmed\":{\"type\":\"boolean\",\"default\":false,\"configurable\":false},\"blocked\":{\"type\":\"boolean\",\"default\":false,\"configurable\":false},\"role\":{\"type\":\"relation\",\"relation\":\"manyToOne\",\"target\":\"plugin::users-permissions.role\",\"inversedBy\":\"users\",\"configurable\":false},\"notification\":{\"type\":\"boolean\",\"default\":false},\"createdAt\":{\"type\":\"datetime\"},\"updatedAt\":{\"type\":\"datetime\"},\"createdBy\":{\"type\":\"relation\",\"relation\":\"oneToOne\",\"target\":\"admin::user\",\"configurable\":false,\"writable\":false,\"visible\":false,\"useJoinTable\":false,\"private\":true},\"updatedBy\":{\"type\":\"relation\",\"relation\":\"oneToOne\",\"target\":\"admin::user\",\"configurable\":false,\"writable\":false,\"visible\":false,\"useJoinTable\":false,\"private\":true}},\"config\":{\"attributes\":{\"resetPasswordToken\":{\"hidden\":true},\"confirmationToken\":{\"hidden\":true},\"provider\":{\"hidden\":true}}},\"kind\":\"collectionType\",\"__filename__\":\"schema.json\",\"__schema__\":{\"collectionName\":\"up_users\",\"info\":{\"name\":\"user\",\"description\":\"\",\"singularName\":\"user\",\"pluralName\":\"users\",\"displayName\":\"User\"},\"options\":{\"draftAndPublish\":false},\"attributes\":{\"username\":{\"type\":\"string\",\"minLength\":3,\"unique\":true,\"configurable\":false,\"required\":true},\"email\":{\"type\":\"email\",\"minLength\":6,\"configurable\":false,\"required\":true},\"provider\":{\"type\":\"string\",\"configurable\":false},\"password\":{\"type\":\"password\",\"minLength\":6,\"configurable\":false,\"private\":true,\"searchable\":false},\"resetPasswordToken\":{\"type\":\"string\",\"configurable\":false,\"private\":true,\"searchable\":false},\"confirmationToken\":{\"type\":\"string\",\"configurable\":false,\"private\":true,\"searchable\":false},\"confirmed\":{\"type\":\"boolean\",\"default\":false,\"configurable\":false},\"blocked\":{\"type\":\"boolean\",\"default\":false,\"configurable\":false},\"role\":{\"type\":\"relation\",\"relation\":\"manyToOne\",\"target\":\"plugin::users-permissions.role\",\"inversedBy\":\"users\",\"configurable\":false},\"notification\":{\"type\":\"boolean\",\"default\":false}},\"kind\":\"collectionType\"},\"modelType\":\"contentType\",\"modelName\":\"user\",\"connection\":\"default\",\"uid\":\"plugin::users-permissions.user\",\"plugin\":\"users-permissions\",\"globalId\":\"UsersPermissionsUser\"},\"api::articoli-gdpr.articoli-gdpr\":{\"kind\":\"collectionType\",\"collectionName\":\"articoli_gdprs\",\"info\":{\"singularName\":\"articoli-gdpr\",\"pluralName\":\"articoli-gdprs\",\"displayName\":\"Articoli GDPR\",\"description\":\"\"},\"options\":{\"draftAndPublish\":false},\"pluginOptions\":{},\"attributes\":{\"identificatore\":{\"type\":\"integer\"},\"nome\":{\"type\":\"string\"},\"patterns\":{\"type\":\"relation\",\"relation\":\"manyToMany\",\"target\":\"api::pattern.pattern\",\"inversedBy\":\"articoli_gdprs\"},\"createdAt\":{\"type\":\"datetime\"},\"updatedAt\":{\"type\":\"datetime\"},\"createdBy\":{\"type\":\"relation\",\"relation\":\"oneToOne\",\"target\":\"admin::user\",\"configurable\":false,\"writable\":false,\"visible\":false,\"useJoinTable\":false,\"private\":true},\"updatedBy\":{\"type\":\"relation\",\"relation\":\"oneToOne\",\"target\":\"admin::user\",\"configurable\":false,\"writable\":false,\"visible\":false,\"useJoinTable\":false,\"private\":true}},\"__schema__\":{\"collectionName\":\"articoli_gdprs\",\"info\":{\"singularName\":\"articoli-gdpr\",\"pluralName\":\"articoli-gdprs\",\"displayName\":\"Articoli GDPR\",\"description\":\"\"},\"options\":{\"draftAndPublish\":false},\"pluginOptions\":{},\"attributes\":{\"identificatore\":{\"type\":\"integer\"},\"nome\":{\"type\":\"string\"},\"patterns\":{\"type\":\"relation\",\"relation\":\"manyToMany\",\"target\":\"api::pattern.pattern\",\"inversedBy\":\"articoli_gdprs\"}},\"kind\":\"collectionType\"},\"modelType\":\"contentType\",\"modelName\":\"articoli-gdpr\",\"connection\":\"default\",\"uid\":\"api::articoli-gdpr.articoli-gdpr\",\"apiName\":\"articoli-gdpr\",\"globalId\":\"ArticoliGdpr\",\"actions\":{},\"lifecycles\":{}},\"api::cwe-top-25-weakness.cwe-top-25-weakness\":{\"kind\":\"collectionType\",\"collectionName\":\"cwe_top_25_weaknesses\",\"info\":{\"singularName\":\"cwe-top-25-weakness\",\"pluralName\":\"cwe-top-25-weaknesses\",\"displayName\":\"CWE Top 25 Weakness\",\"description\":\"\"},\"options\":{\"draftAndPublish\":true},\"pluginOptions\":{},\"attributes\":{\"identificatore\":{\"type\":\"string\"},\"nome\":{\"type\":\"text\"},\"patterns\":{\"type\":\"relation\",\"relation\":\"manyToMany\",\"target\":\"api::pattern.pattern\",\"inversedBy\":\"cwe_top_25_weaknesses\"},\"createdAt\":{\"type\":\"datetime\"},\"updatedAt\":{\"type\":\"datetime\"},\"publishedAt\":{\"type\":\"datetime\",\"configurable\":false,\"writable\":true,\"visible\":false},\"createdBy\":{\"type\":\"relation\",\"relation\":\"oneToOne\",\"target\":\"admin::user\",\"configurable\":false,\"writable\":false,\"visible\":false,\"useJoinTable\":false,\"private\":true},\"updatedBy\":{\"type\":\"relation\",\"relation\":\"oneToOne\",\"target\":\"admin::user\",\"configurable\":false,\"writable\":false,\"visible\":false,\"useJoinTable\":false,\"private\":true}},\"__schema__\":{\"collectionName\":\"cwe_top_25_weaknesses\",\"info\":{\"singularName\":\"cwe-top-25-weakness\",\"pluralName\":\"cwe-top-25-weaknesses\",\"displayName\":\"CWE Top 25 Weakness\",\"description\":\"\"},\"options\":{\"draftAndPublish\":true},\"pluginOptions\":{},\"attributes\":{\"identificatore\":{\"type\":\"string\"},\"nome\":{\"type\":\"text\"},\"patterns\":{\"type\":\"relation\",\"relation\":\"manyToMany\",\"target\":\"api::pattern.pattern\",\"inversedBy\":\"cwe_top_25_weaknesses\"}},\"kind\":\"collectionType\"},\"modelType\":\"contentType\",\"modelName\":\"cwe-top-25-weakness\",\"connection\":\"default\",\"uid\":\"api::cwe-top-25-weakness.cwe-top-25-weakness\",\"apiName\":\"cwe-top-25-weakness\",\"globalId\":\"CweTop25Weakness\",\"actions\":{},\"lifecycles\":{}},\"api::example.example\":{\"kind\":\"collectionType\",\"collectionName\":\"examples\",\"info\":{\"singularName\":\"example\",\"pluralName\":\"examples\",\"displayName\":\"Example\",\"description\":\"\"},\"options\":{\"draftAndPublish\":false},\"pluginOptions\":{},\"attributes\":{\"testo\":{\"type\":\"text\"},\"createdAt\":{\"type\":\"datetime\"},\"updatedAt\":{\"type\":\"datetime\"},\"createdBy\":{\"type\":\"relation\",\"relation\":\"oneToOne\",\"target\":\"admin::user\",\"configurable\":false,\"writable\":false,\"visible\":false,\"useJoinTable\":false,\"private\":true},\"updatedBy\":{\"type\":\"relation\",\"relation\":\"oneToOne\",\"target\":\"admin::user\",\"configurable\":false,\"writable\":false,\"visible\":false,\"useJoinTable\":false,\"private\":true}},\"__schema__\":{\"collectionName\":\"examples\",\"info\":{\"singularName\":\"example\",\"pluralName\":\"examples\",\"displayName\":\"Example\",\"description\":\"\"},\"options\":{\"draftAndPublish\":false},\"pluginOptions\":{},\"attributes\":{\"testo\":{\"type\":\"text\"}},\"kind\":\"collectionType\"},\"modelType\":\"contentType\",\"modelName\":\"example\",\"connection\":\"default\",\"uid\":\"api::example.example\",\"apiName\":\"example\",\"globalId\":\"Example\",\"actions\":{},\"lifecycles\":{}},\"api::feedback.feedback\":{\"kind\":\"collectionType\",\"collectionName\":\"feedbacks\",\"info\":{\"singularName\":\"feedback\",\"pluralName\":\"feedbacks\",\"displayName\":\"feedback\",\"description\":\"\"},\"options\":{\"draftAndPublish\":false},\"pluginOptions\":{},\"attributes\":{\"users_permissions_user\":{\"type\":\"relation\",\"relation\":\"oneToOne\",\"target\":\"plugin::users-permissions.user\"},\"commento\":{\"type\":\"text\"},\"collection\":{\"type\":\"enumeration\",\"enum\":[\"Pattern\",\"Strategia\",\"Articoli GDPR\",\"OWASP Top 10 Category\",\"ISO 9241-210 Phase\"]},\"nameOfObject\":{\"type\":\"string\"},\"createdAt\":{\"type\":\"datetime\"},\"updatedAt\":{\"type\":\"datetime\"},\"createdBy\":{\"type\":\"relation\",\"relation\":\"oneToOne\",\"target\":\"admin::user\",\"configurable\":false,\"writable\":false,\"visible\":false,\"useJoinTable\":false,\"private\":true},\"updatedBy\":{\"type\":\"relation\",\"relation\":\"oneToOne\",\"target\":\"admin::user\",\"configurable\":false,\"writable\":false,\"visible\":false,\"useJoinTable\":false,\"private\":true}},\"__schema__\":{\"collectionName\":\"feedbacks\",\"info\":{\"singularName\":\"feedback\",\"pluralName\":\"feedbacks\",\"displayName\":\"feedback\",\"description\":\"\"},\"options\":{\"draftAndPublish\":false},\"pluginOptions\":{},\"attributes\":{\"users_permissions_user\":{\"type\":\"relation\",\"relation\":\"oneToOne\",\"target\":\"plugin::users-permissions.user\"},\"commento\":{\"type\":\"text\"},\"collection\":{\"type\":\"enumeration\",\"enum\":[\"Pattern\",\"Strategia\",\"Articoli GDPR\",\"OWASP Top 10 Category\",\"ISO 9241-210 Phase\"]},\"nameOfObject\":{\"type\":\"string\"}},\"kind\":\"collectionType\"},\"modelType\":\"contentType\",\"modelName\":\"feedback\",\"connection\":\"default\",\"uid\":\"api::feedback.feedback\",\"apiName\":\"feedback\",\"globalId\":\"Feedback\",\"actions\":{},\"lifecycles\":{}},\"api::iso-9241-210-phase.iso-9241-210-phase\":{\"kind\":\"collectionType\",\"collectionName\":\"iso_9241_210_phases\",\"info\":{\"singularName\":\"iso-9241-210-phase\",\"pluralName\":\"iso-9241-210-phases\",\"displayName\":\"ISO 9241-210 Phase\",\"description\":\"\"},\"options\":{\"draftAndPublish\":true},\"pluginOptions\":{},\"attributes\":{\"identificatore\":{\"type\":\"decimal\"},\"nome\":{\"type\":\"string\"},\"patterns\":{\"type\":\"relation\",\"relation\":\"manyToMany\",\"target\":\"api::pattern.pattern\",\"inversedBy\":\"iso_9241_210_phases\"},\"privacy_by_design_principles\":{\"type\":\"relation\",\"relation\":\"oneToMany\",\"target\":\"api::privacy-by-design-principle.privacy-by-design-principle\"},\"createdAt\":{\"type\":\"datetime\"},\"updatedAt\":{\"type\":\"datetime\"},\"publishedAt\":{\"type\":\"datetime\",\"configurable\":false,\"writable\":true,\"visible\":false},\"createdBy\":{\"type\":\"relation\",\"relation\":\"oneToOne\",\"target\":\"admin::user\",\"configurable\":false,\"writable\":false,\"visible\":false,\"useJoinTable\":false,\"private\":true},\"updatedBy\":{\"type\":\"relation\",\"relation\":\"oneToOne\",\"target\":\"admin::user\",\"configurable\":false,\"writable\":false,\"visible\":false,\"useJoinTable\":false,\"private\":true}},\"__schema__\":{\"collectionName\":\"iso_9241_210_phases\",\"info\":{\"singularName\":\"iso-9241-210-phase\",\"pluralName\":\"iso-9241-210-phases\",\"displayName\":\"ISO 9241-210 Phase\",\"description\":\"\"},\"options\":{\"draftAndPublish\":true},\"pluginOptions\":{},\"attributes\":{\"identificatore\":{\"type\":\"decimal\"},\"nome\":{\"type\":\"string\"},\"patterns\":{\"type\":\"relation\",\"relation\":\"manyToMany\",\"target\":\"api::pattern.pattern\",\"inversedBy\":\"iso_9241_210_phases\"},\"privacy_by_design_principles\":{\"type\":\"relation\",\"relation\":\"oneToMany\",\"target\":\"api::privacy-by-design-principle.privacy-by-design-principle\"}},\"kind\":\"collectionType\"},\"modelType\":\"contentType\",\"modelName\":\"iso-9241-210-phase\",\"connection\":\"default\",\"uid\":\"api::iso-9241-210-phase.iso-9241-210-phase\",\"apiName\":\"iso-9241-210-phase\",\"globalId\":\"Iso9241210Phase\",\"actions\":{},\"lifecycles\":{}},\"api::mvc.mvc\":{\"kind\":\"collectionType\",\"collectionName\":\"mvcs\",\"info\":{\"singularName\":\"mvc\",\"pluralName\":\"mvcs\",\"displayName\":\"MVC\",\"description\":\"\"},\"options\":{\"draftAndPublish\":false},\"pluginOptions\":{},\"attributes\":{\"nome\":{\"type\":\"string\"},\"patterns\":{\"type\":\"relation\",\"relation\":\"manyToMany\",\"target\":\"api::pattern.pattern\",\"inversedBy\":\"mvcs\"},\"createdAt\":{\"type\":\"datetime\"},\"updatedAt\":{\"type\":\"datetime\"},\"createdBy\":{\"type\":\"relation\",\"relation\":\"oneToOne\",\"target\":\"admin::user\",\"configurable\":false,\"writable\":false,\"visible\":false,\"useJoinTable\":false,\"private\":true},\"updatedBy\":{\"type\":\"relation\",\"relation\":\"oneToOne\",\"target\":\"admin::user\",\"configurable\":false,\"writable\":false,\"visible\":false,\"useJoinTable\":false,\"private\":true}},\"__schema__\":{\"collectionName\":\"mvcs\",\"info\":{\"singularName\":\"mvc\",\"pluralName\":\"mvcs\",\"displayName\":\"MVC\",\"description\":\"\"},\"options\":{\"draftAndPublish\":false},\"pluginOptions\":{},\"attributes\":{\"nome\":{\"type\":\"string\"},\"patterns\":{\"type\":\"relation\",\"relation\":\"manyToMany\",\"target\":\"api::pattern.pattern\",\"inversedBy\":\"mvcs\"}},\"kind\":\"collectionType\"},\"modelType\":\"contentType\",\"modelName\":\"mvc\",\"connection\":\"default\",\"uid\":\"api::mvc.mvc\",\"apiName\":\"mvc\",\"globalId\":\"Mvc\",\"actions\":{},\"lifecycles\":{}},\"api::owasp-top-10-category.owasp-top-10-category\":{\"kind\":\"collectionType\",\"collectionName\":\"owasp_top_10_categories\",\"info\":{\"singularName\":\"owasp-top-10-category\",\"pluralName\":\"owasp-top-10-categories\",\"displayName\":\"OWASP Top 10 Category\",\"description\":\"\"},\"options\":{\"draftAndPublish\":true},\"pluginOptions\":{},\"attributes\":{\"nome\":{\"type\":\"string\"},\"patterns\":{\"type\":\"relation\",\"relation\":\"manyToMany\",\"target\":\"api::pattern.pattern\",\"inversedBy\":\"owasp_top_10_categories\"},\"identificatore\":{\"type\":\"string\"},\"createdAt\":{\"type\":\"datetime\"},\"updatedAt\":{\"type\":\"datetime\"},\"publishedAt\":{\"type\":\"datetime\",\"configurable\":false,\"writable\":true,\"visible\":false},\"createdBy\":{\"type\":\"relation\",\"relation\":\"oneToOne\",\"target\":\"admin::user\",\"configurable\":false,\"writable\":false,\"visible\":false,\"useJoinTable\":false,\"private\":true},\"updatedBy\":{\"type\":\"relation\",\"relation\":\"oneToOne\",\"target\":\"admin::user\",\"configurable\":false,\"writable\":false,\"visible\":false,\"useJoinTable\":false,\"private\":true}},\"__schema__\":{\"collectionName\":\"owasp_top_10_categories\",\"info\":{\"singularName\":\"owasp-top-10-category\",\"pluralName\":\"owasp-top-10-categories\",\"displayName\":\"OWASP Top 10 Category\",\"description\":\"\"},\"options\":{\"draftAndPublish\":true},\"pluginOptions\":{},\"attributes\":{\"nome\":{\"type\":\"string\"},\"patterns\":{\"type\":\"relation\",\"relation\":\"manyToMany\",\"target\":\"api::pattern.pattern\",\"inversedBy\":\"owasp_top_10_categories\"},\"identificatore\":{\"type\":\"string\"}},\"kind\":\"collectionType\"},\"modelType\":\"contentType\",\"modelName\":\"owasp-top-10-category\",\"connection\":\"default\",\"uid\":\"api::owasp-top-10-category.owasp-top-10-category\",\"apiName\":\"owasp-top-10-category\",\"globalId\":\"OwaspTop10Category\",\"actions\":{},\"lifecycles\":{}},\"api::pattern.pattern\":{\"kind\":\"collectionType\",\"collectionName\":\"patterns\",\"info\":{\"singularName\":\"pattern\",\"pluralName\":\"patterns\",\"displayName\":\"Pattern\",\"description\":\"\"},\"options\":{\"draftAndPublish\":false},\"pluginOptions\":{},\"attributes\":{\"nome\":{\"type\":\"string\"},\"descrizione\":{\"type\":\"text\"},\"contesto\":{\"type\":\"text\"},\"mvcs\":{\"type\":\"relation\",\"relation\":\"manyToMany\",\"target\":\"api::mvc.mvc\",\"mappedBy\":\"patterns\"},\"strategias\":{\"type\":\"relation\",\"relation\":\"manyToMany\",\"target\":\"api::strategia.strategia\",\"mappedBy\":\"patterns\"},\"privacy_by_design_principles\":{\"type\":\"relation\",\"relation\":\"manyToMany\",\"target\":\"api::privacy-by-design-principle.privacy-by-design-principle\",\"mappedBy\":\"patterns\"},\"owasp_top_10_categories\":{\"type\":\"relation\",\"relation\":\"manyToMany\",\"target\":\"api::owasp-top-10-category.owasp-top-10-category\",\"mappedBy\":\"patterns\"},\"cwe_top_25_weaknesses\":{\"type\":\"relation\",\"relation\":\"manyToMany\",\"target\":\"api::cwe-top-25-weakness.cwe-top-25-weakness\",\"mappedBy\":\"patterns\"},\"articoli_gdprs\":{\"type\":\"relation\",\"relation\":\"manyToMany\",\"target\":\"api::articoli-gdpr.articoli-gdpr\",\"mappedBy\":\"patterns\"},\"iso_9241_210_phases\":{\"type\":\"relation\",\"relation\":\"manyToMany\",\"target\":\"api::iso-9241-210-phase.iso-9241-210-phase\",\"mappedBy\":\"patterns\"},\"examples\":{\"type\":\"relation\",\"relation\":\"oneToMany\",\"target\":\"api::example.example\"},\"searchCounter\":{\"type\":\"integer\",\"default\":0},\"createdAt\":{\"type\":\"datetime\"},\"updatedAt\":{\"type\":\"datetime\"},\"createdBy\":{\"type\":\"relation\",\"relation\":\"oneToOne\",\"target\":\"admin::user\",\"configurable\":false,\"writable\":false,\"visible\":false,\"useJoinTable\":false,\"private\":true},\"updatedBy\":{\"type\":\"relation\",\"relation\":\"oneToOne\",\"target\":\"admin::user\",\"configurable\":false,\"writable\":false,\"visible\":false,\"useJoinTable\":false,\"private\":true}},\"__schema__\":{\"collectionName\":\"patterns\",\"info\":{\"singularName\":\"pattern\",\"pluralName\":\"patterns\",\"displayName\":\"Pattern\",\"description\":\"\"},\"options\":{\"draftAndPublish\":false},\"pluginOptions\":{},\"attributes\":{\"nome\":{\"type\":\"string\"},\"descrizione\":{\"type\":\"text\"},\"contesto\":{\"type\":\"text\"},\"mvcs\":{\"type\":\"relation\",\"relation\":\"manyToMany\",\"target\":\"api::mvc.mvc\",\"mappedBy\":\"patterns\"},\"strategias\":{\"type\":\"relation\",\"relation\":\"manyToMany\",\"target\":\"api::strategia.strategia\",\"mappedBy\":\"patterns\"},\"privacy_by_design_principles\":{\"type\":\"relation\",\"relation\":\"manyToMany\",\"target\":\"api::privacy-by-design-principle.privacy-by-design-principle\",\"mappedBy\":\"patterns\"},\"owasp_top_10_categories\":{\"type\":\"relation\",\"relation\":\"manyToMany\",\"target\":\"api::owasp-top-10-category.owasp-top-10-category\",\"mappedBy\":\"patterns\"},\"cwe_top_25_weaknesses\":{\"type\":\"relation\",\"relation\":\"manyToMany\",\"target\":\"api::cwe-top-25-weakness.cwe-top-25-weakness\",\"mappedBy\":\"patterns\"},\"articoli_gdprs\":{\"type\":\"relation\",\"relation\":\"manyToMany\",\"target\":\"api::articoli-gdpr.articoli-gdpr\",\"mappedBy\":\"patterns\"},\"iso_9241_210_phases\":{\"type\":\"relation\",\"relation\":\"manyToMany\",\"target\":\"api::iso-9241-210-phase.iso-9241-210-phase\",\"mappedBy\":\"patterns\"},\"examples\":{\"type\":\"relation\",\"relation\":\"oneToMany\",\"target\":\"api::example.example\"},\"searchCounter\":{\"type\":\"integer\",\"default\":0}},\"kind\":\"collectionType\"},\"modelType\":\"contentType\",\"modelName\":\"pattern\",\"connection\":\"default\",\"uid\":\"api::pattern.pattern\",\"apiName\":\"pattern\",\"globalId\":\"Pattern\",\"actions\":{},\"lifecycles\":{}},\"api::privacy-by-design-principle.privacy-by-design-principle\":{\"kind\":\"collectionType\",\"collectionName\":\"privacy_by_design_principles\",\"info\":{\"singularName\":\"privacy-by-design-principle\",\"pluralName\":\"privacy-by-design-principles\",\"displayName\":\"Privacy By Design Principle\",\"description\":\"\"},\"options\":{\"draftAndPublish\":false},\"pluginOptions\":{},\"attributes\":{\"nome\":{\"type\":\"string\"},\"patterns\":{\"type\":\"relation\",\"relation\":\"manyToMany\",\"target\":\"api::pattern.pattern\",\"inversedBy\":\"privacy_by_design_principles\"},\"createdAt\":{\"type\":\"datetime\"},\"updatedAt\":{\"type\":\"datetime\"},\"createdBy\":{\"type\":\"relation\",\"relation\":\"oneToOne\",\"target\":\"admin::user\",\"configurable\":false,\"writable\":false,\"visible\":false,\"useJoinTable\":false,\"private\":true},\"updatedBy\":{\"type\":\"relation\",\"relation\":\"oneToOne\",\"target\":\"admin::user\",\"configurable\":false,\"writable\":false,\"visible\":false,\"useJoinTable\":false,\"private\":true}},\"__schema__\":{\"collectionName\":\"privacy_by_design_principles\",\"info\":{\"singularName\":\"privacy-by-design-principle\",\"pluralName\":\"privacy-by-design-principles\",\"displayName\":\"Privacy By Design Principle\",\"description\":\"\"},\"options\":{\"draftAndPublish\":false},\"pluginOptions\":{},\"attributes\":{\"nome\":{\"type\":\"string\"},\"patterns\":{\"type\":\"relation\",\"relation\":\"manyToMany\",\"target\":\"api::pattern.pattern\",\"inversedBy\":\"privacy_by_design_principles\"}},\"kind\":\"collectionType\"},\"modelType\":\"contentType\",\"modelName\":\"privacy-by-design-principle\",\"connection\":\"default\",\"uid\":\"api::privacy-by-design-principle.privacy-by-design-principle\",\"apiName\":\"privacy-by-design-principle\",\"globalId\":\"PrivacyByDesignPrinciple\",\"actions\":{},\"lifecycles\":{}},\"api::strategia.strategia\":{\"kind\":\"collectionType\",\"collectionName\":\"strategias\",\"info\":{\"singularName\":\"strategia\",\"pluralName\":\"strategias\",\"displayName\":\"Strategia\",\"description\":\"\"},\"options\":{\"draftAndPublish\":true},\"pluginOptions\":{},\"attributes\":{\"nome\":{\"type\":\"string\"},\"patterns\":{\"type\":\"relation\",\"relation\":\"manyToMany\",\"target\":\"api::pattern.pattern\",\"inversedBy\":\"strategias\"},\"privacy_by_design_principles\":{\"type\":\"relation\",\"relation\":\"oneToMany\",\"target\":\"api::privacy-by-design-principle.privacy-by-design-principle\"},\"articoli_gdprs\":{\"type\":\"relation\",\"relation\":\"oneToMany\",\"target\":\"api::articoli-gdpr.articoli-gdpr\"},\"createdAt\":{\"type\":\"datetime\"},\"updatedAt\":{\"type\":\"datetime\"},\"publishedAt\":{\"type\":\"datetime\",\"configurable\":false,\"writable\":true,\"visible\":false},\"createdBy\":{\"type\":\"relation\",\"relation\":\"oneToOne\",\"target\":\"admin::user\",\"configurable\":false,\"writable\":false,\"visible\":false,\"useJoinTable\":false,\"private\":true},\"updatedBy\":{\"type\":\"relation\",\"relation\":\"oneToOne\",\"target\":\"admin::user\",\"configurable\":false,\"writable\":false,\"visible\":false,\"useJoinTable\":false,\"private\":true}},\"__schema__\":{\"collectionName\":\"strategias\",\"info\":{\"singularName\":\"strategia\",\"pluralName\":\"strategias\",\"displayName\":\"Strategia\",\"description\":\"\"},\"options\":{\"draftAndPublish\":true},\"pluginOptions\":{},\"attributes\":{\"nome\":{\"type\":\"string\"},\"patterns\":{\"type\":\"relation\",\"relation\":\"manyToMany\",\"target\":\"api::pattern.pattern\",\"inversedBy\":\"strategias\"},\"privacy_by_design_principles\":{\"type\":\"relation\",\"relation\":\"oneToMany\",\"target\":\"api::privacy-by-design-principle.privacy-by-design-principle\"},\"articoli_gdprs\":{\"type\":\"relation\",\"relation\":\"oneToMany\",\"target\":\"api::articoli-gdpr.articoli-gdpr\"}},\"kind\":\"collectionType\"},\"modelType\":\"contentType\",\"modelName\":\"strategia\",\"connection\":\"default\",\"uid\":\"api::strategia.strategia\",\"apiName\":\"strategia\",\"globalId\":\"Strategia\",\"actions\":{},\"lifecycles\":{}}}','object',NULL,NULL),(2,'plugin_content_manager_configuration_content_types::admin::permission','{\"settings\":{\"bulkable\":true,\"filterable\":true,\"searchable\":true,\"pageSize\":10,\"mainField\":\"action\",\"defaultSortBy\":\"action\",\"defaultSortOrder\":\"ASC\"},\"metadatas\":{\"id\":{\"edit\":{},\"list\":{\"label\":\"id\",\"searchable\":true,\"sortable\":true}},\"action\":{\"edit\":{\"label\":\"action\",\"description\":\"\",\"placeholder\":\"\",\"visible\":true,\"editable\":true},\"list\":{\"label\":\"action\",\"searchable\":true,\"sortable\":true}},\"actionParameters\":{\"edit\":{\"label\":\"actionParameters\",\"description\":\"\",\"placeholder\":\"\",\"visible\":true,\"editable\":true},\"list\":{\"label\":\"actionParameters\",\"searchable\":false,\"sortable\":false}},\"subject\":{\"edit\":{\"label\":\"subject\",\"description\":\"\",\"placeholder\":\"\",\"visible\":true,\"editable\":true},\"list\":{\"label\":\"subject\",\"searchable\":true,\"sortable\":true}},\"properties\":{\"edit\":{\"label\":\"properties\",\"description\":\"\",\"placeholder\":\"\",\"visible\":true,\"editable\":true},\"list\":{\"label\":\"properties\",\"searchable\":false,\"sortable\":false}},\"conditions\":{\"edit\":{\"label\":\"conditions\",\"description\":\"\",\"placeholder\":\"\",\"visible\":true,\"editable\":true},\"list\":{\"label\":\"conditions\",\"searchable\":false,\"sortable\":false}},\"role\":{\"edit\":{\"label\":\"role\",\"description\":\"\",\"placeholder\":\"\",\"visible\":true,\"editable\":true,\"mainField\":\"name\"},\"list\":{\"label\":\"role\",\"searchable\":true,\"sortable\":true}},\"createdAt\":{\"edit\":{\"label\":\"createdAt\",\"description\":\"\",\"placeholder\":\"\",\"visible\":false,\"editable\":true},\"list\":{\"label\":\"createdAt\",\"searchable\":true,\"sortable\":true}},\"updatedAt\":{\"edit\":{\"label\":\"updatedAt\",\"description\":\"\",\"placeholder\":\"\",\"visible\":false,\"editable\":true},\"list\":{\"label\":\"updatedAt\",\"searchable\":true,\"sortable\":true}},\"createdBy\":{\"edit\":{\"label\":\"createdBy\",\"description\":\"\",\"placeholder\":\"\",\"visible\":false,\"editable\":true,\"mainField\":\"firstname\"},\"list\":{\"label\":\"createdBy\",\"searchable\":true,\"sortable\":true}},\"updatedBy\":{\"edit\":{\"label\":\"updatedBy\",\"description\":\"\",\"placeholder\":\"\",\"visible\":false,\"editable\":true,\"mainField\":\"firstname\"},\"list\":{\"label\":\"updatedBy\",\"searchable\":true,\"sortable\":true}}},\"layouts\":{\"list\":[\"id\",\"action\",\"subject\",\"role\"],\"edit\":[[{\"name\":\"action\",\"size\":6}],[{\"name\":\"actionParameters\",\"size\":12}],[{\"name\":\"subject\",\"size\":6}],[{\"name\":\"properties\",\"size\":12}],[{\"name\":\"conditions\",\"size\":12}],[{\"name\":\"role\",\"size\":6}]]},\"uid\":\"admin::permission\"}','object',NULL,NULL),(3,'plugin_content_manager_configuration_content_types::admin::api-token-permission','{\"settings\":{\"bulkable\":true,\"filterable\":true,\"searchable\":true,\"pageSize\":10,\"mainField\":\"action\",\"defaultSortBy\":\"action\",\"defaultSortOrder\":\"ASC\"},\"metadatas\":{\"id\":{\"edit\":{},\"list\":{\"label\":\"id\",\"searchable\":true,\"sortable\":true}},\"action\":{\"edit\":{\"label\":\"action\",\"description\":\"\",\"placeholder\":\"\",\"visible\":true,\"editable\":true},\"list\":{\"label\":\"action\",\"searchable\":true,\"sortable\":true}},\"token\":{\"edit\":{\"label\":\"token\",\"description\":\"\",\"placeholder\":\"\",\"visible\":true,\"editable\":true,\"mainField\":\"name\"},\"list\":{\"label\":\"token\",\"searchable\":true,\"sortable\":true}},\"createdAt\":{\"edit\":{\"label\":\"createdAt\",\"description\":\"\",\"placeholder\":\"\",\"visible\":false,\"editable\":true},\"list\":{\"label\":\"createdAt\",\"searchable\":true,\"sortable\":true}},\"updatedAt\":{\"edit\":{\"label\":\"updatedAt\",\"description\":\"\",\"placeholder\":\"\",\"visible\":false,\"editable\":true},\"list\":{\"label\":\"updatedAt\",\"searchable\":true,\"sortable\":true}},\"createdBy\":{\"edit\":{\"label\":\"createdBy\",\"description\":\"\",\"placeholder\":\"\",\"visible\":false,\"editable\":true,\"mainField\":\"firstname\"},\"list\":{\"label\":\"createdBy\",\"searchable\":true,\"sortable\":true}},\"updatedBy\":{\"edit\":{\"label\":\"updatedBy\",\"description\":\"\",\"placeholder\":\"\",\"visible\":false,\"editable\":true,\"mainField\":\"firstname\"},\"list\":{\"label\":\"updatedBy\",\"searchable\":true,\"sortable\":true}}},\"layouts\":{\"list\":[\"id\",\"action\",\"token\",\"createdAt\"],\"edit\":[[{\"name\":\"action\",\"size\":6},{\"name\":\"token\",\"size\":6}]]},\"uid\":\"admin::api-token-permission\"}','object',NULL,NULL),(4,'plugin_content_manager_configuration_content_types::admin::user','{\"settings\":{\"bulkable\":true,\"filterable\":true,\"searchable\":true,\"pageSize\":10,\"mainField\":\"firstname\",\"defaultSortBy\":\"firstname\",\"defaultSortOrder\":\"ASC\"},\"metadatas\":{\"id\":{\"edit\":{},\"list\":{\"label\":\"id\",\"searchable\":true,\"sortable\":true}},\"firstname\":{\"edit\":{\"label\":\"firstname\",\"description\":\"\",\"placeholder\":\"\",\"visible\":true,\"editable\":true},\"list\":{\"label\":\"firstname\",\"searchable\":true,\"sortable\":true}},\"lastname\":{\"edit\":{\"label\":\"lastname\",\"description\":\"\",\"placeholder\":\"\",\"visible\":true,\"editable\":true},\"list\":{\"label\":\"lastname\",\"searchable\":true,\"sortable\":true}},\"username\":{\"edit\":{\"label\":\"username\",\"description\":\"\",\"placeholder\":\"\",\"visible\":true,\"editable\":true},\"list\":{\"label\":\"username\",\"searchable\":true,\"sortable\":true}},\"email\":{\"edit\":{\"label\":\"email\",\"description\":\"\",\"placeholder\":\"\",\"visible\":true,\"editable\":true},\"list\":{\"label\":\"email\",\"searchable\":true,\"sortable\":true}},\"password\":{\"edit\":{\"label\":\"password\",\"description\":\"\",\"placeholder\":\"\",\"visible\":true,\"editable\":true},\"list\":{\"label\":\"password\",\"searchable\":true,\"sortable\":true}},\"resetPasswordToken\":{\"edit\":{\"label\":\"resetPasswordToken\",\"description\":\"\",\"placeholder\":\"\",\"visible\":false,\"editable\":true},\"list\":{\"label\":\"resetPasswordToken\",\"searchable\":true,\"sortable\":true}},\"registrationToken\":{\"edit\":{\"label\":\"registrationToken\",\"description\":\"\",\"placeholder\":\"\",\"visible\":false,\"editable\":true},\"list\":{\"label\":\"registrationToken\",\"searchable\":true,\"sortable\":true}},\"isActive\":{\"edit\":{\"label\":\"isActive\",\"description\":\"\",\"placeholder\":\"\",\"visible\":true,\"editable\":true},\"list\":{\"label\":\"isActive\",\"searchable\":true,\"sortable\":true}},\"roles\":{\"edit\":{\"label\":\"roles\",\"description\":\"\",\"placeholder\":\"\",\"visible\":true,\"editable\":true,\"mainField\":\"name\"},\"list\":{\"label\":\"roles\",\"searchable\":false,\"sortable\":false}},\"blocked\":{\"edit\":{\"label\":\"blocked\",\"description\":\"\",\"placeholder\":\"\",\"visible\":true,\"editable\":true},\"list\":{\"label\":\"blocked\",\"searchable\":true,\"sortable\":true}},\"preferedLanguage\":{\"edit\":{\"label\":\"preferedLanguage\",\"description\":\"\",\"placeholder\":\"\",\"visible\":true,\"editable\":true},\"list\":{\"label\":\"preferedLanguage\",\"searchable\":true,\"sortable\":true}},\"createdAt\":{\"edit\":{\"label\":\"createdAt\",\"description\":\"\",\"placeholder\":\"\",\"visible\":false,\"editable\":true},\"list\":{\"label\":\"createdAt\",\"searchable\":true,\"sortable\":true}},\"updatedAt\":{\"edit\":{\"label\":\"updatedAt\",\"description\":\"\",\"placeholder\":\"\",\"visible\":false,\"editable\":true},\"list\":{\"label\":\"updatedAt\",\"searchable\":true,\"sortable\":true}},\"createdBy\":{\"edit\":{\"label\":\"createdBy\",\"description\":\"\",\"placeholder\":\"\",\"visible\":false,\"editable\":true,\"mainField\":\"firstname\"},\"list\":{\"label\":\"createdBy\",\"searchable\":true,\"sortable\":true}},\"updatedBy\":{\"edit\":{\"label\":\"updatedBy\",\"description\":\"\",\"placeholder\":\"\",\"visible\":false,\"editable\":true,\"mainField\":\"firstname\"},\"list\":{\"label\":\"updatedBy\",\"searchable\":true,\"sortable\":true}}},\"layouts\":{\"list\":[\"id\",\"firstname\",\"lastname\",\"username\"],\"edit\":[[{\"name\":\"firstname\",\"size\":6},{\"name\":\"lastname\",\"size\":6}],[{\"name\":\"username\",\"size\":6},{\"name\":\"email\",\"size\":6}],[{\"name\":\"password\",\"size\":6},{\"name\":\"isActive\",\"size\":4}],[{\"name\":\"roles\",\"size\":6},{\"name\":\"blocked\",\"size\":4}],[{\"name\":\"preferedLanguage\",\"size\":6}]]},\"uid\":\"admin::user\"}','object',NULL,NULL),(5,'plugin_content_manager_configuration_content_types::admin::api-token','{\"settings\":{\"bulkable\":true,\"filterable\":true,\"searchable\":true,\"pageSize\":10,\"mainField\":\"name\",\"defaultSortBy\":\"name\",\"defaultSortOrder\":\"ASC\"},\"metadatas\":{\"id\":{\"edit\":{},\"list\":{\"label\":\"id\",\"searchable\":true,\"sortable\":true}},\"name\":{\"edit\":{\"label\":\"name\",\"description\":\"\",\"placeholder\":\"\",\"visible\":true,\"editable\":true},\"list\":{\"label\":\"name\",\"searchable\":true,\"sortable\":true}},\"description\":{\"edit\":{\"label\":\"description\",\"description\":\"\",\"placeholder\":\"\",\"visible\":true,\"editable\":true},\"list\":{\"label\":\"description\",\"searchable\":true,\"sortable\":true}},\"type\":{\"edit\":{\"label\":\"type\",\"description\":\"\",\"placeholder\":\"\",\"visible\":true,\"editable\":true},\"list\":{\"label\":\"type\",\"searchable\":true,\"sortable\":true}},\"accessKey\":{\"edit\":{\"label\":\"accessKey\",\"description\":\"\",\"placeholder\":\"\",\"visible\":true,\"editable\":true},\"list\":{\"label\":\"accessKey\",\"searchable\":true,\"sortable\":true}},\"lastUsedAt\":{\"edit\":{\"label\":\"lastUsedAt\",\"description\":\"\",\"placeholder\":\"\",\"visible\":true,\"editable\":true},\"list\":{\"label\":\"lastUsedAt\",\"searchable\":true,\"sortable\":true}},\"permissions\":{\"edit\":{\"label\":\"permissions\",\"description\":\"\",\"placeholder\":\"\",\"visible\":true,\"editable\":true,\"mainField\":\"action\"},\"list\":{\"label\":\"permissions\",\"searchable\":false,\"sortable\":false}},\"expiresAt\":{\"edit\":{\"label\":\"expiresAt\",\"description\":\"\",\"placeholder\":\"\",\"visible\":true,\"editable\":true},\"list\":{\"label\":\"expiresAt\",\"searchable\":true,\"sortable\":true}},\"lifespan\":{\"edit\":{\"label\":\"lifespan\",\"description\":\"\",\"placeholder\":\"\",\"visible\":true,\"editable\":true},\"list\":{\"label\":\"lifespan\",\"searchable\":true,\"sortable\":true}},\"createdAt\":{\"edit\":{\"label\":\"createdAt\",\"description\":\"\",\"placeholder\":\"\",\"visible\":false,\"editable\":true},\"list\":{\"label\":\"createdAt\",\"searchable\":true,\"sortable\":true}},\"updatedAt\":{\"edit\":{\"label\":\"updatedAt\",\"description\":\"\",\"placeholder\":\"\",\"visible\":false,\"editable\":true},\"list\":{\"label\":\"updatedAt\",\"searchable\":true,\"sortable\":true}},\"createdBy\":{\"edit\":{\"label\":\"createdBy\",\"description\":\"\",\"placeholder\":\"\",\"visible\":false,\"editable\":true,\"mainField\":\"firstname\"},\"list\":{\"label\":\"createdBy\",\"searchable\":true,\"sortable\":true}},\"updatedBy\":{\"edit\":{\"label\":\"updatedBy\",\"description\":\"\",\"placeholder\":\"\",\"visible\":false,\"editable\":true,\"mainField\":\"firstname\"},\"list\":{\"label\":\"updatedBy\",\"searchable\":true,\"sortable\":true}}},\"layouts\":{\"list\":[\"id\",\"name\",\"description\",\"type\"],\"edit\":[[{\"name\":\"name\",\"size\":6},{\"name\":\"description\",\"size\":6}],[{\"name\":\"type\",\"size\":6},{\"name\":\"accessKey\",\"size\":6}],[{\"name\":\"lastUsedAt\",\"size\":6},{\"name\":\"permissions\",\"size\":6}],[{\"name\":\"expiresAt\",\"size\":6},{\"name\":\"lifespan\",\"size\":4}]]},\"uid\":\"admin::api-token\"}','object',NULL,NULL),(6,'plugin_content_manager_configuration_content_types::admin::transfer-token','{\"settings\":{\"bulkable\":true,\"filterable\":true,\"searchable\":true,\"pageSize\":10,\"mainField\":\"name\",\"defaultSortBy\":\"name\",\"defaultSortOrder\":\"ASC\"},\"metadatas\":{\"id\":{\"edit\":{},\"list\":{\"label\":\"id\",\"searchable\":true,\"sortable\":true}},\"name\":{\"edit\":{\"label\":\"name\",\"description\":\"\",\"placeholder\":\"\",\"visible\":true,\"editable\":true},\"list\":{\"label\":\"name\",\"searchable\":true,\"sortable\":true}},\"description\":{\"edit\":{\"label\":\"description\",\"description\":\"\",\"placeholder\":\"\",\"visible\":true,\"editable\":true},\"list\":{\"label\":\"description\",\"searchable\":true,\"sortable\":true}},\"accessKey\":{\"edit\":{\"label\":\"accessKey\",\"description\":\"\",\"placeholder\":\"\",\"visible\":true,\"editable\":true},\"list\":{\"label\":\"accessKey\",\"searchable\":true,\"sortable\":true}},\"lastUsedAt\":{\"edit\":{\"label\":\"lastUsedAt\",\"description\":\"\",\"placeholder\":\"\",\"visible\":true,\"editable\":true},\"list\":{\"label\":\"lastUsedAt\",\"searchable\":true,\"sortable\":true}},\"permissions\":{\"edit\":{\"label\":\"permissions\",\"description\":\"\",\"placeholder\":\"\",\"visible\":true,\"editable\":true,\"mainField\":\"action\"},\"list\":{\"label\":\"permissions\",\"searchable\":false,\"sortable\":false}},\"expiresAt\":{\"edit\":{\"label\":\"expiresAt\",\"description\":\"\",\"placeholder\":\"\",\"visible\":true,\"editable\":true},\"list\":{\"label\":\"expiresAt\",\"searchable\":true,\"sortable\":true}},\"lifespan\":{\"edit\":{\"label\":\"lifespan\",\"description\":\"\",\"placeholder\":\"\",\"visible\":true,\"editable\":true},\"list\":{\"label\":\"lifespan\",\"searchable\":true,\"sortable\":true}},\"createdAt\":{\"edit\":{\"label\":\"createdAt\",\"description\":\"\",\"placeholder\":\"\",\"visible\":false,\"editable\":true},\"list\":{\"label\":\"createdAt\",\"searchable\":true,\"sortable\":true}},\"updatedAt\":{\"edit\":{\"label\":\"updatedAt\",\"description\":\"\",\"placeholder\":\"\",\"visible\":false,\"editable\":true},\"list\":{\"label\":\"updatedAt\",\"searchable\":true,\"sortable\":true}},\"createdBy\":{\"edit\":{\"label\":\"createdBy\",\"description\":\"\",\"placeholder\":\"\",\"visible\":false,\"editable\":true,\"mainField\":\"firstname\"},\"list\":{\"label\":\"createdBy\",\"searchable\":true,\"sortable\":true}},\"updatedBy\":{\"edit\":{\"label\":\"updatedBy\",\"description\":\"\",\"placeholder\":\"\",\"visible\":false,\"editable\":true,\"mainField\":\"firstname\"},\"list\":{\"label\":\"updatedBy\",\"searchable\":true,\"sortable\":true}}},\"layouts\":{\"list\":[\"id\",\"name\",\"description\",\"accessKey\"],\"edit\":[[{\"name\":\"name\",\"size\":6},{\"name\":\"description\",\"size\":6}],[{\"name\":\"accessKey\",\"size\":6},{\"name\":\"lastUsedAt\",\"size\":6}],[{\"name\":\"permissions\",\"size\":6},{\"name\":\"expiresAt\",\"size\":6}],[{\"name\":\"lifespan\",\"size\":4}]]},\"uid\":\"admin::transfer-token\"}','object',NULL,NULL),(7,'plugin_content_manager_configuration_content_types::admin::transfer-token-permission','{\"settings\":{\"bulkable\":true,\"filterable\":true,\"searchable\":true,\"pageSize\":10,\"mainField\":\"action\",\"defaultSortBy\":\"action\",\"defaultSortOrder\":\"ASC\"},\"metadatas\":{\"id\":{\"edit\":{},\"list\":{\"label\":\"id\",\"searchable\":true,\"sortable\":true}},\"action\":{\"edit\":{\"label\":\"action\",\"description\":\"\",\"placeholder\":\"\",\"visible\":true,\"editable\":true},\"list\":{\"label\":\"action\",\"searchable\":true,\"sortable\":true}},\"token\":{\"edit\":{\"label\":\"token\",\"description\":\"\",\"placeholder\":\"\",\"visible\":true,\"editable\":true,\"mainField\":\"name\"},\"list\":{\"label\":\"token\",\"searchable\":true,\"sortable\":true}},\"createdAt\":{\"edit\":{\"label\":\"createdAt\",\"description\":\"\",\"placeholder\":\"\",\"visible\":false,\"editable\":true},\"list\":{\"label\":\"createdAt\",\"searchable\":true,\"sortable\":true}},\"updatedAt\":{\"edit\":{\"label\":\"updatedAt\",\"description\":\"\",\"placeholder\":\"\",\"visible\":false,\"editable\":true},\"list\":{\"label\":\"updatedAt\",\"searchable\":true,\"sortable\":true}},\"createdBy\":{\"edit\":{\"label\":\"createdBy\",\"description\":\"\",\"placeholder\":\"\",\"visible\":false,\"editable\":true,\"mainField\":\"firstname\"},\"list\":{\"label\":\"createdBy\",\"searchable\":true,\"sortable\":true}},\"updatedBy\":{\"edit\":{\"label\":\"updatedBy\",\"description\":\"\",\"placeholder\":\"\",\"visible\":false,\"editable\":true,\"mainField\":\"firstname\"},\"list\":{\"label\":\"updatedBy\",\"searchable\":true,\"sortable\":true}}},\"layouts\":{\"list\":[\"id\",\"action\",\"token\",\"createdAt\"],\"edit\":[[{\"name\":\"action\",\"size\":6},{\"name\":\"token\",\"size\":6}]]},\"uid\":\"admin::transfer-token-permission\"}','object',NULL,NULL),(8,'plugin_content_manager_configuration_content_types::plugin::upload.file','{\"settings\":{\"bulkable\":true,\"filterable\":true,\"searchable\":true,\"pageSize\":10,\"mainField\":\"name\",\"defaultSortBy\":\"name\",\"defaultSortOrder\":\"ASC\"},\"metadatas\":{\"id\":{\"edit\":{},\"list\":{\"label\":\"id\",\"searchable\":true,\"sortable\":true}},\"name\":{\"edit\":{\"label\":\"name\",\"description\":\"\",\"placeholder\":\"\",\"visible\":true,\"editable\":true},\"list\":{\"label\":\"name\",\"searchable\":true,\"sortable\":true}},\"alternativeText\":{\"edit\":{\"label\":\"alternativeText\",\"description\":\"\",\"placeholder\":\"\",\"visible\":true,\"editable\":true},\"list\":{\"label\":\"alternativeText\",\"searchable\":true,\"sortable\":true}},\"caption\":{\"edit\":{\"label\":\"caption\",\"description\":\"\",\"placeholder\":\"\",\"visible\":true,\"editable\":true},\"list\":{\"label\":\"caption\",\"searchable\":true,\"sortable\":true}},\"width\":{\"edit\":{\"label\":\"width\",\"description\":\"\",\"placeholder\":\"\",\"visible\":true,\"editable\":true},\"list\":{\"label\":\"width\",\"searchable\":true,\"sortable\":true}},\"height\":{\"edit\":{\"label\":\"height\",\"description\":\"\",\"placeholder\":\"\",\"visible\":true,\"editable\":true},\"list\":{\"label\":\"height\",\"searchable\":true,\"sortable\":true}},\"formats\":{\"edit\":{\"label\":\"formats\",\"description\":\"\",\"placeholder\":\"\",\"visible\":true,\"editable\":true},\"list\":{\"label\":\"formats\",\"searchable\":false,\"sortable\":false}},\"hash\":{\"edit\":{\"label\":\"hash\",\"description\":\"\",\"placeholder\":\"\",\"visible\":true,\"editable\":true},\"list\":{\"label\":\"hash\",\"searchable\":true,\"sortable\":true}},\"ext\":{\"edit\":{\"label\":\"ext\",\"description\":\"\",\"placeholder\":\"\",\"visible\":true,\"editable\":true},\"list\":{\"label\":\"ext\",\"searchable\":true,\"sortable\":true}},\"mime\":{\"edit\":{\"label\":\"mime\",\"description\":\"\",\"placeholder\":\"\",\"visible\":true,\"editable\":true},\"list\":{\"label\":\"mime\",\"searchable\":true,\"sortable\":true}},\"size\":{\"edit\":{\"label\":\"size\",\"description\":\"\",\"placeholder\":\"\",\"visible\":true,\"editable\":true},\"list\":{\"label\":\"size\",\"searchable\":true,\"sortable\":true}},\"url\":{\"edit\":{\"label\":\"url\",\"description\":\"\",\"placeholder\":\"\",\"visible\":true,\"editable\":true},\"list\":{\"label\":\"url\",\"searchable\":true,\"sortable\":true}},\"previewUrl\":{\"edit\":{\"label\":\"previewUrl\",\"description\":\"\",\"placeholder\":\"\",\"visible\":true,\"editable\":true},\"list\":{\"label\":\"previewUrl\",\"searchable\":true,\"sortable\":true}},\"provider\":{\"edit\":{\"label\":\"provider\",\"description\":\"\",\"placeholder\":\"\",\"visible\":true,\"editable\":true},\"list\":{\"label\":\"provider\",\"searchable\":true,\"sortable\":true}},\"provider_metadata\":{\"edit\":{\"label\":\"provider_metadata\",\"description\":\"\",\"placeholder\":\"\",\"visible\":true,\"editable\":true},\"list\":{\"label\":\"provider_metadata\",\"searchable\":false,\"sortable\":false}},\"folder\":{\"edit\":{\"label\":\"folder\",\"description\":\"\",\"placeholder\":\"\",\"visible\":true,\"editable\":true,\"mainField\":\"name\"},\"list\":{\"label\":\"folder\",\"searchable\":true,\"sortable\":true}},\"folderPath\":{\"edit\":{\"label\":\"folderPath\",\"description\":\"\",\"placeholder\":\"\",\"visible\":true,\"editable\":true},\"list\":{\"label\":\"folderPath\",\"searchable\":true,\"sortable\":true}},\"createdAt\":{\"edit\":{\"label\":\"createdAt\",\"description\":\"\",\"placeholder\":\"\",\"visible\":false,\"editable\":true},\"list\":{\"label\":\"createdAt\",\"searchable\":true,\"sortable\":true}},\"updatedAt\":{\"edit\":{\"label\":\"updatedAt\",\"description\":\"\",\"placeholder\":\"\",\"visible\":false,\"editable\":true},\"list\":{\"label\":\"updatedAt\",\"searchable\":true,\"sortable\":true}},\"createdBy\":{\"edit\":{\"label\":\"createdBy\",\"description\":\"\",\"placeholder\":\"\",\"visible\":false,\"editable\":true,\"mainField\":\"firstname\"},\"list\":{\"label\":\"createdBy\",\"searchable\":true,\"sortable\":true}},\"updatedBy\":{\"edit\":{\"label\":\"updatedBy\",\"description\":\"\",\"placeholder\":\"\",\"visible\":false,\"editable\":true,\"mainField\":\"firstname\"},\"list\":{\"label\":\"updatedBy\",\"searchable\":true,\"sortable\":true}}},\"layouts\":{\"list\":[\"id\",\"name\",\"alternativeText\",\"caption\"],\"edit\":[[{\"name\":\"name\",\"size\":6},{\"name\":\"alternativeText\",\"size\":6}],[{\"name\":\"caption\",\"size\":6},{\"name\":\"width\",\"size\":4}],[{\"name\":\"height\",\"size\":4}],[{\"name\":\"formats\",\"size\":12}],[{\"name\":\"hash\",\"size\":6},{\"name\":\"ext\",\"size\":6}],[{\"name\":\"mime\",\"size\":6},{\"name\":\"size\",\"size\":4}],[{\"name\":\"url\",\"size\":6},{\"name\":\"previewUrl\",\"size\":6}],[{\"name\":\"provider\",\"size\":6}],[{\"name\":\"provider_metadata\",\"size\":12}],[{\"name\":\"folder\",\"size\":6},{\"name\":\"folderPath\",\"size\":6}]]},\"uid\":\"plugin::upload.file\"}','object',NULL,NULL),(9,'plugin_content_manager_configuration_content_types::plugin::upload.folder','{\"settings\":{\"bulkable\":true,\"filterable\":true,\"searchable\":true,\"pageSize\":10,\"mainField\":\"name\",\"defaultSortBy\":\"name\",\"defaultSortOrder\":\"ASC\"},\"metadatas\":{\"id\":{\"edit\":{},\"list\":{\"label\":\"id\",\"searchable\":true,\"sortable\":true}},\"name\":{\"edit\":{\"label\":\"name\",\"description\":\"\",\"placeholder\":\"\",\"visible\":true,\"editable\":true},\"list\":{\"label\":\"name\",\"searchable\":true,\"sortable\":true}},\"pathId\":{\"edit\":{\"label\":\"pathId\",\"description\":\"\",\"placeholder\":\"\",\"visible\":true,\"editable\":true},\"list\":{\"label\":\"pathId\",\"searchable\":true,\"sortable\":true}},\"parent\":{\"edit\":{\"label\":\"parent\",\"description\":\"\",\"placeholder\":\"\",\"visible\":true,\"editable\":true,\"mainField\":\"name\"},\"list\":{\"label\":\"parent\",\"searchable\":true,\"sortable\":true}},\"children\":{\"edit\":{\"label\":\"children\",\"description\":\"\",\"placeholder\":\"\",\"visible\":true,\"editable\":true,\"mainField\":\"name\"},\"list\":{\"label\":\"children\",\"searchable\":false,\"sortable\":false}},\"files\":{\"edit\":{\"label\":\"files\",\"description\":\"\",\"placeholder\":\"\",\"visible\":true,\"editable\":true,\"mainField\":\"name\"},\"list\":{\"label\":\"files\",\"searchable\":false,\"sortable\":false}},\"path\":{\"edit\":{\"label\":\"path\",\"description\":\"\",\"placeholder\":\"\",\"visible\":true,\"editable\":true},\"list\":{\"label\":\"path\",\"searchable\":true,\"sortable\":true}},\"createdAt\":{\"edit\":{\"label\":\"createdAt\",\"description\":\"\",\"placeholder\":\"\",\"visible\":false,\"editable\":true},\"list\":{\"label\":\"createdAt\",\"searchable\":true,\"sortable\":true}},\"updatedAt\":{\"edit\":{\"label\":\"updatedAt\",\"description\":\"\",\"placeholder\":\"\",\"visible\":false,\"editable\":true},\"list\":{\"label\":\"updatedAt\",\"searchable\":true,\"sortable\":true}},\"createdBy\":{\"edit\":{\"label\":\"createdBy\",\"description\":\"\",\"placeholder\":\"\",\"visible\":false,\"editable\":true,\"mainField\":\"firstname\"},\"list\":{\"label\":\"createdBy\",\"searchable\":true,\"sortable\":true}},\"updatedBy\":{\"edit\":{\"label\":\"updatedBy\",\"description\":\"\",\"placeholder\":\"\",\"visible\":false,\"editable\":true,\"mainField\":\"firstname\"},\"list\":{\"label\":\"updatedBy\",\"searchable\":true,\"sortable\":true}}},\"layouts\":{\"list\":[\"id\",\"name\",\"pathId\",\"parent\"],\"edit\":[[{\"name\":\"name\",\"size\":6},{\"name\":\"pathId\",\"size\":4}],[{\"name\":\"parent\",\"size\":6},{\"name\":\"children\",\"size\":6}],[{\"name\":\"files\",\"size\":6},{\"name\":\"path\",\"size\":6}]]},\"uid\":\"plugin::upload.folder\"}','object',NULL,NULL),(10,'plugin_content_manager_configuration_content_types::plugin::users-permissions.role','{\"settings\":{\"bulkable\":true,\"filterable\":true,\"searchable\":true,\"pageSize\":10,\"mainField\":\"name\",\"defaultSortBy\":\"name\",\"defaultSortOrder\":\"ASC\"},\"metadatas\":{\"id\":{\"edit\":{},\"list\":{\"label\":\"id\",\"searchable\":true,\"sortable\":true}},\"name\":{\"edit\":{\"label\":\"name\",\"description\":\"\",\"placeholder\":\"\",\"visible\":true,\"editable\":true},\"list\":{\"label\":\"name\",\"searchable\":true,\"sortable\":true}},\"description\":{\"edit\":{\"label\":\"description\",\"description\":\"\",\"placeholder\":\"\",\"visible\":true,\"editable\":true},\"list\":{\"label\":\"description\",\"searchable\":true,\"sortable\":true}},\"type\":{\"edit\":{\"label\":\"type\",\"description\":\"\",\"placeholder\":\"\",\"visible\":true,\"editable\":true},\"list\":{\"label\":\"type\",\"searchable\":true,\"sortable\":true}},\"permissions\":{\"edit\":{\"label\":\"permissions\",\"description\":\"\",\"placeholder\":\"\",\"visible\":true,\"editable\":true,\"mainField\":\"action\"},\"list\":{\"label\":\"permissions\",\"searchable\":false,\"sortable\":false}},\"users\":{\"edit\":{\"label\":\"users\",\"description\":\"\",\"placeholder\":\"\",\"visible\":true,\"editable\":true,\"mainField\":\"username\"},\"list\":{\"label\":\"users\",\"searchable\":false,\"sortable\":false}},\"createdAt\":{\"edit\":{\"label\":\"createdAt\",\"description\":\"\",\"placeholder\":\"\",\"visible\":false,\"editable\":true},\"list\":{\"label\":\"createdAt\",\"searchable\":true,\"sortable\":true}},\"updatedAt\":{\"edit\":{\"label\":\"updatedAt\",\"description\":\"\",\"placeholder\":\"\",\"visible\":false,\"editable\":true},\"list\":{\"label\":\"updatedAt\",\"searchable\":true,\"sortable\":true}},\"createdBy\":{\"edit\":{\"label\":\"createdBy\",\"description\":\"\",\"placeholder\":\"\",\"visible\":false,\"editable\":true,\"mainField\":\"firstname\"},\"list\":{\"label\":\"createdBy\",\"searchable\":true,\"sortable\":true}},\"updatedBy\":{\"edit\":{\"label\":\"updatedBy\",\"description\":\"\",\"placeholder\":\"\",\"visible\":false,\"editable\":true,\"mainField\":\"firstname\"},\"list\":{\"label\":\"updatedBy\",\"searchable\":true,\"sortable\":true}}},\"layouts\":{\"list\":[\"id\",\"name\",\"description\",\"type\"],\"edit\":[[{\"name\":\"name\",\"size\":6},{\"name\":\"description\",\"size\":6}],[{\"name\":\"type\",\"size\":6},{\"name\":\"permissions\",\"size\":6}],[{\"name\":\"users\",\"size\":6}]]},\"uid\":\"plugin::users-permissions.role\"}','object',NULL,NULL),(11,'plugin_content_manager_configuration_content_types::plugin::users-permissions.permission','{\"settings\":{\"bulkable\":true,\"filterable\":true,\"searchable\":true,\"pageSize\":10,\"mainField\":\"action\",\"defaultSortBy\":\"action\",\"defaultSortOrder\":\"ASC\"},\"metadatas\":{\"id\":{\"edit\":{},\"list\":{\"label\":\"id\",\"searchable\":true,\"sortable\":true}},\"action\":{\"edit\":{\"label\":\"action\",\"description\":\"\",\"placeholder\":\"\",\"visible\":true,\"editable\":true},\"list\":{\"label\":\"action\",\"searchable\":true,\"sortable\":true}},\"role\":{\"edit\":{\"label\":\"role\",\"description\":\"\",\"placeholder\":\"\",\"visible\":true,\"editable\":true,\"mainField\":\"name\"},\"list\":{\"label\":\"role\",\"searchable\":true,\"sortable\":true}},\"createdAt\":{\"edit\":{\"label\":\"createdAt\",\"description\":\"\",\"placeholder\":\"\",\"visible\":false,\"editable\":true},\"list\":{\"label\":\"createdAt\",\"searchable\":true,\"sortable\":true}},\"updatedAt\":{\"edit\":{\"label\":\"updatedAt\",\"description\":\"\",\"placeholder\":\"\",\"visible\":false,\"editable\":true},\"list\":{\"label\":\"updatedAt\",\"searchable\":true,\"sortable\":true}},\"createdBy\":{\"edit\":{\"label\":\"createdBy\",\"description\":\"\",\"placeholder\":\"\",\"visible\":false,\"editable\":true,\"mainField\":\"firstname\"},\"list\":{\"label\":\"createdBy\",\"searchable\":true,\"sortable\":true}},\"updatedBy\":{\"edit\":{\"label\":\"updatedBy\",\"description\":\"\",\"placeholder\":\"\",\"visible\":false,\"editable\":true,\"mainField\":\"firstname\"},\"list\":{\"label\":\"updatedBy\",\"searchable\":true,\"sortable\":true}}},\"layouts\":{\"list\":[\"id\",\"action\",\"role\",\"createdAt\"],\"edit\":[[{\"name\":\"action\",\"size\":6},{\"name\":\"role\",\"size\":6}]]},\"uid\":\"plugin::users-permissions.permission\"}','object',NULL,NULL),(12,'plugin_content_manager_configuration_content_types::plugin::content-releases.release-action','{\"settings\":{\"bulkable\":true,\"filterable\":true,\"searchable\":true,\"pageSize\":10,\"mainField\":\"contentType\",\"defaultSortBy\":\"contentType\",\"defaultSortOrder\":\"ASC\"},\"metadatas\":{\"id\":{\"edit\":{},\"list\":{\"label\":\"id\",\"searchable\":true,\"sortable\":true}},\"type\":{\"edit\":{\"label\":\"type\",\"description\":\"\",\"placeholder\":\"\",\"visible\":true,\"editable\":true},\"list\":{\"label\":\"type\",\"searchable\":true,\"sortable\":true}},\"contentType\":{\"edit\":{\"label\":\"contentType\",\"description\":\"\",\"placeholder\":\"\",\"visible\":true,\"editable\":true},\"list\":{\"label\":\"contentType\",\"searchable\":true,\"sortable\":true}},\"locale\":{\"edit\":{\"label\":\"locale\",\"description\":\"\",\"placeholder\":\"\",\"visible\":true,\"editable\":true},\"list\":{\"label\":\"locale\",\"searchable\":true,\"sortable\":true}},\"release\":{\"edit\":{\"label\":\"release\",\"description\":\"\",\"placeholder\":\"\",\"visible\":true,\"editable\":true,\"mainField\":\"name\"},\"list\":{\"label\":\"release\",\"searchable\":true,\"sortable\":true}},\"isEntryValid\":{\"edit\":{\"label\":\"isEntryValid\",\"description\":\"\",\"placeholder\":\"\",\"visible\":true,\"editable\":true},\"list\":{\"label\":\"isEntryValid\",\"searchable\":true,\"sortable\":true}},\"createdAt\":{\"edit\":{\"label\":\"createdAt\",\"description\":\"\",\"placeholder\":\"\",\"visible\":false,\"editable\":true},\"list\":{\"label\":\"createdAt\",\"searchable\":true,\"sortable\":true}},\"updatedAt\":{\"edit\":{\"label\":\"updatedAt\",\"description\":\"\",\"placeholder\":\"\",\"visible\":false,\"editable\":true},\"list\":{\"label\":\"updatedAt\",\"searchable\":true,\"sortable\":true}},\"createdBy\":{\"edit\":{\"label\":\"createdBy\",\"description\":\"\",\"placeholder\":\"\",\"visible\":false,\"editable\":true,\"mainField\":\"firstname\"},\"list\":{\"label\":\"createdBy\",\"searchable\":true,\"sortable\":true}},\"updatedBy\":{\"edit\":{\"label\":\"updatedBy\",\"description\":\"\",\"placeholder\":\"\",\"visible\":false,\"editable\":true,\"mainField\":\"firstname\"},\"list\":{\"label\":\"updatedBy\",\"searchable\":true,\"sortable\":true}}},\"layouts\":{\"list\":[\"id\",\"type\",\"contentType\",\"locale\"],\"edit\":[[{\"name\":\"type\",\"size\":6},{\"name\":\"contentType\",\"size\":6}],[{\"name\":\"locale\",\"size\":6},{\"name\":\"release\",\"size\":6}],[{\"name\":\"isEntryValid\",\"size\":4}]]},\"uid\":\"plugin::content-releases.release-action\"}','object',NULL,NULL),(13,'plugin_content_manager_configuration_content_types::plugin::content-releases.release','{\"settings\":{\"bulkable\":true,\"filterable\":true,\"searchable\":true,\"pageSize\":10,\"mainField\":\"name\",\"defaultSortBy\":\"name\",\"defaultSortOrder\":\"ASC\"},\"metadatas\":{\"id\":{\"edit\":{},\"list\":{\"label\":\"id\",\"searchable\":true,\"sortable\":true}},\"name\":{\"edit\":{\"label\":\"name\",\"description\":\"\",\"placeholder\":\"\",\"visible\":true,\"editable\":true},\"list\":{\"label\":\"name\",\"searchable\":true,\"sortable\":true}},\"releasedAt\":{\"edit\":{\"label\":\"releasedAt\",\"description\":\"\",\"placeholder\":\"\",\"visible\":true,\"editable\":true},\"list\":{\"label\":\"releasedAt\",\"searchable\":true,\"sortable\":true}},\"scheduledAt\":{\"edit\":{\"label\":\"scheduledAt\",\"description\":\"\",\"placeholder\":\"\",\"visible\":true,\"editable\":true},\"list\":{\"label\":\"scheduledAt\",\"searchable\":true,\"sortable\":true}},\"timezone\":{\"edit\":{\"label\":\"timezone\",\"description\":\"\",\"placeholder\":\"\",\"visible\":true,\"editable\":true},\"list\":{\"label\":\"timezone\",\"searchable\":true,\"sortable\":true}},\"status\":{\"edit\":{\"label\":\"status\",\"description\":\"\",\"placeholder\":\"\",\"visible\":true,\"editable\":true},\"list\":{\"label\":\"status\",\"searchable\":true,\"sortable\":true}},\"actions\":{\"edit\":{\"label\":\"actions\",\"description\":\"\",\"placeholder\":\"\",\"visible\":true,\"editable\":true,\"mainField\":\"contentType\"},\"list\":{\"label\":\"actions\",\"searchable\":false,\"sortable\":false}},\"createdAt\":{\"edit\":{\"label\":\"createdAt\",\"description\":\"\",\"placeholder\":\"\",\"visible\":false,\"editable\":true},\"list\":{\"label\":\"createdAt\",\"searchable\":true,\"sortable\":true}},\"updatedAt\":{\"edit\":{\"label\":\"updatedAt\",\"description\":\"\",\"placeholder\":\"\",\"visible\":false,\"editable\":true},\"list\":{\"label\":\"updatedAt\",\"searchable\":true,\"sortable\":true}},\"createdBy\":{\"edit\":{\"label\":\"createdBy\",\"description\":\"\",\"placeholder\":\"\",\"visible\":false,\"editable\":true,\"mainField\":\"firstname\"},\"list\":{\"label\":\"createdBy\",\"searchable\":true,\"sortable\":true}},\"updatedBy\":{\"edit\":{\"label\":\"updatedBy\",\"description\":\"\",\"placeholder\":\"\",\"visible\":false,\"editable\":true,\"mainField\":\"firstname\"},\"list\":{\"label\":\"updatedBy\",\"searchable\":true,\"sortable\":true}}},\"layouts\":{\"list\":[\"id\",\"name\",\"releasedAt\",\"scheduledAt\"],\"edit\":[[{\"name\":\"name\",\"size\":6},{\"name\":\"releasedAt\",\"size\":6}],[{\"name\":\"scheduledAt\",\"size\":6},{\"name\":\"timezone\",\"size\":6}],[{\"name\":\"status\",\"size\":6},{\"name\":\"actions\",\"size\":6}]]},\"uid\":\"plugin::content-releases.release\"}','object',NULL,NULL),(14,'plugin_content_manager_configuration_content_types::plugin::i18n.locale','{\"settings\":{\"bulkable\":true,\"filterable\":true,\"searchable\":true,\"pageSize\":10,\"mainField\":\"name\",\"defaultSortBy\":\"name\",\"defaultSortOrder\":\"ASC\"},\"metadatas\":{\"id\":{\"edit\":{},\"list\":{\"label\":\"id\",\"searchable\":true,\"sortable\":true}},\"name\":{\"edit\":{\"label\":\"name\",\"description\":\"\",\"placeholder\":\"\",\"visible\":true,\"editable\":true},\"list\":{\"label\":\"name\",\"searchable\":true,\"sortable\":true}},\"code\":{\"edit\":{\"label\":\"code\",\"description\":\"\",\"placeholder\":\"\",\"visible\":true,\"editable\":true},\"list\":{\"label\":\"code\",\"searchable\":true,\"sortable\":true}},\"createdAt\":{\"edit\":{\"label\":\"createdAt\",\"description\":\"\",\"placeholder\":\"\",\"visible\":false,\"editable\":true},\"list\":{\"label\":\"createdAt\",\"searchable\":true,\"sortable\":true}},\"updatedAt\":{\"edit\":{\"label\":\"updatedAt\",\"description\":\"\",\"placeholder\":\"\",\"visible\":false,\"editable\":true},\"list\":{\"label\":\"updatedAt\",\"searchable\":true,\"sortable\":true}},\"createdBy\":{\"edit\":{\"label\":\"createdBy\",\"description\":\"\",\"placeholder\":\"\",\"visible\":false,\"editable\":true,\"mainField\":\"firstname\"},\"list\":{\"label\":\"createdBy\",\"searchable\":true,\"sortable\":true}},\"updatedBy\":{\"edit\":{\"label\":\"updatedBy\",\"description\":\"\",\"placeholder\":\"\",\"visible\":false,\"editable\":true,\"mainField\":\"firstname\"},\"list\":{\"label\":\"updatedBy\",\"searchable\":true,\"sortable\":true}}},\"layouts\":{\"list\":[\"id\",\"name\",\"code\",\"createdAt\"],\"edit\":[[{\"name\":\"name\",\"size\":6},{\"name\":\"code\",\"size\":6}]]},\"uid\":\"plugin::i18n.locale\"}','object',NULL,NULL),(15,'plugin_content_manager_configuration_content_types::plugin::users-permissions.user','{\"settings\":{\"bulkable\":true,\"filterable\":true,\"searchable\":true,\"pageSize\":10,\"mainField\":\"username\",\"defaultSortBy\":\"username\",\"defaultSortOrder\":\"ASC\"},\"metadatas\":{\"id\":{\"edit\":{},\"list\":{\"label\":\"id\",\"searchable\":true,\"sortable\":true}},\"username\":{\"edit\":{\"label\":\"username\",\"description\":\"\",\"placeholder\":\"\",\"visible\":true,\"editable\":true},\"list\":{\"label\":\"username\",\"searchable\":true,\"sortable\":true}},\"email\":{\"edit\":{\"label\":\"email\",\"description\":\"\",\"placeholder\":\"\",\"visible\":true,\"editable\":true},\"list\":{\"label\":\"email\",\"searchable\":true,\"sortable\":true}},\"provider\":{\"edit\":{\"label\":\"provider\",\"description\":\"\",\"placeholder\":\"\",\"visible\":false,\"editable\":true},\"list\":{\"label\":\"provider\",\"searchable\":true,\"sortable\":true}},\"password\":{\"edit\":{\"label\":\"password\",\"description\":\"\",\"placeholder\":\"\",\"visible\":true,\"editable\":true},\"list\":{\"label\":\"password\",\"searchable\":true,\"sortable\":true}},\"resetPasswordToken\":{\"edit\":{\"label\":\"resetPasswordToken\",\"description\":\"\",\"placeholder\":\"\",\"visible\":false,\"editable\":true},\"list\":{\"label\":\"resetPasswordToken\",\"searchable\":true,\"sortable\":true}},\"confirmationToken\":{\"edit\":{\"label\":\"confirmationToken\",\"description\":\"\",\"placeholder\":\"\",\"visible\":false,\"editable\":true},\"list\":{\"label\":\"confirmationToken\",\"searchable\":true,\"sortable\":true}},\"confirmed\":{\"edit\":{\"label\":\"confirmed\",\"description\":\"\",\"placeholder\":\"\",\"visible\":true,\"editable\":true},\"list\":{\"label\":\"confirmed\",\"searchable\":true,\"sortable\":true}},\"blocked\":{\"edit\":{\"label\":\"blocked\",\"description\":\"\",\"placeholder\":\"\",\"visible\":true,\"editable\":true},\"list\":{\"label\":\"blocked\",\"searchable\":true,\"sortable\":true}},\"role\":{\"edit\":{\"label\":\"role\",\"description\":\"\",\"placeholder\":\"\",\"visible\":true,\"editable\":true,\"mainField\":\"name\"},\"list\":{\"label\":\"role\",\"searchable\":true,\"sortable\":true}},\"notification\":{\"edit\":{\"label\":\"notification\",\"description\":\"\",\"placeholder\":\"\",\"visible\":true,\"editable\":true},\"list\":{\"label\":\"notification\",\"searchable\":true,\"sortable\":true}},\"createdAt\":{\"edit\":{\"label\":\"createdAt\",\"description\":\"\",\"placeholder\":\"\",\"visible\":false,\"editable\":true},\"list\":{\"label\":\"createdAt\",\"searchable\":true,\"sortable\":true}},\"updatedAt\":{\"edit\":{\"label\":\"updatedAt\",\"description\":\"\",\"placeholder\":\"\",\"visible\":false,\"editable\":true},\"list\":{\"label\":\"updatedAt\",\"searchable\":true,\"sortable\":true}},\"createdBy\":{\"edit\":{\"label\":\"createdBy\",\"description\":\"\",\"placeholder\":\"\",\"visible\":false,\"editable\":true,\"mainField\":\"firstname\"},\"list\":{\"label\":\"createdBy\",\"searchable\":true,\"sortable\":true}},\"updatedBy\":{\"edit\":{\"label\":\"updatedBy\",\"description\":\"\",\"placeholder\":\"\",\"visible\":false,\"editable\":true,\"mainField\":\"firstname\"},\"list\":{\"label\":\"updatedBy\",\"searchable\":true,\"sortable\":true}}},\"layouts\":{\"edit\":[[{\"name\":\"username\",\"size\":6},{\"name\":\"email\",\"size\":6}],[{\"name\":\"password\",\"size\":6},{\"name\":\"confirmed\",\"size\":4}],[{\"name\":\"blocked\",\"size\":4},{\"name\":\"role\",\"size\":6}],[{\"name\":\"notification\",\"size\":4}]],\"list\":[\"id\",\"username\",\"email\",\"confirmed\",\"notification\"]},\"uid\":\"plugin::users-permissions.user\"}','object',NULL,NULL),(16,'plugin_content_manager_configuration_content_types::admin::role','{\"settings\":{\"bulkable\":true,\"filterable\":true,\"searchable\":true,\"pageSize\":10,\"mainField\":\"name\",\"defaultSortBy\":\"name\",\"defaultSortOrder\":\"ASC\"},\"metadatas\":{\"id\":{\"edit\":{},\"list\":{\"label\":\"id\",\"searchable\":true,\"sortable\":true}},\"name\":{\"edit\":{\"label\":\"name\",\"description\":\"\",\"placeholder\":\"\",\"visible\":true,\"editable\":true},\"list\":{\"label\":\"name\",\"searchable\":true,\"sortable\":true}},\"code\":{\"edit\":{\"label\":\"code\",\"description\":\"\",\"placeholder\":\"\",\"visible\":true,\"editable\":true},\"list\":{\"label\":\"code\",\"searchable\":true,\"sortable\":true}},\"description\":{\"edit\":{\"label\":\"description\",\"description\":\"\",\"placeholder\":\"\",\"visible\":true,\"editable\":true},\"list\":{\"label\":\"description\",\"searchable\":true,\"sortable\":true}},\"users\":{\"edit\":{\"label\":\"users\",\"description\":\"\",\"placeholder\":\"\",\"visible\":true,\"editable\":true,\"mainField\":\"firstname\"},\"list\":{\"label\":\"users\",\"searchable\":false,\"sortable\":false}},\"permissions\":{\"edit\":{\"label\":\"permissions\",\"description\":\"\",\"placeholder\":\"\",\"visible\":true,\"editable\":true,\"mainField\":\"action\"},\"list\":{\"label\":\"permissions\",\"searchable\":false,\"sortable\":false}},\"createdAt\":{\"edit\":{\"label\":\"createdAt\",\"description\":\"\",\"placeholder\":\"\",\"visible\":false,\"editable\":true},\"list\":{\"label\":\"createdAt\",\"searchable\":true,\"sortable\":true}},\"updatedAt\":{\"edit\":{\"label\":\"updatedAt\",\"description\":\"\",\"placeholder\":\"\",\"visible\":false,\"editable\":true},\"list\":{\"label\":\"updatedAt\",\"searchable\":true,\"sortable\":true}},\"createdBy\":{\"edit\":{\"label\":\"createdBy\",\"description\":\"\",\"placeholder\":\"\",\"visible\":false,\"editable\":true,\"mainField\":\"firstname\"},\"list\":{\"label\":\"createdBy\",\"searchable\":true,\"sortable\":true}},\"updatedBy\":{\"edit\":{\"label\":\"updatedBy\",\"description\":\"\",\"placeholder\":\"\",\"visible\":false,\"editable\":true,\"mainField\":\"firstname\"},\"list\":{\"label\":\"updatedBy\",\"searchable\":true,\"sortable\":true}}},\"layouts\":{\"list\":[\"id\",\"name\",\"code\",\"description\"],\"edit\":[[{\"name\":\"name\",\"size\":6},{\"name\":\"code\",\"size\":6}],[{\"name\":\"description\",\"size\":6},{\"name\":\"users\",\"size\":6}],[{\"name\":\"permissions\",\"size\":6}]]},\"uid\":\"admin::role\"}','object',NULL,NULL),(17,'plugin_upload_settings','{\"sizeOptimization\":true,\"responsiveDimensions\":true,\"autoOrientation\":false}','object',NULL,NULL),(18,'plugin_upload_view_configuration','{\"pageSize\":10,\"sort\":\"createdAt:DESC\"}','object',NULL,NULL),(19,'plugin_upload_metrics','{\"weeklySchedule\":\"28 28 12 * * 2\",\"lastWeeklyUpdate\":1717496908119}','object',NULL,NULL),(20,'plugin_users-permissions_grant','{\"email\":{\"enabled\":true,\"icon\":\"envelope\"},\"discord\":{\"enabled\":false,\"icon\":\"discord\",\"key\":\"\",\"secret\":\"\",\"callback\":\"api/auth/discord/callback\",\"scope\":[\"identify\",\"email\"]},\"facebook\":{\"enabled\":false,\"icon\":\"facebook-square\",\"key\":\"\",\"secret\":\"\",\"callback\":\"api/auth/facebook/callback\",\"scope\":[\"email\"]},\"google\":{\"enabled\":false,\"icon\":\"google\",\"key\":\"\",\"secret\":\"\",\"callback\":\"api/auth/google/callback\",\"scope\":[\"email\"]},\"github\":{\"enabled\":false,\"icon\":\"github\",\"key\":\"\",\"secret\":\"\",\"callback\":\"api/auth/github/callback\",\"scope\":[\"user\",\"user:email\"]},\"microsoft\":{\"enabled\":false,\"icon\":\"windows\",\"key\":\"\",\"secret\":\"\",\"callback\":\"api/auth/microsoft/callback\",\"scope\":[\"user.read\"]},\"twitter\":{\"enabled\":false,\"icon\":\"twitter\",\"key\":\"\",\"secret\":\"\",\"callback\":\"api/auth/twitter/callback\"},\"instagram\":{\"enabled\":false,\"icon\":\"instagram\",\"key\":\"\",\"secret\":\"\",\"callback\":\"api/auth/instagram/callback\",\"scope\":[\"user_profile\"]},\"vk\":{\"enabled\":false,\"icon\":\"vk\",\"key\":\"\",\"secret\":\"\",\"callback\":\"api/auth/vk/callback\",\"scope\":[\"email\"]},\"twitch\":{\"enabled\":false,\"icon\":\"twitch\",\"key\":\"\",\"secret\":\"\",\"callback\":\"api/auth/twitch/callback\",\"scope\":[\"user:read:email\"]},\"linkedin\":{\"enabled\":false,\"icon\":\"linkedin\",\"key\":\"\",\"secret\":\"\",\"callback\":\"api/auth/linkedin/callback\",\"scope\":[\"r_liteprofile\",\"r_emailaddress\"]},\"cognito\":{\"enabled\":false,\"icon\":\"aws\",\"key\":\"\",\"secret\":\"\",\"subdomain\":\"my.subdomain.com\",\"callback\":\"api/auth/cognito/callback\",\"scope\":[\"email\",\"openid\",\"profile\"]},\"reddit\":{\"enabled\":false,\"icon\":\"reddit\",\"key\":\"\",\"secret\":\"\",\"state\":true,\"callback\":\"api/auth/reddit/callback\",\"scope\":[\"identity\"]},\"auth0\":{\"enabled\":false,\"icon\":\"\",\"key\":\"\",\"secret\":\"\",\"subdomain\":\"my-tenant.eu\",\"callback\":\"api/auth/auth0/callback\",\"scope\":[\"openid\",\"email\",\"profile\"]},\"cas\":{\"enabled\":false,\"icon\":\"book\",\"key\":\"\",\"secret\":\"\",\"callback\":\"api/auth/cas/callback\",\"scope\":[\"openid email\"],\"subdomain\":\"my.subdomain.com/cas\"},\"patreon\":{\"enabled\":false,\"icon\":\"\",\"key\":\"\",\"secret\":\"\",\"callback\":\"api/auth/patreon/callback\",\"scope\":[\"identity\",\"identity[email]\"]},\"keycloak\":{\"enabled\":false,\"icon\":\"\",\"key\":\"\",\"secret\":\"\",\"subdomain\":\"myKeycloakProvider.com/realms/myrealm\",\"callback\":\"api/auth/keycloak/callback\",\"scope\":[\"openid\",\"email\",\"profile\"]}}','object',NULL,NULL),(21,'plugin_users-permissions_email','{\"reset_password\":{\"display\":\"Email.template.reset_password\",\"icon\":\"sync\",\"options\":{\"from\":{\"name\":\"Administration Panel\",\"email\":\"no-reply@strapi.io\"},\"response_email\":\"\",\"object\":\"Reset password\",\"message\":\"<p>We heard that you lost your password. Sorry about that!</p>\\n\\n<p>But don’t worry! You can use the following link to reset your password:</p>\\n<p><%= URL %>?code=<%= TOKEN %></p>\\n\\n<p>Thanks.</p>\"}},\"email_confirmation\":{\"display\":\"Email.template.email_confirmation\",\"icon\":\"check-square\",\"options\":{\"from\":{\"name\":\"Administration Panel\",\"email\":\"no-reply@strapi.io\"},\"response_email\":\"\",\"object\":\"Account confirmation\",\"message\":\"<p>Thank you for registering!</p>\\n\\n<p>You have to confirm your email address. Please click on the link below.</p>\\n\\n<p><%= URL %>?confirmation=<%= CODE %></p>\\n\\n<p>Thanks.</p>\"}}}','object',NULL,NULL),(22,'plugin_users-permissions_advanced','{\"unique_email\":true,\"allow_register\":true,\"email_confirmation\":false,\"email_reset_password\":null,\"email_confirmation_redirection\":null,\"default_role\":\"authenticated\"}','object',NULL,NULL),(23,'plugin_i18n_default_locale','\"en\"','string',NULL,NULL),(24,'core_admin_auth','{\"providers\":{\"autoRegister\":false,\"defaultRole\":null,\"ssoLockedRoles\":null}}','object',NULL,NULL),(25,'plugin_content_manager_configuration_content_types::api::pattern.pattern','{\"settings\":{\"bulkable\":true,\"filterable\":true,\"searchable\":true,\"pageSize\":50,\"mainField\":\"nome\",\"defaultSortBy\":\"nome\",\"defaultSortOrder\":\"ASC\"},\"metadatas\":{\"id\":{\"edit\":{},\"list\":{\"label\":\"id\",\"searchable\":true,\"sortable\":true}},\"nome\":{\"edit\":{\"label\":\"nome\",\"description\":\"\",\"placeholder\":\"\",\"visible\":true,\"editable\":true},\"list\":{\"label\":\"nome\",\"searchable\":true,\"sortable\":true}},\"descrizione\":{\"edit\":{\"label\":\"descrizione\",\"description\":\"\",\"placeholder\":\"\",\"visible\":true,\"editable\":true},\"list\":{\"label\":\"descrizione\",\"searchable\":true,\"sortable\":true}},\"contesto\":{\"edit\":{\"label\":\"contesto\",\"description\":\"\",\"placeholder\":\"\",\"visible\":true,\"editable\":true},\"list\":{\"label\":\"contesto\",\"searchable\":true,\"sortable\":true}},\"mvcs\":{\"edit\":{\"label\":\"mvcs\",\"description\":\"\",\"placeholder\":\"\",\"visible\":true,\"editable\":true,\"mainField\":\"nome\"},\"list\":{\"label\":\"mvcs\",\"searchable\":false,\"sortable\":false}},\"strategias\":{\"edit\":{\"label\":\"strategias\",\"description\":\"\",\"placeholder\":\"\",\"visible\":true,\"editable\":true,\"mainField\":\"nome\"},\"list\":{\"label\":\"strategias\",\"searchable\":false,\"sortable\":false}},\"privacy_by_design_principles\":{\"edit\":{\"label\":\"privacy_by_design_principles\",\"description\":\"\",\"placeholder\":\"\",\"visible\":true,\"editable\":true,\"mainField\":\"nome\"},\"list\":{\"label\":\"privacy_by_design_principles\",\"searchable\":false,\"sortable\":false}},\"owasp_top_10_categories\":{\"edit\":{\"label\":\"owasp_top_10_categories\",\"description\":\"\",\"placeholder\":\"\",\"visible\":true,\"editable\":true,\"mainField\":\"nome\"},\"list\":{\"label\":\"owasp_top_10_categories\",\"searchable\":false,\"sortable\":false}},\"cwe_top_25_weaknesses\":{\"edit\":{\"label\":\"cwe_top_25_weaknesses\",\"description\":\"\",\"placeholder\":\"\",\"visible\":true,\"editable\":true,\"mainField\":\"identificatore\"},\"list\":{\"label\":\"cwe_top_25_weaknesses\",\"searchable\":false,\"sortable\":false}},\"articoli_gdprs\":{\"edit\":{\"label\":\"articoli_gdprs\",\"description\":\"\",\"placeholder\":\"\",\"visible\":true,\"editable\":true,\"mainField\":\"nome\"},\"list\":{\"label\":\"articoli_gdprs\",\"searchable\":false,\"sortable\":false}},\"iso_9241_210_phases\":{\"edit\":{\"label\":\"iso_9241_210_phases\",\"description\":\"\",\"placeholder\":\"\",\"visible\":true,\"editable\":true,\"mainField\":\"nome\"},\"list\":{\"label\":\"iso_9241_210_phases\",\"searchable\":false,\"sortable\":false}},\"examples\":{\"edit\":{\"label\":\"examples\",\"description\":\"\",\"placeholder\":\"\",\"visible\":true,\"editable\":true,\"mainField\":\"id\"},\"list\":{\"label\":\"examples\",\"searchable\":false,\"sortable\":false}},\"searchCounter\":{\"edit\":{\"label\":\"searchCounter\",\"description\":\"\",\"placeholder\":\"\",\"visible\":true,\"editable\":true},\"list\":{\"label\":\"searchCounter\",\"searchable\":true,\"sortable\":true}},\"createdAt\":{\"edit\":{\"label\":\"createdAt\",\"description\":\"\",\"placeholder\":\"\",\"visible\":false,\"editable\":true},\"list\":{\"label\":\"createdAt\",\"searchable\":true,\"sortable\":true}},\"updatedAt\":{\"edit\":{\"label\":\"updatedAt\",\"description\":\"\",\"placeholder\":\"\",\"visible\":false,\"editable\":true},\"list\":{\"label\":\"updatedAt\",\"searchable\":true,\"sortable\":true}},\"createdBy\":{\"edit\":{\"label\":\"createdBy\",\"description\":\"\",\"placeholder\":\"\",\"visible\":false,\"editable\":true,\"mainField\":\"firstname\"},\"list\":{\"label\":\"createdBy\",\"searchable\":true,\"sortable\":true}},\"updatedBy\":{\"edit\":{\"label\":\"updatedBy\",\"description\":\"\",\"placeholder\":\"\",\"visible\":false,\"editable\":true,\"mainField\":\"firstname\"},\"list\":{\"label\":\"updatedBy\",\"searchable\":true,\"sortable\":true}}},\"layouts\":{\"edit\":[[{\"name\":\"descrizione\",\"size\":6}],[{\"name\":\"contesto\",\"size\":6},{\"name\":\"mvcs\",\"size\":6}],[{\"name\":\"strategias\",\"size\":6},{\"name\":\"privacy_by_design_principles\",\"size\":6}],[{\"name\":\"owasp_top_10_categories\",\"size\":6},{\"name\":\"cwe_top_25_weaknesses\",\"size\":6}],[{\"name\":\"articoli_gdprs\",\"size\":6},{\"name\":\"iso_9241_210_phases\",\"size\":6}],[{\"name\":\"nome\",\"size\":6},{\"name\":\"examples\",\"size\":6}],[{\"name\":\"searchCounter\",\"size\":4}]],\"list\":[\"id\",\"nome\",\"descrizione\",\"contesto\",\"searchCounter\"]},\"uid\":\"api::pattern.pattern\"}','object',NULL,NULL),(26,'plugin_content_manager_configuration_content_types::api::strategia.strategia','{\"settings\":{\"bulkable\":true,\"filterable\":true,\"searchable\":true,\"pageSize\":10,\"mainField\":\"nome\",\"defaultSortBy\":\"nome\",\"defaultSortOrder\":\"ASC\"},\"metadatas\":{\"id\":{\"edit\":{},\"list\":{\"label\":\"id\",\"searchable\":true,\"sortable\":true}},\"nome\":{\"edit\":{\"label\":\"nome\",\"description\":\"\",\"placeholder\":\"\",\"visible\":true,\"editable\":true},\"list\":{\"label\":\"nome\",\"searchable\":true,\"sortable\":true}},\"patterns\":{\"edit\":{\"label\":\"patterns\",\"description\":\"\",\"placeholder\":\"\",\"visible\":true,\"editable\":true,\"mainField\":\"nome\"},\"list\":{\"label\":\"patterns\",\"searchable\":false,\"sortable\":false}},\"privacy_by_design_principles\":{\"edit\":{\"label\":\"privacy_by_design_principles\",\"description\":\"\",\"placeholder\":\"\",\"visible\":true,\"editable\":true,\"mainField\":\"nome\"},\"list\":{\"label\":\"privacy_by_design_principles\",\"searchable\":false,\"sortable\":false}},\"articoli_gdprs\":{\"edit\":{\"label\":\"articoli_gdprs\",\"description\":\"\",\"placeholder\":\"\",\"visible\":true,\"editable\":true,\"mainField\":\"nome\"},\"list\":{\"label\":\"articoli_gdprs\",\"searchable\":false,\"sortable\":false}},\"createdAt\":{\"edit\":{\"label\":\"createdAt\",\"description\":\"\",\"placeholder\":\"\",\"visible\":false,\"editable\":true},\"list\":{\"label\":\"createdAt\",\"searchable\":true,\"sortable\":true}},\"updatedAt\":{\"edit\":{\"label\":\"updatedAt\",\"description\":\"\",\"placeholder\":\"\",\"visible\":false,\"editable\":true},\"list\":{\"label\":\"updatedAt\",\"searchable\":true,\"sortable\":true}},\"createdBy\":{\"edit\":{\"label\":\"createdBy\",\"description\":\"\",\"placeholder\":\"\",\"visible\":false,\"editable\":true,\"mainField\":\"firstname\"},\"list\":{\"label\":\"createdBy\",\"searchable\":true,\"sortable\":true}},\"updatedBy\":{\"edit\":{\"label\":\"updatedBy\",\"description\":\"\",\"placeholder\":\"\",\"visible\":false,\"editable\":true,\"mainField\":\"firstname\"},\"list\":{\"label\":\"updatedBy\",\"searchable\":true,\"sortable\":true}}},\"layouts\":{\"list\":[\"id\",\"nome\",\"createdAt\",\"updatedAt\"],\"edit\":[[{\"name\":\"nome\",\"size\":6},{\"name\":\"patterns\",\"size\":6}],[{\"name\":\"privacy_by_design_principles\",\"size\":6},{\"name\":\"articoli_gdprs\",\"size\":6}]]},\"uid\":\"api::strategia.strategia\"}','object',NULL,NULL),(27,'plugin_content_manager_configuration_content_types::api::mvc.mvc','{\"settings\":{\"bulkable\":true,\"filterable\":true,\"searchable\":true,\"pageSize\":10,\"mainField\":\"nome\",\"defaultSortBy\":\"nome\",\"defaultSortOrder\":\"ASC\"},\"metadatas\":{\"id\":{\"edit\":{},\"list\":{\"label\":\"id\",\"searchable\":true,\"sortable\":true}},\"nome\":{\"edit\":{\"label\":\"nome\",\"description\":\"\",\"placeholder\":\"\",\"visible\":true,\"editable\":true},\"list\":{\"label\":\"nome\",\"searchable\":true,\"sortable\":true}},\"patterns\":{\"edit\":{\"label\":\"patterns\",\"description\":\"\",\"placeholder\":\"\",\"visible\":true,\"editable\":true,\"mainField\":\"nome\"},\"list\":{\"label\":\"patterns\",\"searchable\":false,\"sortable\":false}},\"createdAt\":{\"edit\":{\"label\":\"createdAt\",\"description\":\"\",\"placeholder\":\"\",\"visible\":false,\"editable\":true},\"list\":{\"label\":\"createdAt\",\"searchable\":true,\"sortable\":true}},\"updatedAt\":{\"edit\":{\"label\":\"updatedAt\",\"description\":\"\",\"placeholder\":\"\",\"visible\":false,\"editable\":true},\"list\":{\"label\":\"updatedAt\",\"searchable\":true,\"sortable\":true}},\"createdBy\":{\"edit\":{\"label\":\"createdBy\",\"description\":\"\",\"placeholder\":\"\",\"visible\":false,\"editable\":true,\"mainField\":\"firstname\"},\"list\":{\"label\":\"createdBy\",\"searchable\":true,\"sortable\":true}},\"updatedBy\":{\"edit\":{\"label\":\"updatedBy\",\"description\":\"\",\"placeholder\":\"\",\"visible\":false,\"editable\":true,\"mainField\":\"firstname\"},\"list\":{\"label\":\"updatedBy\",\"searchable\":true,\"sortable\":true}}},\"layouts\":{\"list\":[\"id\",\"createdAt\",\"updatedAt\",\"nome\"],\"edit\":[[{\"name\":\"patterns\",\"size\":6},{\"name\":\"nome\",\"size\":6}]]},\"uid\":\"api::mvc.mvc\"}','object',NULL,NULL),(28,'plugin_content_manager_configuration_content_types::api::example.example','{\"settings\":{\"bulkable\":true,\"filterable\":true,\"searchable\":true,\"pageSize\":10,\"mainField\":\"id\",\"defaultSortBy\":\"id\",\"defaultSortOrder\":\"ASC\"},\"metadatas\":{\"id\":{\"edit\":{},\"list\":{\"label\":\"id\",\"searchable\":true,\"sortable\":true}},\"testo\":{\"edit\":{\"label\":\"testo\",\"description\":\"\",\"placeholder\":\"\",\"visible\":true,\"editable\":true},\"list\":{\"label\":\"testo\",\"searchable\":true,\"sortable\":true}},\"createdAt\":{\"edit\":{\"label\":\"createdAt\",\"description\":\"\",\"placeholder\":\"\",\"visible\":false,\"editable\":true},\"list\":{\"label\":\"createdAt\",\"searchable\":true,\"sortable\":true}},\"updatedAt\":{\"edit\":{\"label\":\"updatedAt\",\"description\":\"\",\"placeholder\":\"\",\"visible\":false,\"editable\":true},\"list\":{\"label\":\"updatedAt\",\"searchable\":true,\"sortable\":true}},\"createdBy\":{\"edit\":{\"label\":\"createdBy\",\"description\":\"\",\"placeholder\":\"\",\"visible\":false,\"editable\":true,\"mainField\":\"firstname\"},\"list\":{\"label\":\"createdBy\",\"searchable\":true,\"sortable\":true}},\"updatedBy\":{\"edit\":{\"label\":\"updatedBy\",\"description\":\"\",\"placeholder\":\"\",\"visible\":false,\"editable\":true,\"mainField\":\"firstname\"},\"list\":{\"label\":\"updatedBy\",\"searchable\":true,\"sortable\":true}}},\"layouts\":{\"list\":[\"id\",\"testo\"],\"edit\":[[{\"name\":\"testo\",\"size\":6}]]},\"uid\":\"api::example.example\"}','object',NULL,NULL),(29,'plugin_content_manager_configuration_content_types::api::privacy-by-design-principle.privacy-by-design-principle','{\"settings\":{\"bulkable\":true,\"filterable\":true,\"searchable\":true,\"pageSize\":10,\"mainField\":\"nome\",\"defaultSortBy\":\"id\",\"defaultSortOrder\":\"ASC\"},\"metadatas\":{\"id\":{\"edit\":{},\"list\":{\"label\":\"id\",\"searchable\":true,\"sortable\":true}},\"nome\":{\"edit\":{\"label\":\"nome\",\"description\":\"\",\"placeholder\":\"\",\"visible\":true,\"editable\":true},\"list\":{\"label\":\"nome\",\"searchable\":true,\"sortable\":true}},\"patterns\":{\"edit\":{\"label\":\"patterns\",\"description\":\"\",\"placeholder\":\"\",\"visible\":true,\"editable\":true,\"mainField\":\"nome\"},\"list\":{\"label\":\"patterns\",\"searchable\":false,\"sortable\":false}},\"createdAt\":{\"edit\":{\"label\":\"createdAt\",\"description\":\"\",\"placeholder\":\"\",\"visible\":false,\"editable\":true},\"list\":{\"label\":\"createdAt\",\"searchable\":true,\"sortable\":true}},\"updatedAt\":{\"edit\":{\"label\":\"updatedAt\",\"description\":\"\",\"placeholder\":\"\",\"visible\":false,\"editable\":true},\"list\":{\"label\":\"updatedAt\",\"searchable\":true,\"sortable\":true}},\"createdBy\":{\"edit\":{\"label\":\"createdBy\",\"description\":\"\",\"placeholder\":\"\",\"visible\":false,\"editable\":true,\"mainField\":\"firstname\"},\"list\":{\"label\":\"createdBy\",\"searchable\":true,\"sortable\":true}},\"updatedBy\":{\"edit\":{\"label\":\"updatedBy\",\"description\":\"\",\"placeholder\":\"\",\"visible\":false,\"editable\":true,\"mainField\":\"firstname\"},\"list\":{\"label\":\"updatedBy\",\"searchable\":true,\"sortable\":true}}},\"layouts\":{\"list\":[\"id\",\"nome\",\"createdAt\",\"updatedAt\",\"patterns\"],\"edit\":[[{\"name\":\"nome\",\"size\":6},{\"name\":\"patterns\",\"size\":6}]]},\"uid\":\"api::privacy-by-design-principle.privacy-by-design-principle\"}','object',NULL,NULL),(30,'plugin_content_manager_configuration_content_types::api::owasp-top-10-category.owasp-top-10-category','{\"settings\":{\"bulkable\":true,\"filterable\":true,\"searchable\":true,\"pageSize\":10,\"mainField\":\"nome\",\"defaultSortBy\":\"identificatore\",\"defaultSortOrder\":\"ASC\"},\"metadatas\":{\"id\":{\"edit\":{},\"list\":{\"label\":\"id\",\"searchable\":true,\"sortable\":true}},\"nome\":{\"edit\":{\"label\":\"nome\",\"description\":\"\",\"placeholder\":\"\",\"visible\":true,\"editable\":true},\"list\":{\"label\":\"nome\",\"searchable\":true,\"sortable\":true}},\"patterns\":{\"edit\":{\"label\":\"patterns\",\"description\":\"\",\"placeholder\":\"\",\"visible\":true,\"editable\":true,\"mainField\":\"nome\"},\"list\":{\"label\":\"patterns\",\"searchable\":false,\"sortable\":false}},\"identificatore\":{\"edit\":{\"label\":\"identificatore\",\"description\":\"\",\"placeholder\":\"\",\"visible\":true,\"editable\":true},\"list\":{\"label\":\"identificatore\",\"searchable\":true,\"sortable\":true}},\"createdAt\":{\"edit\":{\"label\":\"createdAt\",\"description\":\"\",\"placeholder\":\"\",\"visible\":false,\"editable\":true},\"list\":{\"label\":\"createdAt\",\"searchable\":true,\"sortable\":true}},\"updatedAt\":{\"edit\":{\"label\":\"updatedAt\",\"description\":\"\",\"placeholder\":\"\",\"visible\":false,\"editable\":true},\"list\":{\"label\":\"updatedAt\",\"searchable\":true,\"sortable\":true}},\"createdBy\":{\"edit\":{\"label\":\"createdBy\",\"description\":\"\",\"placeholder\":\"\",\"visible\":false,\"editable\":true,\"mainField\":\"firstname\"},\"list\":{\"label\":\"createdBy\",\"searchable\":true,\"sortable\":true}},\"updatedBy\":{\"edit\":{\"label\":\"updatedBy\",\"description\":\"\",\"placeholder\":\"\",\"visible\":false,\"editable\":true,\"mainField\":\"firstname\"},\"list\":{\"label\":\"updatedBy\",\"searchable\":true,\"sortable\":true}}},\"layouts\":{\"list\":[\"id\",\"identificatore\",\"nome\"],\"edit\":[[{\"name\":\"nome\",\"size\":6},{\"name\":\"patterns\",\"size\":6}],[{\"name\":\"identificatore\",\"size\":6}]]},\"uid\":\"api::owasp-top-10-category.owasp-top-10-category\"}','object',NULL,NULL),(31,'plugin_content_manager_configuration_content_types::api::cwe-top-25-weakness.cwe-top-25-weakness','{\"settings\":{\"bulkable\":true,\"filterable\":true,\"searchable\":true,\"pageSize\":10,\"mainField\":\"identificatore\",\"defaultSortBy\":\"identificatore\",\"defaultSortOrder\":\"ASC\"},\"metadatas\":{\"id\":{\"edit\":{},\"list\":{\"label\":\"id\",\"searchable\":true,\"sortable\":true}},\"identificatore\":{\"edit\":{\"label\":\"identificatore\",\"description\":\"\",\"placeholder\":\"\",\"visible\":true,\"editable\":true},\"list\":{\"label\":\"identificatore\",\"searchable\":true,\"sortable\":true}},\"nome\":{\"edit\":{\"label\":\"nome\",\"description\":\"\",\"placeholder\":\"\",\"visible\":true,\"editable\":true},\"list\":{\"label\":\"nome\",\"searchable\":true,\"sortable\":true}},\"patterns\":{\"edit\":{\"label\":\"patterns\",\"description\":\"\",\"placeholder\":\"\",\"visible\":true,\"editable\":true,\"mainField\":\"nome\"},\"list\":{\"label\":\"patterns\",\"searchable\":false,\"sortable\":false}},\"createdAt\":{\"edit\":{\"label\":\"createdAt\",\"description\":\"\",\"placeholder\":\"\",\"visible\":false,\"editable\":true},\"list\":{\"label\":\"createdAt\",\"searchable\":true,\"sortable\":true}},\"updatedAt\":{\"edit\":{\"label\":\"updatedAt\",\"description\":\"\",\"placeholder\":\"\",\"visible\":false,\"editable\":true},\"list\":{\"label\":\"updatedAt\",\"searchable\":true,\"sortable\":true}},\"createdBy\":{\"edit\":{\"label\":\"createdBy\",\"description\":\"\",\"placeholder\":\"\",\"visible\":false,\"editable\":true,\"mainField\":\"firstname\"},\"list\":{\"label\":\"createdBy\",\"searchable\":true,\"sortable\":true}},\"updatedBy\":{\"edit\":{\"label\":\"updatedBy\",\"description\":\"\",\"placeholder\":\"\",\"visible\":false,\"editable\":true,\"mainField\":\"firstname\"},\"list\":{\"label\":\"updatedBy\",\"searchable\":true,\"sortable\":true}}},\"layouts\":{\"list\":[\"id\",\"identificatore\",\"patterns\",\"nome\"],\"edit\":[[{\"name\":\"identificatore\",\"size\":6}],[{\"name\":\"patterns\",\"size\":6},{\"name\":\"nome\",\"size\":6}]]},\"uid\":\"api::cwe-top-25-weakness.cwe-top-25-weakness\"}','object',NULL,NULL),(32,'plugin_content_manager_configuration_content_types::api::articoli-gdpr.articoli-gdpr','{\"settings\":{\"bulkable\":true,\"filterable\":true,\"searchable\":true,\"pageSize\":10,\"mainField\":\"nome\",\"defaultSortBy\":\"nome\",\"defaultSortOrder\":\"ASC\"},\"metadatas\":{\"id\":{\"edit\":{},\"list\":{\"label\":\"id\",\"searchable\":true,\"sortable\":true}},\"identificatore\":{\"edit\":{\"label\":\"identificatore\",\"description\":\"\",\"placeholder\":\"\",\"visible\":true,\"editable\":true},\"list\":{\"label\":\"identificatore\",\"searchable\":true,\"sortable\":true}},\"nome\":{\"edit\":{\"label\":\"nome\",\"description\":\"\",\"placeholder\":\"\",\"visible\":true,\"editable\":true},\"list\":{\"label\":\"nome\",\"searchable\":true,\"sortable\":true}},\"patterns\":{\"edit\":{\"label\":\"patterns\",\"description\":\"\",\"placeholder\":\"\",\"visible\":true,\"editable\":true,\"mainField\":\"nome\"},\"list\":{\"label\":\"patterns\",\"searchable\":false,\"sortable\":false}},\"createdAt\":{\"edit\":{\"label\":\"createdAt\",\"description\":\"\",\"placeholder\":\"\",\"visible\":false,\"editable\":true},\"list\":{\"label\":\"createdAt\",\"searchable\":true,\"sortable\":true}},\"updatedAt\":{\"edit\":{\"label\":\"updatedAt\",\"description\":\"\",\"placeholder\":\"\",\"visible\":false,\"editable\":true},\"list\":{\"label\":\"updatedAt\",\"searchable\":true,\"sortable\":true}},\"createdBy\":{\"edit\":{\"label\":\"createdBy\",\"description\":\"\",\"placeholder\":\"\",\"visible\":false,\"editable\":true,\"mainField\":\"firstname\"},\"list\":{\"label\":\"createdBy\",\"searchable\":true,\"sortable\":true}},\"updatedBy\":{\"edit\":{\"label\":\"updatedBy\",\"description\":\"\",\"placeholder\":\"\",\"visible\":false,\"editable\":true,\"mainField\":\"firstname\"},\"list\":{\"label\":\"updatedBy\",\"searchable\":true,\"sortable\":true}}},\"layouts\":{\"list\":[\"id\",\"nome\",\"patterns\",\"identificatore\"],\"edit\":[[{\"name\":\"nome\",\"size\":6}],[{\"name\":\"patterns\",\"size\":6},{\"name\":\"identificatore\",\"size\":4}]]},\"uid\":\"api::articoli-gdpr.articoli-gdpr\"}','object',NULL,NULL),(33,'plugin_content_manager_configuration_content_types::api::iso-9241-210-phase.iso-9241-210-phase','{\"settings\":{\"bulkable\":true,\"filterable\":true,\"searchable\":true,\"pageSize\":10,\"mainField\":\"nome\",\"defaultSortBy\":\"nome\",\"defaultSortOrder\":\"ASC\"},\"metadatas\":{\"id\":{\"edit\":{},\"list\":{\"label\":\"id\",\"searchable\":true,\"sortable\":true}},\"identificatore\":{\"edit\":{\"label\":\"identificatore\",\"description\":\"\",\"placeholder\":\"\",\"visible\":true,\"editable\":true},\"list\":{\"label\":\"identificatore\",\"searchable\":true,\"sortable\":true}},\"nome\":{\"edit\":{\"label\":\"nome\",\"description\":\"\",\"placeholder\":\"\",\"visible\":true,\"editable\":true},\"list\":{\"label\":\"nome\",\"searchable\":true,\"sortable\":true}},\"patterns\":{\"edit\":{\"label\":\"patterns\",\"description\":\"\",\"placeholder\":\"\",\"visible\":true,\"editable\":true,\"mainField\":\"nome\"},\"list\":{\"label\":\"patterns\",\"searchable\":false,\"sortable\":false}},\"privacy_by_design_principles\":{\"edit\":{\"label\":\"privacy_by_design_principles\",\"description\":\"\",\"placeholder\":\"\",\"visible\":true,\"editable\":true,\"mainField\":\"nome\"},\"list\":{\"label\":\"privacy_by_design_principles\",\"searchable\":false,\"sortable\":false}},\"createdAt\":{\"edit\":{\"label\":\"createdAt\",\"description\":\"\",\"placeholder\":\"\",\"visible\":false,\"editable\":true},\"list\":{\"label\":\"createdAt\",\"searchable\":true,\"sortable\":true}},\"updatedAt\":{\"edit\":{\"label\":\"updatedAt\",\"description\":\"\",\"placeholder\":\"\",\"visible\":false,\"editable\":true},\"list\":{\"label\":\"updatedAt\",\"searchable\":true,\"sortable\":true}},\"createdBy\":{\"edit\":{\"label\":\"createdBy\",\"description\":\"\",\"placeholder\":\"\",\"visible\":false,\"editable\":true,\"mainField\":\"firstname\"},\"list\":{\"label\":\"createdBy\",\"searchable\":true,\"sortable\":true}},\"updatedBy\":{\"edit\":{\"label\":\"updatedBy\",\"description\":\"\",\"placeholder\":\"\",\"visible\":false,\"editable\":true,\"mainField\":\"firstname\"},\"list\":{\"label\":\"updatedBy\",\"searchable\":true,\"sortable\":true}}},\"layouts\":{\"list\":[\"id\",\"nome\",\"patterns\",\"identificatore\"],\"edit\":[[{\"name\":\"nome\",\"size\":6}],[{\"name\":\"patterns\",\"size\":6},{\"name\":\"privacy_by_design_principles\",\"size\":6}],[{\"name\":\"identificatore\",\"size\":4}]]},\"uid\":\"api::iso-9241-210-phase.iso-9241-210-phase\"}','object',NULL,NULL),(37,'plugin_content_manager_configuration_content_types::api::feedback.feedback','{\"settings\":{\"bulkable\":true,\"filterable\":true,\"searchable\":true,\"pageSize\":10,\"mainField\":\"id\",\"defaultSortBy\":\"id\",\"defaultSortOrder\":\"ASC\"},\"metadatas\":{\"id\":{\"edit\":{},\"list\":{\"label\":\"id\",\"searchable\":true,\"sortable\":true}},\"users_permissions_user\":{\"edit\":{\"label\":\"users_permissions_user\",\"description\":\"\",\"placeholder\":\"\",\"visible\":true,\"editable\":true,\"mainField\":\"username\"},\"list\":{\"label\":\"users_permissions_user\",\"searchable\":true,\"sortable\":true}},\"commento\":{\"edit\":{\"label\":\"commento\",\"description\":\"\",\"placeholder\":\"\",\"visible\":true,\"editable\":true},\"list\":{\"label\":\"commento\",\"searchable\":true,\"sortable\":true}},\"collection\":{\"edit\":{\"label\":\"collection\",\"description\":\"\",\"placeholder\":\"\",\"visible\":true,\"editable\":true},\"list\":{\"label\":\"collection\",\"searchable\":true,\"sortable\":true}},\"nameOfObject\":{\"edit\":{\"label\":\"nameOfObject\",\"description\":\"\",\"placeholder\":\"\",\"visible\":true,\"editable\":true},\"list\":{\"label\":\"nameOfObject\",\"searchable\":true,\"sortable\":true}},\"createdAt\":{\"edit\":{\"label\":\"createdAt\",\"description\":\"\",\"placeholder\":\"\",\"visible\":false,\"editable\":true},\"list\":{\"label\":\"createdAt\",\"searchable\":true,\"sortable\":true}},\"updatedAt\":{\"edit\":{\"label\":\"updatedAt\",\"description\":\"\",\"placeholder\":\"\",\"visible\":false,\"editable\":true},\"list\":{\"label\":\"updatedAt\",\"searchable\":true,\"sortable\":true}},\"createdBy\":{\"edit\":{\"label\":\"createdBy\",\"description\":\"\",\"placeholder\":\"\",\"visible\":false,\"editable\":true,\"mainField\":\"firstname\"},\"list\":{\"label\":\"createdBy\",\"searchable\":true,\"sortable\":true}},\"updatedBy\":{\"edit\":{\"label\":\"updatedBy\",\"description\":\"\",\"placeholder\":\"\",\"visible\":false,\"editable\":true,\"mainField\":\"firstname\"},\"list\":{\"label\":\"updatedBy\",\"searchable\":true,\"sortable\":true}}},\"layouts\":{\"list\":[\"id\",\"users_permissions_user\",\"commento\",\"createdAt\"],\"edit\":[[{\"name\":\"users_permissions_user\",\"size\":6},{\"name\":\"commento\",\"size\":6}],[{\"name\":\"collection\",\"size\":6},{\"name\":\"nameOfObject\",\"size\":6}]]},\"uid\":\"api::feedback.feedback\"}','object',NULL,NULL);
/*!40000 ALTER TABLE `strapi_core_store_settings` ENABLE KEYS */;
UNLOCK TABLES;

--
-- Table structure for table `strapi_database_schema`
--

DROP TABLE IF EXISTS `strapi_database_schema`;
/*!40101 SET @saved_cs_client     = @@character_set_client */;
/*!50503 SET character_set_client = utf8mb4 */;
CREATE TABLE `strapi_database_schema` (
  `id` int unsigned NOT NULL AUTO_INCREMENT,
  `schema` json DEFAULT NULL,
  `time` datetime DEFAULT NULL,
  `hash` varchar(255) DEFAULT NULL,
  PRIMARY KEY (`id`)
) ENGINE=InnoDB AUTO_INCREMENT=50 DEFAULT CHARSET=utf8mb4 COLLATE=utf8mb4_0900_ai_ci;
/*!40101 SET character_set_client = @saved_cs_client */;

--
-- Dumping data for table `strapi_database_schema`
--

LOCK TABLES `strapi_database_schema` WRITE;
/*!40000 ALTER TABLE `strapi_database_schema` DISABLE KEYS */;
INSERT INTO `strapi_database_schema` VALUES (49,'{\"tables\": [{\"name\": \"strapi_core_store_settings\", \"columns\": [{\"args\": [{\"primary\": true, \"primaryKey\": true}], \"name\": \"id\", \"type\": \"increments\", \"unsigned\": false, \"defaultTo\": null, \"notNullable\": true}, {\"args\": [], \"name\": \"key\", \"type\": \"string\", \"unsigned\": false, \"defaultTo\": null, \"notNullable\": false}, {\"args\": [\"longtext\"], \"name\": \"value\", \"type\": \"text\", \"unsigned\": false, \"defaultTo\": null, \"notNullable\": false}, {\"args\": [], \"name\": \"type\", \"type\": \"string\", \"unsigned\": false, \"defaultTo\": null, \"notNullable\": false}, {\"args\": [], \"name\": \"environment\", \"type\": \"string\", \"unsigned\": false, \"defaultTo\": null, \"notNullable\": false}, {\"args\": [], \"name\": \"tag\", \"type\": \"string\", \"unsigned\": false, \"defaultTo\": null, \"notNullable\": false}], \"indexes\": [], \"foreignKeys\": []}, {\"name\": \"strapi_webhooks\", \"columns\": [{\"args\": [{\"primary\": true, \"primaryKey\": true}], \"name\": \"id\", \"type\": \"increments\", \"unsigned\": false, \"defaultTo\": null, \"notNullable\": true}, {\"args\": [], \"name\": \"name\", \"type\": \"string\", \"unsigned\": false, \"defaultTo\": null, \"notNullable\": false}, {\"args\": [\"longtext\"], \"name\": \"url\", \"type\": \"text\", \"unsigned\": false, \"defaultTo\": null, \"notNullable\": false}, {\"args\": [], \"name\": \"headers\", \"type\": \"jsonb\", \"unsigned\": false, \"defaultTo\": null, \"notNullable\": false}, {\"args\": [], \"name\": \"events\", \"type\": \"jsonb\", \"unsigned\": false, \"defaultTo\": null, \"notNullable\": false}, {\"args\": [], \"name\": \"enabled\", \"type\": \"boolean\", \"unsigned\": false, \"defaultTo\": null, \"notNullable\": false}], \"indexes\": [], \"foreignKeys\": []}, {\"name\": \"admin_permissions\", \"columns\": [{\"args\": [{\"primary\": true, \"primaryKey\": true}], \"name\": \"id\", \"type\": \"increments\", \"unsigned\": false, \"defaultTo\": null, \"notNullable\": true}, {\"args\": [], \"name\": \"action\", \"type\": \"string\", \"unsigned\": false, \"defaultTo\": null, \"notNullable\": false}, {\"args\": [], \"name\": \"action_parameters\", \"type\": \"jsonb\", \"unsigned\": false, \"defaultTo\": null, \"notNullable\": false}, {\"args\": [], \"name\": \"subject\", \"type\": \"string\", \"unsigned\": false, \"defaultTo\": null, \"notNullable\": false}, {\"args\": [], \"name\": \"properties\", \"type\": \"jsonb\", \"unsigned\": false, \"defaultTo\": null, \"notNullable\": false}, {\"args\": [], \"name\": \"conditions\", \"type\": \"jsonb\", \"unsigned\": false, \"defaultTo\": null, \"notNullable\": false}, {\"args\": [{\"useTz\": false, \"precision\": 6}], \"name\": \"created_at\", \"type\": \"datetime\", \"unsigned\": false, \"defaultTo\": null, \"notNullable\": false}, {\"args\": [{\"useTz\": false, \"precision\": 6}], \"name\": \"updated_at\", \"type\": \"datetime\", \"unsigned\": false, \"defaultTo\": null, \"notNullable\": false}, {\"args\": [], \"name\": \"created_by_id\", \"type\": \"integer\", \"unsigned\": true, \"defaultTo\": null, \"notNullable\": false}, {\"args\": [], \"name\": \"updated_by_id\", \"type\": \"integer\", \"unsigned\": true, \"defaultTo\": null, \"notNullable\": false}], \"indexes\": [{\"name\": \"admin_permissions_created_by_id_fk\", \"columns\": [\"created_by_id\"]}, {\"name\": \"admin_permissions_updated_by_id_fk\", \"columns\": [\"updated_by_id\"]}], \"foreignKeys\": [{\"name\": \"admin_permissions_created_by_id_fk\", \"columns\": [\"created_by_id\"], \"onDelete\": \"SET NULL\", \"referencedTable\": \"admin_users\", \"referencedColumns\": [\"id\"]}, {\"name\": \"admin_permissions_updated_by_id_fk\", \"columns\": [\"updated_by_id\"], \"onDelete\": \"SET NULL\", \"referencedTable\": \"admin_users\", \"referencedColumns\": [\"id\"]}]}, {\"name\": \"admin_users\", \"columns\": [{\"args\": [{\"primary\": true, \"primaryKey\": true}], \"name\": \"id\", \"type\": \"increments\", \"unsigned\": false, \"defaultTo\": null, \"notNullable\": true}, {\"args\": [], \"name\": \"firstname\", \"type\": \"string\", \"unsigned\": false, \"defaultTo\": null, \"notNullable\": false}, {\"args\": [], \"name\": \"lastname\", \"type\": \"string\", \"unsigned\": false, \"defaultTo\": null, \"notNullable\": false}, {\"args\": [], \"name\": \"username\", \"type\": \"string\", \"unsigned\": false, \"defaultTo\": null, \"notNullable\": false}, {\"args\": [], \"name\": \"email\", \"type\": \"string\", \"unsigned\": false, \"defaultTo\": null, \"notNullable\": false}, {\"args\": [], \"name\": \"password\", \"type\": \"string\", \"unsigned\": false, \"defaultTo\": null, \"notNullable\": false}, {\"args\": [], \"name\": \"reset_password_token\", \"type\": \"string\", \"unsigned\": false, \"defaultTo\": null, \"notNullable\": false}, {\"args\": [], \"name\": \"registration_token\", \"type\": \"string\", \"unsigned\": false, \"defaultTo\": null, \"notNullable\": false}, {\"args\": [], \"name\": \"is_active\", \"type\": \"boolean\", \"unsigned\": false, \"defaultTo\": null, \"notNullable\": false}, {\"args\": [], \"name\": \"blocked\", \"type\": \"boolean\", \"unsigned\": false, \"defaultTo\": null, \"notNullable\": false}, {\"args\": [], \"name\": \"prefered_language\", \"type\": \"string\", \"unsigned\": false, \"defaultTo\": null, \"notNullable\": false}, {\"args\": [{\"useTz\": false, \"precision\": 6}], \"name\": \"created_at\", \"type\": \"datetime\", \"unsigned\": false, \"defaultTo\": null, \"notNullable\": false}, {\"args\": [{\"useTz\": false, \"precision\": 6}], \"name\": \"updated_at\", \"type\": \"datetime\", \"unsigned\": false, \"defaultTo\": null, \"notNullable\": false}, {\"args\": [], \"name\": \"created_by_id\", \"type\": \"integer\", \"unsigned\": true, \"defaultTo\": null, \"notNullable\": false}, {\"args\": [], \"name\": \"updated_by_id\", \"type\": \"integer\", \"unsigned\": true, \"defaultTo\": null, \"notNullable\": false}], \"indexes\": [{\"name\": \"admin_users_created_by_id_fk\", \"columns\": [\"created_by_id\"]}, {\"name\": \"admin_users_updated_by_id_fk\", \"columns\": [\"updated_by_id\"]}], \"foreignKeys\": [{\"name\": \"admin_users_created_by_id_fk\", \"columns\": [\"created_by_id\"], \"onDelete\": \"SET NULL\", \"referencedTable\": \"admin_users\", \"referencedColumns\": [\"id\"]}, {\"name\": \"admin_users_updated_by_id_fk\", \"columns\": [\"updated_by_id\"], \"onDelete\": \"SET NULL\", \"referencedTable\": \"admin_users\", \"referencedColumns\": [\"id\"]}]}, {\"name\": \"admin_roles\", \"columns\": [{\"args\": [{\"primary\": true, \"primaryKey\": true}], \"name\": \"id\", \"type\": \"increments\", \"unsigned\": false, \"defaultTo\": null, \"notNullable\": true}, {\"args\": [], \"name\": \"name\", \"type\": \"string\", \"unsigned\": false, \"defaultTo\": null, \"notNullable\": false}, {\"args\": [], \"name\": \"code\", \"type\": \"string\", \"unsigned\": false, \"defaultTo\": null, \"notNullable\": false}, {\"args\": [], \"name\": \"description\", \"type\": \"string\", \"unsigned\": false, \"defaultTo\": null, \"notNullable\": false}, {\"args\": [{\"useTz\": false, \"precision\": 6}], \"name\": \"created_at\", \"type\": \"datetime\", \"unsigned\": false, \"defaultTo\": null, \"notNullable\": false}, {\"args\": [{\"useTz\": false, \"precision\": 6}], \"name\": \"updated_at\", \"type\": \"datetime\", \"unsigned\": false, \"defaultTo\": null, \"notNullable\": false}, {\"args\": [], \"name\": \"created_by_id\", \"type\": \"integer\", \"unsigned\": true, \"defaultTo\": null, \"notNullable\": false}, {\"args\": [], \"name\": \"updated_by_id\", \"type\": \"integer\", \"unsigned\": true, \"defaultTo\": null, \"notNullable\": false}], \"indexes\": [{\"name\": \"admin_roles_created_by_id_fk\", \"columns\": [\"created_by_id\"]}, {\"name\": \"admin_roles_updated_by_id_fk\", \"columns\": [\"updated_by_id\"]}], \"foreignKeys\": [{\"name\": \"admin_roles_created_by_id_fk\", \"columns\": [\"created_by_id\"], \"onDelete\": \"SET NULL\", \"referencedTable\": \"admin_users\", \"referencedColumns\": [\"id\"]}, {\"name\": \"admin_roles_updated_by_id_fk\", \"columns\": [\"updated_by_id\"], \"onDelete\": \"SET NULL\", \"referencedTable\": \"admin_users\", \"referencedColumns\": [\"id\"]}]}, {\"name\": \"strapi_api_tokens\", \"columns\": [{\"args\": [{\"primary\": true, \"primaryKey\": true}], \"name\": \"id\", \"type\": \"increments\", \"unsigned\": false, \"defaultTo\": null, \"notNullable\": true}, {\"args\": [], \"name\": \"name\", \"type\": \"string\", \"unsigned\": false, \"defaultTo\": null, \"notNullable\": false}, {\"args\": [], \"name\": \"description\", \"type\": \"string\", \"unsigned\": false, \"defaultTo\": null, \"notNullable\": false}, {\"args\": [], \"name\": \"type\", \"type\": \"string\", \"unsigned\": false, \"defaultTo\": null, \"notNullable\": false}, {\"args\": [], \"name\": \"access_key\", \"type\": \"string\", \"unsigned\": false, \"defaultTo\": null, \"notNullable\": false}, {\"args\": [{\"useTz\": false, \"precision\": 6}], \"name\": \"last_used_at\", \"type\": \"datetime\", \"unsigned\": false, \"defaultTo\": null, \"notNullable\": false}, {\"args\": [{\"useTz\": false, \"precision\": 6}], \"name\": \"expires_at\", \"type\": \"datetime\", \"unsigned\": false, \"defaultTo\": null, \"notNullable\": false}, {\"args\": [], \"name\": \"lifespan\", \"type\": \"bigInteger\", \"unsigned\": false, \"defaultTo\": null, \"notNullable\": false}, {\"args\": [{\"useTz\": false, \"precision\": 6}], \"name\": \"created_at\", \"type\": \"datetime\", \"unsigned\": false, \"defaultTo\": null, \"notNullable\": false}, {\"args\": [{\"useTz\": false, \"precision\": 6}], \"name\": \"updated_at\", \"type\": \"datetime\", \"unsigned\": false, \"defaultTo\": null, \"notNullable\": false}, {\"args\": [], \"name\": \"created_by_id\", \"type\": \"integer\", \"unsigned\": true, \"defaultTo\": null, \"notNullable\": false}, {\"args\": [], \"name\": \"updated_by_id\", \"type\": \"integer\", \"unsigned\": true, \"defaultTo\": null, \"notNullable\": false}], \"indexes\": [{\"name\": \"strapi_api_tokens_created_by_id_fk\", \"columns\": [\"created_by_id\"]}, {\"name\": \"strapi_api_tokens_updated_by_id_fk\", \"columns\": [\"updated_by_id\"]}], \"foreignKeys\": [{\"name\": \"strapi_api_tokens_created_by_id_fk\", \"columns\": [\"created_by_id\"], \"onDelete\": \"SET NULL\", \"referencedTable\": \"admin_users\", \"referencedColumns\": [\"id\"]}, {\"name\": \"strapi_api_tokens_updated_by_id_fk\", \"columns\": [\"updated_by_id\"], \"onDelete\": \"SET NULL\", \"referencedTable\": \"admin_users\", \"referencedColumns\": [\"id\"]}]}, {\"name\": \"strapi_api_token_permissions\", \"columns\": [{\"args\": [{\"primary\": true, \"primaryKey\": true}], \"name\": \"id\", \"type\": \"increments\", \"unsigned\": false, \"defaultTo\": null, \"notNullable\": true}, {\"args\": [], \"name\": \"action\", \"type\": \"string\", \"unsigned\": false, \"defaultTo\": null, \"notNullable\": false}, {\"args\": [{\"useTz\": false, \"precision\": 6}], \"name\": \"created_at\", \"type\": \"datetime\", \"unsigned\": false, \"defaultTo\": null, \"notNullable\": false}, {\"args\": [{\"useTz\": false, \"precision\": 6}], \"name\": \"updated_at\", \"type\": \"datetime\", \"unsigned\": false, \"defaultTo\": null, \"notNullable\": false}, {\"args\": [], \"name\": \"created_by_id\", \"type\": \"integer\", \"unsigned\": true, \"defaultTo\": null, \"notNullable\": false}, {\"args\": [], \"name\": \"updated_by_id\", \"type\": \"integer\", \"unsigned\": true, \"defaultTo\": null, \"notNullable\": false}], \"indexes\": [{\"name\": \"strapi_api_token_permissions_created_by_id_fk\", \"columns\": [\"created_by_id\"]}, {\"name\": \"strapi_api_token_permissions_updated_by_id_fk\", \"columns\": [\"updated_by_id\"]}], \"foreignKeys\": [{\"name\": \"strapi_api_token_permissions_created_by_id_fk\", \"columns\": [\"created_by_id\"], \"onDelete\": \"SET NULL\", \"referencedTable\": \"admin_users\", \"referencedColumns\": [\"id\"]}, {\"name\": \"strapi_api_token_permissions_updated_by_id_fk\", \"columns\": [\"updated_by_id\"], \"onDelete\": \"SET NULL\", \"referencedTable\": \"admin_users\", \"referencedColumns\": [\"id\"]}]}, {\"name\": \"strapi_transfer_tokens\", \"columns\": [{\"args\": [{\"primary\": true, \"primaryKey\": true}], \"name\": \"id\", \"type\": \"increments\", \"unsigned\": false, \"defaultTo\": null, \"notNullable\": true}, {\"args\": [], \"name\": \"name\", \"type\": \"string\", \"unsigned\": false, \"defaultTo\": null, \"notNullable\": false}, {\"args\": [], \"name\": \"description\", \"type\": \"string\", \"unsigned\": false, \"defaultTo\": null, \"notNullable\": false}, {\"args\": [], \"name\": \"access_key\", \"type\": \"string\", \"unsigned\": false, \"defaultTo\": null, \"notNullable\": false}, {\"args\": [{\"useTz\": false, \"precision\": 6}], \"name\": \"last_used_at\", \"type\": \"datetime\", \"unsigned\": false, \"defaultTo\": null, \"notNullable\": false}, {\"args\": [{\"useTz\": false, \"precision\": 6}], \"name\": \"expires_at\", \"type\": \"datetime\", \"unsigned\": false, \"defaultTo\": null, \"notNullable\": false}, {\"args\": [], \"name\": \"lifespan\", \"type\": \"bigInteger\", \"unsigned\": false, \"defaultTo\": null, \"notNullable\": false}, {\"args\": [{\"useTz\": false, \"precision\": 6}], \"name\": \"created_at\", \"type\": \"datetime\", \"unsigned\": false, \"defaultTo\": null, \"notNullable\": false}, {\"args\": [{\"useTz\": false, \"precision\": 6}], \"name\": \"updated_at\", \"type\": \"datetime\", \"unsigned\": false, \"defaultTo\": null, \"notNullable\": false}, {\"args\": [], \"name\": \"created_by_id\", \"type\": \"integer\", \"unsigned\": true, \"defaultTo\": null, \"notNullable\": false}, {\"args\": [], \"name\": \"updated_by_id\", \"type\": \"integer\", \"unsigned\": true, \"defaultTo\": null, \"notNullable\": false}], \"indexes\": [{\"name\": \"strapi_transfer_tokens_created_by_id_fk\", \"columns\": [\"created_by_id\"]}, {\"name\": \"strapi_transfer_tokens_updated_by_id_fk\", \"columns\": [\"updated_by_id\"]}], \"foreignKeys\": [{\"name\": \"strapi_transfer_tokens_created_by_id_fk\", \"columns\": [\"created_by_id\"], \"onDelete\": \"SET NULL\", \"referencedTable\": \"admin_users\", \"referencedColumns\": [\"id\"]}, {\"name\": \"strapi_transfer_tokens_updated_by_id_fk\", \"columns\": [\"updated_by_id\"], \"onDelete\": \"SET NULL\", \"referencedTable\": \"admin_users\", \"referencedColumns\": [\"id\"]}]}, {\"name\": \"strapi_transfer_token_permissions\", \"columns\": [{\"args\": [{\"primary\": true, \"primaryKey\": true}], \"name\": \"id\", \"type\": \"increments\", \"unsigned\": false, \"defaultTo\": null, \"notNullable\": true}, {\"args\": [], \"name\": \"action\", \"type\": \"string\", \"unsigned\": false, \"defaultTo\": null, \"notNullable\": false}, {\"args\": [{\"useTz\": false, \"precision\": 6}], \"name\": \"created_at\", \"type\": \"datetime\", \"unsigned\": false, \"defaultTo\": null, \"notNullable\": false}, {\"args\": [{\"useTz\": false, \"precision\": 6}], \"name\": \"updated_at\", \"type\": \"datetime\", \"unsigned\": false, \"defaultTo\": null, \"notNullable\": false}, {\"args\": [], \"name\": \"created_by_id\", \"type\": \"integer\", \"unsigned\": true, \"defaultTo\": null, \"notNullable\": false}, {\"args\": [], \"name\": \"updated_by_id\", \"type\": \"integer\", \"unsigned\": true, \"defaultTo\": null, \"notNullable\": false}], \"indexes\": [{\"name\": \"strapi_transfer_token_permissions_created_by_id_fk\", \"columns\": [\"created_by_id\"]}, {\"name\": \"strapi_transfer_token_permissions_updated_by_id_fk\", \"columns\": [\"updated_by_id\"]}], \"foreignKeys\": [{\"name\": \"strapi_transfer_token_permissions_created_by_id_fk\", \"columns\": [\"created_by_id\"], \"onDelete\": \"SET NULL\", \"referencedTable\": \"admin_users\", \"referencedColumns\": [\"id\"]}, {\"name\": \"strapi_transfer_token_permissions_updated_by_id_fk\", \"columns\": [\"updated_by_id\"], \"onDelete\": \"SET NULL\", \"referencedTable\": \"admin_users\", \"referencedColumns\": [\"id\"]}]}, {\"name\": \"files\", \"columns\": [{\"args\": [{\"primary\": true, \"primaryKey\": true}], \"name\": \"id\", \"type\": \"increments\", \"unsigned\": false, \"defaultTo\": null, \"notNullable\": true}, {\"args\": [], \"name\": \"name\", \"type\": \"string\", \"unsigned\": false, \"defaultTo\": null, \"notNullable\": false}, {\"args\": [], \"name\": \"alternative_text\", \"type\": \"string\", \"unsigned\": false, \"defaultTo\": null, \"notNullable\": false}, {\"args\": [], \"name\": \"caption\", \"type\": \"string\", \"unsigned\": false, \"defaultTo\": null, \"notNullable\": false}, {\"args\": [], \"name\": \"width\", \"type\": \"integer\", \"unsigned\": false, \"defaultTo\": null, \"notNullable\": false}, {\"args\": [], \"name\": \"height\", \"type\": \"integer\", \"unsigned\": false, \"defaultTo\": null, \"notNullable\": false}, {\"args\": [], \"name\": \"formats\", \"type\": \"jsonb\", \"unsigned\": false, \"defaultTo\": null, \"notNullable\": false}, {\"args\": [], \"name\": \"hash\", \"type\": \"string\", \"unsigned\": false, \"defaultTo\": null, \"notNullable\": false}, {\"args\": [], \"name\": \"ext\", \"type\": \"string\", \"unsigned\": false, \"defaultTo\": null, \"notNullable\": false}, {\"args\": [], \"name\": \"mime\", \"type\": \"string\", \"unsigned\": false, \"defaultTo\": null, \"notNullable\": false}, {\"args\": [10, 2], \"name\": \"size\", \"type\": \"decimal\", \"unsigned\": false, \"defaultTo\": null, \"notNullable\": false}, {\"args\": [], \"name\": \"url\", \"type\": \"string\", \"unsigned\": false, \"defaultTo\": null, \"notNullable\": false}, {\"args\": [], \"name\": \"preview_url\", \"type\": \"string\", \"unsigned\": false, \"defaultTo\": null, \"notNullable\": false}, {\"args\": [], \"name\": \"provider\", \"type\": \"string\", \"unsigned\": false, \"defaultTo\": null, \"notNullable\": false}, {\"args\": [], \"name\": \"provider_metadata\", \"type\": \"jsonb\", \"unsigned\": false, \"defaultTo\": null, \"notNullable\": false}, {\"args\": [], \"name\": \"folder_path\", \"type\": \"string\", \"unsigned\": false, \"defaultTo\": null, \"notNullable\": false}, {\"args\": [{\"useTz\": false, \"precision\": 6}], \"name\": \"created_at\", \"type\": \"datetime\", \"unsigned\": false, \"defaultTo\": null, \"notNullable\": false}, {\"args\": [{\"useTz\": false, \"precision\": 6}], \"name\": \"updated_at\", \"type\": \"datetime\", \"unsigned\": false, \"defaultTo\": null, \"notNullable\": false}, {\"args\": [], \"name\": \"created_by_id\", \"type\": \"integer\", \"unsigned\": true, \"defaultTo\": null, \"notNullable\": false}, {\"args\": [], \"name\": \"updated_by_id\", \"type\": \"integer\", \"unsigned\": true, \"defaultTo\": null, \"notNullable\": false}], \"indexes\": [{\"name\": \"upload_files_folder_path_index\", \"type\": null, \"columns\": [\"folder_path\"]}, {\"name\": \"upload_files_created_at_index\", \"type\": null, \"columns\": [\"created_at\"]}, {\"name\": \"upload_files_updated_at_index\", \"type\": null, \"columns\": [\"updated_at\"]}, {\"name\": \"upload_files_name_index\", \"type\": null, \"columns\": [\"name\"]}, {\"name\": \"upload_files_size_index\", \"type\": null, \"columns\": [\"size\"]}, {\"name\": \"upload_files_ext_index\", \"type\": null, \"columns\": [\"ext\"]}, {\"name\": \"files_created_by_id_fk\", \"columns\": [\"created_by_id\"]}, {\"name\": \"files_updated_by_id_fk\", \"columns\": [\"updated_by_id\"]}], \"foreignKeys\": [{\"name\": \"files_created_by_id_fk\", \"columns\": [\"created_by_id\"], \"onDelete\": \"SET NULL\", \"referencedTable\": \"admin_users\", \"referencedColumns\": [\"id\"]}, {\"name\": \"files_updated_by_id_fk\", \"columns\": [\"updated_by_id\"], \"onDelete\": \"SET NULL\", \"referencedTable\": \"admin_users\", \"referencedColumns\": [\"id\"]}]}, {\"name\": \"upload_folders\", \"columns\": [{\"args\": [{\"primary\": true, \"primaryKey\": true}], \"name\": \"id\", \"type\": \"increments\", \"unsigned\": false, \"defaultTo\": null, \"notNullable\": true}, {\"args\": [], \"name\": \"name\", \"type\": \"string\", \"unsigned\": false, \"defaultTo\": null, \"notNullable\": false}, {\"args\": [], \"name\": \"path_id\", \"type\": \"integer\", \"unsigned\": false, \"defaultTo\": null, \"notNullable\": false}, {\"args\": [], \"name\": \"path\", \"type\": \"string\", \"unsigned\": false, \"defaultTo\": null, \"notNullable\": false}, {\"args\": [{\"useTz\": false, \"precision\": 6}], \"name\": \"created_at\", \"type\": \"datetime\", \"unsigned\": false, \"defaultTo\": null, \"notNullable\": false}, {\"args\": [{\"useTz\": false, \"precision\": 6}], \"name\": \"updated_at\", \"type\": \"datetime\", \"unsigned\": false, \"defaultTo\": null, \"notNullable\": false}, {\"args\": [], \"name\": \"created_by_id\", \"type\": \"integer\", \"unsigned\": true, \"defaultTo\": null, \"notNullable\": false}, {\"args\": [], \"name\": \"updated_by_id\", \"type\": \"integer\", \"unsigned\": true, \"defaultTo\": null, \"notNullable\": false}], \"indexes\": [{\"name\": \"upload_folders_path_id_index\", \"type\": \"unique\", \"columns\": [\"path_id\"]}, {\"name\": \"upload_folders_path_index\", \"type\": \"unique\", \"columns\": [\"path\"]}, {\"name\": \"upload_folders_created_by_id_fk\", \"columns\": [\"created_by_id\"]}, {\"name\": \"upload_folders_updated_by_id_fk\", \"columns\": [\"updated_by_id\"]}], \"foreignKeys\": [{\"name\": \"upload_folders_created_by_id_fk\", \"columns\": [\"created_by_id\"], \"onDelete\": \"SET NULL\", \"referencedTable\": \"admin_users\", \"referencedColumns\": [\"id\"]}, {\"name\": \"upload_folders_updated_by_id_fk\", \"columns\": [\"updated_by_id\"], \"onDelete\": \"SET NULL\", \"referencedTable\": \"admin_users\", \"referencedColumns\": [\"id\"]}]}, {\"name\": \"strapi_releases\", \"columns\": [{\"args\": [{\"primary\": true, \"primaryKey\": true}], \"name\": \"id\", \"type\": \"increments\", \"unsigned\": false, \"defaultTo\": null, \"notNullable\": true}, {\"args\": [], \"name\": \"name\", \"type\": \"string\", \"unsigned\": false, \"defaultTo\": null, \"notNullable\": false}, {\"args\": [{\"useTz\": false, \"precision\": 6}], \"name\": \"released_at\", \"type\": \"datetime\", \"unsigned\": false, \"defaultTo\": null, \"notNullable\": false}, {\"args\": [{\"useTz\": false, \"precision\": 6}], \"name\": \"scheduled_at\", \"type\": \"datetime\", \"unsigned\": false, \"defaultTo\": null, \"notNullable\": false}, {\"args\": [], \"name\": \"timezone\", \"type\": \"string\", \"unsigned\": false, \"defaultTo\": null, \"notNullable\": false}, {\"args\": [], \"name\": \"status\", \"type\": \"string\", \"unsigned\": false, \"defaultTo\": null, \"notNullable\": false}, {\"args\": [{\"useTz\": false, \"precision\": 6}], \"name\": \"created_at\", \"type\": \"datetime\", \"unsigned\": false, \"defaultTo\": null, \"notNullable\": false}, {\"args\": [{\"useTz\": false, \"precision\": 6}], \"name\": \"updated_at\", \"type\": \"datetime\", \"unsigned\": false, \"defaultTo\": null, \"notNullable\": false}, {\"args\": [], \"name\": \"created_by_id\", \"type\": \"integer\", \"unsigned\": true, \"defaultTo\": null, \"notNullable\": false}, {\"args\": [], \"name\": \"updated_by_id\", \"type\": \"integer\", \"unsigned\": true, \"defaultTo\": null, \"notNullable\": false}], \"indexes\": [{\"name\": \"strapi_releases_created_by_id_fk\", \"columns\": [\"created_by_id\"]}, {\"name\": \"strapi_releases_updated_by_id_fk\", \"columns\": [\"updated_by_id\"]}], \"foreignKeys\": [{\"name\": \"strapi_releases_created_by_id_fk\", \"columns\": [\"created_by_id\"], \"onDelete\": \"SET NULL\", \"referencedTable\": \"admin_users\", \"referencedColumns\": [\"id\"]}, {\"name\": \"strapi_releases_updated_by_id_fk\", \"columns\": [\"updated_by_id\"], \"onDelete\": \"SET NULL\", \"referencedTable\": \"admin_users\", \"referencedColumns\": [\"id\"]}]}, {\"name\": \"strapi_release_actions\", \"columns\": [{\"args\": [{\"primary\": true, \"primaryKey\": true}], \"name\": \"id\", \"type\": \"increments\", \"unsigned\": false, \"defaultTo\": null, \"notNullable\": true}, {\"args\": [], \"name\": \"type\", \"type\": \"string\", \"unsigned\": false, \"defaultTo\": null, \"notNullable\": false}, {\"args\": [], \"name\": \"target_id\", \"type\": \"integer\", \"unsigned\": true, \"defaultTo\": null, \"notNullable\": false}, {\"args\": [], \"name\": \"target_type\", \"type\": \"string\", \"unsigned\": false, \"defaultTo\": null, \"notNullable\": false}, {\"args\": [], \"name\": \"content_type\", \"type\": \"string\", \"unsigned\": false, \"defaultTo\": null, \"notNullable\": false}, {\"args\": [], \"name\": \"locale\", \"type\": \"string\", \"unsigned\": false, \"defaultTo\": null, \"notNullable\": false}, {\"args\": [], \"name\": \"is_entry_valid\", \"type\": \"boolean\", \"unsigned\": false, \"defaultTo\": null, \"notNullable\": false}, {\"args\": [{\"useTz\": false, \"precision\": 6}], \"name\": \"created_at\", \"type\": \"datetime\", \"unsigned\": false, \"defaultTo\": null, \"notNullable\": false}, {\"args\": [{\"useTz\": false, \"precision\": 6}], \"name\": \"updated_at\", \"type\": \"datetime\", \"unsigned\": false, \"defaultTo\": null, \"notNullable\": false}, {\"args\": [], \"name\": \"created_by_id\", \"type\": \"integer\", \"unsigned\": true, \"defaultTo\": null, \"notNullable\": false}, {\"args\": [], \"name\": \"updated_by_id\", \"type\": \"integer\", \"unsigned\": true, \"defaultTo\": null, \"notNullable\": false}], \"indexes\": [{\"name\": \"strapi_release_actions_created_by_id_fk\", \"columns\": [\"created_by_id\"]}, {\"name\": \"strapi_release_actions_updated_by_id_fk\", \"columns\": [\"updated_by_id\"]}], \"foreignKeys\": [{\"name\": \"strapi_release_actions_created_by_id_fk\", \"columns\": [\"created_by_id\"], \"onDelete\": \"SET NULL\", \"referencedTable\": \"admin_users\", \"referencedColumns\": [\"id\"]}, {\"name\": \"strapi_release_actions_updated_by_id_fk\", \"columns\": [\"updated_by_id\"], \"onDelete\": \"SET NULL\", \"referencedTable\": \"admin_users\", \"referencedColumns\": [\"id\"]}]}, {\"name\": \"i18n_locale\", \"columns\": [{\"args\": [{\"primary\": true, \"primaryKey\": true}], \"name\": \"id\", \"type\": \"increments\", \"unsigned\": false, \"defaultTo\": null, \"notNullable\": true}, {\"args\": [], \"name\": \"name\", \"type\": \"string\", \"unsigned\": false, \"defaultTo\": null, \"notNullable\": false}, {\"args\": [], \"name\": \"code\", \"type\": \"string\", \"unsigned\": false, \"defaultTo\": null, \"notNullable\": false}, {\"args\": [{\"useTz\": false, \"precision\": 6}], \"name\": \"created_at\", \"type\": \"datetime\", \"unsigned\": false, \"defaultTo\": null, \"notNullable\": false}, {\"args\": [{\"useTz\": false, \"precision\": 6}], \"name\": \"updated_at\", \"type\": \"datetime\", \"unsigned\": false, \"defaultTo\": null, \"notNullable\": false}, {\"args\": [], \"name\": \"created_by_id\", \"type\": \"integer\", \"unsigned\": true, \"defaultTo\": null, \"notNullable\": false}, {\"args\": [], \"name\": \"updated_by_id\", \"type\": \"integer\", \"unsigned\": true, \"defaultTo\": null, \"notNullable\": false}], \"indexes\": [{\"name\": \"i18n_locale_created_by_id_fk\", \"columns\": [\"created_by_id\"]}, {\"name\": \"i18n_locale_updated_by_id_fk\", \"columns\": [\"updated_by_id\"]}], \"foreignKeys\": [{\"name\": \"i18n_locale_created_by_id_fk\", \"columns\": [\"created_by_id\"], \"onDelete\": \"SET NULL\", \"referencedTable\": \"admin_users\", \"referencedColumns\": [\"id\"]}, {\"name\": \"i18n_locale_updated_by_id_fk\", \"columns\": [\"updated_by_id\"], \"onDelete\": \"SET NULL\", \"referencedTable\": \"admin_users\", \"referencedColumns\": [\"id\"]}]}, {\"name\": \"up_permissions\", \"columns\": [{\"args\": [{\"primary\": true, \"primaryKey\": true}], \"name\": \"id\", \"type\": \"increments\", \"unsigned\": false, \"defaultTo\": null, \"notNullable\": true}, {\"args\": [], \"name\": \"action\", \"type\": \"string\", \"unsigned\": false, \"defaultTo\": null, \"notNullable\": false}, {\"args\": [{\"useTz\": false, \"precision\": 6}], \"name\": \"created_at\", \"type\": \"datetime\", \"unsigned\": false, \"defaultTo\": null, \"notNullable\": false}, {\"args\": [{\"useTz\": false, \"precision\": 6}], \"name\": \"updated_at\", \"type\": \"datetime\", \"unsigned\": false, \"defaultTo\": null, \"notNullable\": false}, {\"args\": [], \"name\": \"created_by_id\", \"type\": \"integer\", \"unsigned\": true, \"defaultTo\": null, \"notNullable\": false}, {\"args\": [], \"name\": \"updated_by_id\", \"type\": \"integer\", \"unsigned\": true, \"defaultTo\": null, \"notNullable\": false}], \"indexes\": [{\"name\": \"up_permissions_created_by_id_fk\", \"columns\": [\"created_by_id\"]}, {\"name\": \"up_permissions_updated_by_id_fk\", \"columns\": [\"updated_by_id\"]}], \"foreignKeys\": [{\"name\": \"up_permissions_created_by_id_fk\", \"columns\": [\"created_by_id\"], \"onDelete\": \"SET NULL\", \"referencedTable\": \"admin_users\", \"referencedColumns\": [\"id\"]}, {\"name\": \"up_permissions_updated_by_id_fk\", \"columns\": [\"updated_by_id\"], \"onDelete\": \"SET NULL\", \"referencedTable\": \"admin_users\", \"referencedColumns\": [\"id\"]}]}, {\"name\": \"up_roles\", \"columns\": [{\"args\": [{\"primary\": true, \"primaryKey\": true}], \"name\": \"id\", \"type\": \"increments\", \"unsigned\": false, \"defaultTo\": null, \"notNullable\": true}, {\"args\": [], \"name\": \"name\", \"type\": \"string\", \"unsigned\": false, \"defaultTo\": null, \"notNullable\": false}, {\"args\": [], \"name\": \"description\", \"type\": \"string\", \"unsigned\": false, \"defaultTo\": null, \"notNullable\": false}, {\"args\": [], \"name\": \"type\", \"type\": \"string\", \"unsigned\": false, \"defaultTo\": null, \"notNullable\": false}, {\"args\": [{\"useTz\": false, \"precision\": 6}], \"name\": \"created_at\", \"type\": \"datetime\", \"unsigned\": false, \"defaultTo\": null, \"notNullable\": false}, {\"args\": [{\"useTz\": false, \"precision\": 6}], \"name\": \"updated_at\", \"type\": \"datetime\", \"unsigned\": false, \"defaultTo\": null, \"notNullable\": false}, {\"args\": [], \"name\": \"created_by_id\", \"type\": \"integer\", \"unsigned\": true, \"defaultTo\": null, \"notNullable\": false}, {\"args\": [], \"name\": \"updated_by_id\", \"type\": \"integer\", \"unsigned\": true, \"defaultTo\": null, \"notNullable\": false}], \"indexes\": [{\"name\": \"up_roles_created_by_id_fk\", \"columns\": [\"created_by_id\"]}, {\"name\": \"up_roles_updated_by_id_fk\", \"columns\": [\"updated_by_id\"]}], \"foreignKeys\": [{\"name\": \"up_roles_created_by_id_fk\", \"columns\": [\"created_by_id\"], \"onDelete\": \"SET NULL\", \"referencedTable\": \"admin_users\", \"referencedColumns\": [\"id\"]}, {\"name\": \"up_roles_updated_by_id_fk\", \"columns\": [\"updated_by_id\"], \"onDelete\": \"SET NULL\", \"referencedTable\": \"admin_users\", \"referencedColumns\": [\"id\"]}]}, {\"name\": \"up_users\", \"columns\": [{\"args\": [{\"primary\": true, \"primaryKey\": true}], \"name\": \"id\", \"type\": \"increments\", \"unsigned\": false, \"defaultTo\": null, \"notNullable\": true}, {\"args\": [], \"name\": \"username\", \"type\": \"string\", \"unsigned\": false, \"defaultTo\": null, \"notNullable\": false}, {\"args\": [], \"name\": \"email\", \"type\": \"string\", \"unsigned\": false, \"defaultTo\": null, \"notNullable\": false}, {\"args\": [], \"name\": \"provider\", \"type\": \"string\", \"unsigned\": false, \"defaultTo\": null, \"notNullable\": false}, {\"args\": [], \"name\": \"password\", \"type\": \"string\", \"unsigned\": false, \"defaultTo\": null, \"notNullable\": false}, {\"args\": [], \"name\": \"reset_password_token\", \"type\": \"string\", \"unsigned\": false, \"defaultTo\": null, \"notNullable\": false}, {\"args\": [], \"name\": \"confirmation_token\", \"type\": \"string\", \"unsigned\": false, \"defaultTo\": null, \"notNullable\": false}, {\"args\": [], \"name\": \"confirmed\", \"type\": \"boolean\", \"unsigned\": false, \"defaultTo\": null, \"notNullable\": false}, {\"args\": [], \"name\": \"blocked\", \"type\": \"boolean\", \"unsigned\": false, \"defaultTo\": null, \"notNullable\": false}, {\"args\": [], \"name\": \"notification\", \"type\": \"boolean\", \"unsigned\": false, \"defaultTo\": null, \"notNullable\": false}, {\"args\": [{\"useTz\": false, \"precision\": 6}], \"name\": \"created_at\", \"type\": \"datetime\", \"unsigned\": false, \"defaultTo\": null, \"notNullable\": false}, {\"args\": [{\"useTz\": false, \"precision\": 6}], \"name\": \"updated_at\", \"type\": \"datetime\", \"unsigned\": false, \"defaultTo\": null, \"notNullable\": false}, {\"args\": [], \"name\": \"created_by_id\", \"type\": \"integer\", \"unsigned\": true, \"defaultTo\": null, \"notNullable\": false}, {\"args\": [], \"name\": \"updated_by_id\", \"type\": \"integer\", \"unsigned\": true, \"defaultTo\": null, \"notNullable\": false}], \"indexes\": [{\"name\": \"up_users_created_by_id_fk\", \"columns\": [\"created_by_id\"]}, {\"name\": \"up_users_updated_by_id_fk\", \"columns\": [\"updated_by_id\"]}], \"foreignKeys\": [{\"name\": \"up_users_created_by_id_fk\", \"columns\": [\"created_by_id\"], \"onDelete\": \"SET NULL\", \"referencedTable\": \"admin_users\", \"referencedColumns\": [\"id\"]}, {\"name\": \"up_users_updated_by_id_fk\", \"columns\": [\"updated_by_id\"], \"onDelete\": \"SET NULL\", \"referencedTable\": \"admin_users\", \"referencedColumns\": [\"id\"]}]}, {\"name\": \"articoli_gdprs\", \"columns\": [{\"args\": [{\"primary\": true, \"primaryKey\": true}], \"name\": \"id\", \"type\": \"increments\", \"unsigned\": false, \"defaultTo\": null, \"notNullable\": true}, {\"args\": [], \"name\": \"identificatore\", \"type\": \"integer\", \"unsigned\": false, \"defaultTo\": null, \"notNullable\": false}, {\"args\": [], \"name\": \"nome\", \"type\": \"string\", \"unsigned\": false, \"defaultTo\": null, \"notNullable\": false}, {\"args\": [{\"useTz\": false, \"precision\": 6}], \"name\": \"created_at\", \"type\": \"datetime\", \"unsigned\": false, \"defaultTo\": null, \"notNullable\": false}, {\"args\": [{\"useTz\": false, \"precision\": 6}], \"name\": \"updated_at\", \"type\": \"datetime\", \"unsigned\": false, \"defaultTo\": null, \"notNullable\": false}, {\"args\": [], \"name\": \"created_by_id\", \"type\": \"integer\", \"unsigned\": true, \"defaultTo\": null, \"notNullable\": false}, {\"args\": [], \"name\": \"updated_by_id\", \"type\": \"integer\", \"unsigned\": true, \"defaultTo\": null, \"notNullable\": false}], \"indexes\": [{\"name\": \"articoli_gdprs_created_by_id_fk\", \"columns\": [\"created_by_id\"]}, {\"name\": \"articoli_gdprs_updated_by_id_fk\", \"columns\": [\"updated_by_id\"]}], \"foreignKeys\": [{\"name\": \"articoli_gdprs_created_by_id_fk\", \"columns\": [\"created_by_id\"], \"onDelete\": \"SET NULL\", \"referencedTable\": \"admin_users\", \"referencedColumns\": [\"id\"]}, {\"name\": \"articoli_gdprs_updated_by_id_fk\", \"columns\": [\"updated_by_id\"], \"onDelete\": \"SET NULL\", \"referencedTable\": \"admin_users\", \"referencedColumns\": [\"id\"]}]}, {\"name\": \"cwe_top_25_weaknesses\", \"columns\": [{\"args\": [{\"primary\": true, \"primaryKey\": true}], \"name\": \"id\", \"type\": \"increments\", \"unsigned\": false, \"defaultTo\": null, \"notNullable\": true}, {\"args\": [], \"name\": \"identificatore\", \"type\": \"string\", \"unsigned\": false, \"defaultTo\": null, \"notNullable\": false}, {\"args\": [\"longtext\"], \"name\": \"nome\", \"type\": \"text\", \"unsigned\": false, \"defaultTo\": null, \"notNullable\": false}, {\"args\": [{\"useTz\": false, \"precision\": 6}], \"name\": \"created_at\", \"type\": \"datetime\", \"unsigned\": false, \"defaultTo\": null, \"notNullable\": false}, {\"args\": [{\"useTz\": false, \"precision\": 6}], \"name\": \"updated_at\", \"type\": \"datetime\", \"unsigned\": false, \"defaultTo\": null, \"notNullable\": false}, {\"args\": [{\"useTz\": false, \"precision\": 6}], \"name\": \"published_at\", \"type\": \"datetime\", \"unsigned\": false, \"defaultTo\": null, \"notNullable\": false}, {\"args\": [], \"name\": \"created_by_id\", \"type\": \"integer\", \"unsigned\": true, \"defaultTo\": null, \"notNullable\": false}, {\"args\": [], \"name\": \"updated_by_id\", \"type\": \"integer\", \"unsigned\": true, \"defaultTo\": null, \"notNullable\": false}], \"indexes\": [{\"name\": \"cwe_top_25_weaknesses_created_by_id_fk\", \"columns\": [\"created_by_id\"]}, {\"name\": \"cwe_top_25_weaknesses_updated_by_id_fk\", \"columns\": [\"updated_by_id\"]}], \"foreignKeys\": [{\"name\": \"cwe_top_25_weaknesses_created_by_id_fk\", \"columns\": [\"created_by_id\"], \"onDelete\": \"SET NULL\", \"referencedTable\": \"admin_users\", \"referencedColumns\": [\"id\"]}, {\"name\": \"cwe_top_25_weaknesses_updated_by_id_fk\", \"columns\": [\"updated_by_id\"], \"onDelete\": \"SET NULL\", \"referencedTable\": \"admin_users\", \"referencedColumns\": [\"id\"]}]}, {\"name\": \"examples\", \"columns\": [{\"args\": [{\"primary\": true, \"primaryKey\": true}], \"name\": \"id\", \"type\": \"increments\", \"unsigned\": false, \"defaultTo\": null, \"notNullable\": true}, {\"args\": [\"longtext\"], \"name\": \"testo\", \"type\": \"text\", \"unsigned\": false, \"defaultTo\": null, \"notNullable\": false}, {\"args\": [{\"useTz\": false, \"precision\": 6}], \"name\": \"created_at\", \"type\": \"datetime\", \"unsigned\": false, \"defaultTo\": null, \"notNullable\": false}, {\"args\": [{\"useTz\": false, \"precision\": 6}], \"name\": \"updated_at\", \"type\": \"datetime\", \"unsigned\": false, \"defaultTo\": null, \"notNullable\": false}, {\"args\": [], \"name\": \"created_by_id\", \"type\": \"integer\", \"unsigned\": true, \"defaultTo\": null, \"notNullable\": false}, {\"args\": [], \"name\": \"updated_by_id\", \"type\": \"integer\", \"unsigned\": true, \"defaultTo\": null, \"notNullable\": false}], \"indexes\": [{\"name\": \"examples_created_by_id_fk\", \"columns\": [\"created_by_id\"]}, {\"name\": \"examples_updated_by_id_fk\", \"columns\": [\"updated_by_id\"]}], \"foreignKeys\": [{\"name\": \"examples_created_by_id_fk\", \"columns\": [\"created_by_id\"], \"onDelete\": \"SET NULL\", \"referencedTable\": \"admin_users\", \"referencedColumns\": [\"id\"]}, {\"name\": \"examples_updated_by_id_fk\", \"columns\": [\"updated_by_id\"], \"onDelete\": \"SET NULL\", \"referencedTable\": \"admin_users\", \"referencedColumns\": [\"id\"]}]}, {\"name\": \"feedbacks\", \"columns\": [{\"args\": [{\"primary\": true, \"primaryKey\": true}], \"name\": \"id\", \"type\": \"increments\", \"unsigned\": false, \"defaultTo\": null, \"notNullable\": true}, {\"args\": [\"longtext\"], \"name\": \"commento\", \"type\": \"text\", \"unsigned\": false, \"defaultTo\": null, \"notNullable\": false}, {\"args\": [], \"name\": \"collection\", \"type\": \"string\", \"unsigned\": false, \"defaultTo\": null, \"notNullable\": false}, {\"args\": [], \"name\": \"name_of_object\", \"type\": \"string\", \"unsigned\": false, \"defaultTo\": null, \"notNullable\": false}, {\"args\": [{\"useTz\": false, \"precision\": 6}], \"name\": \"created_at\", \"type\": \"datetime\", \"unsigned\": false, \"defaultTo\": null, \"notNullable\": false}, {\"args\": [{\"useTz\": false, \"precision\": 6}], \"name\": \"updated_at\", \"type\": \"datetime\", \"unsigned\": false, \"defaultTo\": null, \"notNullable\": false}, {\"args\": [], \"name\": \"created_by_id\", \"type\": \"integer\", \"unsigned\": true, \"defaultTo\": null, \"notNullable\": false}, {\"args\": [], \"name\": \"updated_by_id\", \"type\": \"integer\", \"unsigned\": true, \"defaultTo\": null, \"notNullable\": false}], \"indexes\": [{\"name\": \"feedbacks_created_by_id_fk\", \"columns\": [\"created_by_id\"]}, {\"name\": \"feedbacks_updated_by_id_fk\", \"columns\": [\"updated_by_id\"]}], \"foreignKeys\": [{\"name\": \"feedbacks_created_by_id_fk\", \"columns\": [\"created_by_id\"], \"onDelete\": \"SET NULL\", \"referencedTable\": \"admin_users\", \"referencedColumns\": [\"id\"]}, {\"name\": \"feedbacks_updated_by_id_fk\", \"columns\": [\"updated_by_id\"], \"onDelete\": \"SET NULL\", \"referencedTable\": \"admin_users\", \"referencedColumns\": [\"id\"]}]}, {\"name\": \"iso_9241_210_phases\", \"columns\": [{\"args\": [{\"primary\": true, \"primaryKey\": true}], \"name\": \"id\", \"type\": \"increments\", \"unsigned\": false, \"defaultTo\": null, \"notNullable\": true}, {\"args\": [10, 2], \"name\": \"identificatore\", \"type\": \"decimal\", \"unsigned\": false, \"defaultTo\": null, \"notNullable\": false}, {\"args\": [], \"name\": \"nome\", \"type\": \"string\", \"unsigned\": false, \"defaultTo\": null, \"notNullable\": false}, {\"args\": [{\"useTz\": false, \"precision\": 6}], \"name\": \"created_at\", \"type\": \"datetime\", \"unsigned\": false, \"defaultTo\": null, \"notNullable\": false}, {\"args\": [{\"useTz\": false, \"precision\": 6}], \"name\": \"updated_at\", \"type\": \"datetime\", \"unsigned\": false, \"defaultTo\": null, \"notNullable\": false}, {\"args\": [{\"useTz\": false, \"precision\": 6}], \"name\": \"published_at\", \"type\": \"datetime\", \"unsigned\": false, \"defaultTo\": null, \"notNullable\": false}, {\"args\": [], \"name\": \"created_by_id\", \"type\": \"integer\", \"unsigned\": true, \"defaultTo\": null, \"notNullable\": false}, {\"args\": [], \"name\": \"updated_by_id\", \"type\": \"integer\", \"unsigned\": true, \"defaultTo\": null, \"notNullable\": false}], \"indexes\": [{\"name\": \"iso_9241_210_phases_created_by_id_fk\", \"columns\": [\"created_by_id\"]}, {\"name\": \"iso_9241_210_phases_updated_by_id_fk\", \"columns\": [\"updated_by_id\"]}], \"foreignKeys\": [{\"name\": \"iso_9241_210_phases_created_by_id_fk\", \"columns\": [\"created_by_id\"], \"onDelete\": \"SET NULL\", \"referencedTable\": \"admin_users\", \"referencedColumns\": [\"id\"]}, {\"name\": \"iso_9241_210_phases_updated_by_id_fk\", \"columns\": [\"updated_by_id\"], \"onDelete\": \"SET NULL\", \"referencedTable\": \"admin_users\", \"referencedColumns\": [\"id\"]}]}, {\"name\": \"mvcs\", \"columns\": [{\"args\": [{\"primary\": true, \"primaryKey\": true}], \"name\": \"id\", \"type\": \"increments\", \"unsigned\": false, \"defaultTo\": null, \"notNullable\": true}, {\"args\": [], \"name\": \"nome\", \"type\": \"string\", \"unsigned\": false, \"defaultTo\": null, \"notNullable\": false}, {\"args\": [{\"useTz\": false, \"precision\": 6}], \"name\": \"created_at\", \"type\": \"datetime\", \"unsigned\": false, \"defaultTo\": null, \"notNullable\": false}, {\"args\": [{\"useTz\": false, \"precision\": 6}], \"name\": \"updated_at\", \"type\": \"datetime\", \"unsigned\": false, \"defaultTo\": null, \"notNullable\": false}, {\"args\": [], \"name\": \"created_by_id\", \"type\": \"integer\", \"unsigned\": true, \"defaultTo\": null, \"notNullable\": false}, {\"args\": [], \"name\": \"updated_by_id\", \"type\": \"integer\", \"unsigned\": true, \"defaultTo\": null, \"notNullable\": false}], \"indexes\": [{\"name\": \"mvcs_created_by_id_fk\", \"columns\": [\"created_by_id\"]}, {\"name\": \"mvcs_updated_by_id_fk\", \"columns\": [\"updated_by_id\"]}], \"foreignKeys\": [{\"name\": \"mvcs_created_by_id_fk\", \"columns\": [\"created_by_id\"], \"onDelete\": \"SET NULL\", \"referencedTable\": \"admin_users\", \"referencedColumns\": [\"id\"]}, {\"name\": \"mvcs_updated_by_id_fk\", \"columns\": [\"updated_by_id\"], \"onDelete\": \"SET NULL\", \"referencedTable\": \"admin_users\", \"referencedColumns\": [\"id\"]}]}, {\"name\": \"owasp_top_10_categories\", \"columns\": [{\"args\": [{\"primary\": true, \"primaryKey\": true}], \"name\": \"id\", \"type\": \"increments\", \"unsigned\": false, \"defaultTo\": null, \"notNullable\": true}, {\"args\": [], \"name\": \"nome\", \"type\": \"string\", \"unsigned\": false, \"defaultTo\": null, \"notNullable\": false}, {\"args\": [], \"name\": \"identificatore\", \"type\": \"string\", \"unsigned\": false, \"defaultTo\": null, \"notNullable\": false}, {\"args\": [{\"useTz\": false, \"precision\": 6}], \"name\": \"created_at\", \"type\": \"datetime\", \"unsigned\": false, \"defaultTo\": null, \"notNullable\": false}, {\"args\": [{\"useTz\": false, \"precision\": 6}], \"name\": \"updated_at\", \"type\": \"datetime\", \"unsigned\": false, \"defaultTo\": null, \"notNullable\": false}, {\"args\": [{\"useTz\": false, \"precision\": 6}], \"name\": \"published_at\", \"type\": \"datetime\", \"unsigned\": false, \"defaultTo\": null, \"notNullable\": false}, {\"args\": [], \"name\": \"created_by_id\", \"type\": \"integer\", \"unsigned\": true, \"defaultTo\": null, \"notNullable\": false}, {\"args\": [], \"name\": \"updated_by_id\", \"type\": \"integer\", \"unsigned\": true, \"defaultTo\": null, \"notNullable\": false}], \"indexes\": [{\"name\": \"owasp_top_10_categories_created_by_id_fk\", \"columns\": [\"created_by_id\"]}, {\"name\": \"owasp_top_10_categories_updated_by_id_fk\", \"columns\": [\"updated_by_id\"]}], \"foreignKeys\": [{\"name\": \"owasp_top_10_categories_created_by_id_fk\", \"columns\": [\"created_by_id\"], \"onDelete\": \"SET NULL\", \"referencedTable\": \"admin_users\", \"referencedColumns\": [\"id\"]}, {\"name\": \"owasp_top_10_categories_updated_by_id_fk\", \"columns\": [\"updated_by_id\"], \"onDelete\": \"SET NULL\", \"referencedTable\": \"admin_users\", \"referencedColumns\": [\"id\"]}]}, {\"name\": \"patterns\", \"columns\": [{\"args\": [{\"primary\": true, \"primaryKey\": true}], \"name\": \"id\", \"type\": \"increments\", \"unsigned\": false, \"defaultTo\": null, \"notNullable\": true}, {\"args\": [], \"name\": \"nome\", \"type\": \"string\", \"unsigned\": false, \"defaultTo\": null, \"notNullable\": false}, {\"args\": [\"longtext\"], \"name\": \"descrizione\", \"type\": \"text\", \"unsigned\": false, \"defaultTo\": null, \"notNullable\": false}, {\"args\": [\"longtext\"], \"name\": \"contesto\", \"type\": \"text\", \"unsigned\": false, \"defaultTo\": null, \"notNullable\": false}, {\"args\": [], \"name\": \"search_counter\", \"type\": \"integer\", \"unsigned\": false, \"defaultTo\": null, \"notNullable\": false}, {\"args\": [{\"useTz\": false, \"precision\": 6}], \"name\": \"created_at\", \"type\": \"datetime\", \"unsigned\": false, \"defaultTo\": null, \"notNullable\": false}, {\"args\": [{\"useTz\": false, \"precision\": 6}], \"name\": \"updated_at\", \"type\": \"datetime\", \"unsigned\": false, \"defaultTo\": null, \"notNullable\": false}, {\"args\": [], \"name\": \"created_by_id\", \"type\": \"integer\", \"unsigned\": true, \"defaultTo\": null, \"notNullable\": false}, {\"args\": [], \"name\": \"updated_by_id\", \"type\": \"integer\", \"unsigned\": true, \"defaultTo\": null, \"notNullable\": false}], \"indexes\": [{\"name\": \"patterns_created_by_id_fk\", \"columns\": [\"created_by_id\"]}, {\"name\": \"patterns_updated_by_id_fk\", \"columns\": [\"updated_by_id\"]}], \"foreignKeys\": [{\"name\": \"patterns_created_by_id_fk\", \"columns\": [\"created_by_id\"], \"onDelete\": \"SET NULL\", \"referencedTable\": \"admin_users\", \"referencedColumns\": [\"id\"]}, {\"name\": \"patterns_updated_by_id_fk\", \"columns\": [\"updated_by_id\"], \"onDelete\": \"SET NULL\", \"referencedTable\": \"admin_users\", \"referencedColumns\": [\"id\"]}]}, {\"name\": \"privacy_by_design_principles\", \"columns\": [{\"args\": [{\"primary\": true, \"primaryKey\": true}], \"name\": \"id\", \"type\": \"increments\", \"unsigned\": false, \"defaultTo\": null, \"notNullable\": true}, {\"args\": [], \"name\": \"nome\", \"type\": \"string\", \"unsigned\": false, \"defaultTo\": null, \"notNullable\": false}, {\"args\": [{\"useTz\": false, \"precision\": 6}], \"name\": \"created_at\", \"type\": \"datetime\", \"unsigned\": false, \"defaultTo\": null, \"notNullable\": false}, {\"args\": [{\"useTz\": false, \"precision\": 6}], \"name\": \"updated_at\", \"type\": \"datetime\", \"unsigned\": false, \"defaultTo\": null, \"notNullable\": false}, {\"args\": [], \"name\": \"created_by_id\", \"type\": \"integer\", \"unsigned\": true, \"defaultTo\": null, \"notNullable\": false}, {\"args\": [], \"name\": \"updated_by_id\", \"type\": \"integer\", \"unsigned\": true, \"defaultTo\": null, \"notNullable\": false}], \"indexes\": [{\"name\": \"privacy_by_design_principles_created_by_id_fk\", \"columns\": [\"created_by_id\"]}, {\"name\": \"privacy_by_design_principles_updated_by_id_fk\", \"columns\": [\"updated_by_id\"]}], \"foreignKeys\": [{\"name\": \"privacy_by_design_principles_created_by_id_fk\", \"columns\": [\"created_by_id\"], \"onDelete\": \"SET NULL\", \"referencedTable\": \"admin_users\", \"referencedColumns\": [\"id\"]}, {\"name\": \"privacy_by_design_principles_updated_by_id_fk\", \"columns\": [\"updated_by_id\"], \"onDelete\": \"SET NULL\", \"referencedTable\": \"admin_users\", \"referencedColumns\": [\"id\"]}]}, {\"name\": \"strategias\", \"columns\": [{\"args\": [{\"primary\": true, \"primaryKey\": true}], \"name\": \"id\", \"type\": \"increments\", \"unsigned\": false, \"defaultTo\": null, \"notNullable\": true}, {\"args\": [], \"name\": \"nome\", \"type\": \"string\", \"unsigned\": false, \"defaultTo\": null, \"notNullable\": false}, {\"args\": [{\"useTz\": false, \"precision\": 6}], \"name\": \"created_at\", \"type\": \"datetime\", \"unsigned\": false, \"defaultTo\": null, \"notNullable\": false}, {\"args\": [{\"useTz\": false, \"precision\": 6}], \"name\": \"updated_at\", \"type\": \"datetime\", \"unsigned\": false, \"defaultTo\": null, \"notNullable\": false}, {\"args\": [{\"useTz\": false, \"precision\": 6}], \"name\": \"published_at\", \"type\": \"datetime\", \"unsigned\": false, \"defaultTo\": null, \"notNullable\": false}, {\"args\": [], \"name\": \"created_by_id\", \"type\": \"integer\", \"unsigned\": true, \"defaultTo\": null, \"notNullable\": false}, {\"args\": [], \"name\": \"updated_by_id\", \"type\": \"integer\", \"unsigned\": true, \"defaultTo\": null, \"notNullable\": false}], \"indexes\": [{\"name\": \"strategias_created_by_id_fk\", \"columns\": [\"created_by_id\"]}, {\"name\": \"strategias_updated_by_id_fk\", \"columns\": [\"updated_by_id\"]}], \"foreignKeys\": [{\"name\": \"strategias_created_by_id_fk\", \"columns\": [\"created_by_id\"], \"onDelete\": \"SET NULL\", \"referencedTable\": \"admin_users\", \"referencedColumns\": [\"id\"]}, {\"name\": \"strategias_updated_by_id_fk\", \"columns\": [\"updated_by_id\"], \"onDelete\": \"SET NULL\", \"referencedTable\": \"admin_users\", \"referencedColumns\": [\"id\"]}]}, {\"name\": \"admin_permissions_role_links\", \"columns\": [{\"args\": [{\"primary\": true, \"primaryKey\": true}], \"name\": \"id\", \"type\": \"increments\", \"unsigned\": false, \"defaultTo\": null, \"notNullable\": true}, {\"args\": [], \"name\": \"permission_id\", \"type\": \"integer\", \"unsigned\": true, \"defaultTo\": null, \"notNullable\": false}, {\"args\": [], \"name\": \"role_id\", \"type\": \"integer\", \"unsigned\": true, \"defaultTo\": null, \"notNullable\": false}, {\"args\": [], \"name\": \"permission_order\", \"type\": \"double\", \"unsigned\": true, \"defaultTo\": null, \"notNullable\": false}], \"indexes\": [{\"name\": \"admin_permissions_role_links_fk\", \"columns\": [\"permission_id\"]}, {\"name\": \"admin_permissions_role_links_inv_fk\", \"columns\": [\"role_id\"]}, {\"name\": \"admin_permissions_role_links_unique\", \"type\": \"unique\", \"columns\": [\"permission_id\", \"role_id\"]}, {\"name\": \"admin_permissions_role_links_order_inv_fk\", \"columns\": [\"permission_order\"]}], \"foreignKeys\": [{\"name\": \"admin_permissions_role_links_fk\", \"columns\": [\"permission_id\"], \"onDelete\": \"CASCADE\", \"referencedTable\": \"admin_permissions\", \"referencedColumns\": [\"id\"]}, {\"name\": \"admin_permissions_role_links_inv_fk\", \"columns\": [\"role_id\"], \"onDelete\": \"CASCADE\", \"referencedTable\": \"admin_roles\", \"referencedColumns\": [\"id\"]}]}, {\"name\": \"admin_users_roles_links\", \"columns\": [{\"args\": [{\"primary\": true, \"primaryKey\": true}], \"name\": \"id\", \"type\": \"increments\", \"unsigned\": false, \"defaultTo\": null, \"notNullable\": true}, {\"args\": [], \"name\": \"user_id\", \"type\": \"integer\", \"unsigned\": true, \"defaultTo\": null, \"notNullable\": false}, {\"args\": [], \"name\": \"role_id\", \"type\": \"integer\", \"unsigned\": true, \"defaultTo\": null, \"notNullable\": false}, {\"args\": [], \"name\": \"role_order\", \"type\": \"double\", \"unsigned\": true, \"defaultTo\": null, \"notNullable\": false}, {\"args\": [], \"name\": \"user_order\", \"type\": \"double\", \"unsigned\": true, \"defaultTo\": null, \"notNullable\": false}], \"indexes\": [{\"name\": \"admin_users_roles_links_fk\", \"columns\": [\"user_id\"]}, {\"name\": \"admin_users_roles_links_inv_fk\", \"columns\": [\"role_id\"]}, {\"name\": \"admin_users_roles_links_unique\", \"type\": \"unique\", \"columns\": [\"user_id\", \"role_id\"]}, {\"name\": \"admin_users_roles_links_order_fk\", \"columns\": [\"role_order\"]}, {\"name\": \"admin_users_roles_links_order_inv_fk\", \"columns\": [\"user_order\"]}], \"foreignKeys\": [{\"name\": \"admin_users_roles_links_fk\", \"columns\": [\"user_id\"], \"onDelete\": \"CASCADE\", \"referencedTable\": \"admin_users\", \"referencedColumns\": [\"id\"]}, {\"name\": \"admin_users_roles_links_inv_fk\", \"columns\": [\"role_id\"], \"onDelete\": \"CASCADE\", \"referencedTable\": \"admin_roles\", \"referencedColumns\": [\"id\"]}]}, {\"name\": \"strapi_api_token_permissions_token_links\", \"columns\": [{\"args\": [{\"primary\": true, \"primaryKey\": true}], \"name\": \"id\", \"type\": \"increments\", \"unsigned\": false, \"defaultTo\": null, \"notNullable\": true}, {\"args\": [], \"name\": \"api_token_permission_id\", \"type\": \"integer\", \"unsigned\": true, \"defaultTo\": null, \"notNullable\": false}, {\"args\": [], \"name\": \"api_token_id\", \"type\": \"integer\", \"unsigned\": true, \"defaultTo\": null, \"notNullable\": false}, {\"args\": [], \"name\": \"api_token_permission_order\", \"type\": \"double\", \"unsigned\": true, \"defaultTo\": null, \"notNullable\": false}], \"indexes\": [{\"name\": \"strapi_api_token_permissions_token_links_fk\", \"columns\": [\"api_token_permission_id\"]}, {\"name\": \"strapi_api_token_permissions_token_links_inv_fk\", \"columns\": [\"api_token_id\"]}, {\"name\": \"strapi_api_token_permissions_token_links_unique\", \"type\": \"unique\", \"columns\": [\"api_token_permission_id\", \"api_token_id\"]}, {\"name\": \"strapi_api_token_permissions_token_links_order_inv_fk\", \"columns\": [\"api_token_permission_order\"]}], \"foreignKeys\": [{\"name\": \"strapi_api_token_permissions_token_links_fk\", \"columns\": [\"api_token_permission_id\"], \"onDelete\": \"CASCADE\", \"referencedTable\": \"strapi_api_token_permissions\", \"referencedColumns\": [\"id\"]}, {\"name\": \"strapi_api_token_permissions_token_links_inv_fk\", \"columns\": [\"api_token_id\"], \"onDelete\": \"CASCADE\", \"referencedTable\": \"strapi_api_tokens\", \"referencedColumns\": [\"id\"]}]}, {\"name\": \"strapi_transfer_token_permissions_token_links\", \"columns\": [{\"args\": [{\"primary\": true, \"primaryKey\": true}], \"name\": \"id\", \"type\": \"increments\", \"unsigned\": false, \"defaultTo\": null, \"notNullable\": true}, {\"args\": [], \"name\": \"transfer_token_permission_id\", \"type\": \"integer\", \"unsigned\": true, \"defaultTo\": null, \"notNullable\": false}, {\"args\": [], \"name\": \"transfer_token_id\", \"type\": \"integer\", \"unsigned\": true, \"defaultTo\": null, \"notNullable\": false}, {\"args\": [], \"name\": \"transfer_token_permission_order\", \"type\": \"double\", \"unsigned\": true, \"defaultTo\": null, \"notNullable\": false}], \"indexes\": [{\"name\": \"strapi_transfer_token_permissions_token_links_fk\", \"columns\": [\"transfer_token_permission_id\"]}, {\"name\": \"strapi_transfer_token_permissions_token_links_inv_fk\", \"columns\": [\"transfer_token_id\"]}, {\"name\": \"strapi_transfer_token_permissions_token_links_unique\", \"type\": \"unique\", \"columns\": [\"transfer_token_permission_id\", \"transfer_token_id\"]}, {\"name\": \"strapi_transfer_token_permissions_token_links_order_inv_fk\", \"columns\": [\"transfer_token_permission_order\"]}], \"foreignKeys\": [{\"name\": \"strapi_transfer_token_permissions_token_links_fk\", \"columns\": [\"transfer_token_permission_id\"], \"onDelete\": \"CASCADE\", \"referencedTable\": \"strapi_transfer_token_permissions\", \"referencedColumns\": [\"id\"]}, {\"name\": \"strapi_transfer_token_permissions_token_links_inv_fk\", \"columns\": [\"transfer_token_id\"], \"onDelete\": \"CASCADE\", \"referencedTable\": \"strapi_transfer_tokens\", \"referencedColumns\": [\"id\"]}]}, {\"name\": \"files_related_morphs\", \"columns\": [{\"args\": [{\"primary\": true, \"primaryKey\": true}], \"name\": \"id\", \"type\": \"increments\", \"unsigned\": false, \"defaultTo\": null, \"notNullable\": true}, {\"args\": [], \"name\": \"file_id\", \"type\": \"integer\", \"unsigned\": true, \"defaultTo\": null, \"notNullable\": false}, {\"args\": [], \"name\": \"related_id\", \"type\": \"integer\", \"unsigned\": true, \"defaultTo\": null, \"notNullable\": false}, {\"args\": [], \"name\": \"related_type\", \"type\": \"string\", \"unsigned\": false, \"defaultTo\": null, \"notNullable\": false}, {\"args\": [], \"name\": \"field\", \"type\": \"string\", \"unsigned\": false, \"defaultTo\": null, \"notNullable\": false}, {\"args\": [], \"name\": \"order\", \"type\": \"double\", \"unsigned\": true, \"defaultTo\": null, \"notNullable\": false}], \"indexes\": [{\"name\": \"files_related_morphs_fk\", \"columns\": [\"file_id\"]}, {\"name\": \"files_related_morphs_order_index\", \"columns\": [\"order\"]}, {\"name\": \"files_related_morphs_id_column_index\", \"columns\": [\"related_id\"]}], \"foreignKeys\": [{\"name\": \"files_related_morphs_fk\", \"columns\": [\"file_id\"], \"onDelete\": \"CASCADE\", \"referencedTable\": \"files\", \"referencedColumns\": [\"id\"]}]}, {\"name\": \"files_folder_links\", \"columns\": [{\"args\": [{\"primary\": true, \"primaryKey\": true}], \"name\": \"id\", \"type\": \"increments\", \"unsigned\": false, \"defaultTo\": null, \"notNullable\": true}, {\"args\": [], \"name\": \"file_id\", \"type\": \"integer\", \"unsigned\": true, \"defaultTo\": null, \"notNullable\": false}, {\"args\": [], \"name\": \"folder_id\", \"type\": \"integer\", \"unsigned\": true, \"defaultTo\": null, \"notNullable\": false}, {\"args\": [], \"name\": \"file_order\", \"type\": \"double\", \"unsigned\": true, \"defaultTo\": null, \"notNullable\": false}], \"indexes\": [{\"name\": \"files_folder_links_fk\", \"columns\": [\"file_id\"]}, {\"name\": \"files_folder_links_inv_fk\", \"columns\": [\"folder_id\"]}, {\"name\": \"files_folder_links_unique\", \"type\": \"unique\", \"columns\": [\"file_id\", \"folder_id\"]}, {\"name\": \"files_folder_links_order_inv_fk\", \"columns\": [\"file_order\"]}], \"foreignKeys\": [{\"name\": \"files_folder_links_fk\", \"columns\": [\"file_id\"], \"onDelete\": \"CASCADE\", \"referencedTable\": \"files\", \"referencedColumns\": [\"id\"]}, {\"name\": \"files_folder_links_inv_fk\", \"columns\": [\"folder_id\"], \"onDelete\": \"CASCADE\", \"referencedTable\": \"upload_folders\", \"referencedColumns\": [\"id\"]}]}, {\"name\": \"upload_folders_parent_links\", \"columns\": [{\"args\": [{\"primary\": true, \"primaryKey\": true}], \"name\": \"id\", \"type\": \"increments\", \"unsigned\": false, \"defaultTo\": null, \"notNullable\": true}, {\"args\": [], \"name\": \"folder_id\", \"type\": \"integer\", \"unsigned\": true, \"defaultTo\": null, \"notNullable\": false}, {\"args\": [], \"name\": \"inv_folder_id\", \"type\": \"integer\", \"unsigned\": true, \"defaultTo\": null, \"notNullable\": false}, {\"args\": [], \"name\": \"folder_order\", \"type\": \"double\", \"unsigned\": true, \"defaultTo\": null, \"notNullable\": false}], \"indexes\": [{\"name\": \"upload_folders_parent_links_fk\", \"columns\": [\"folder_id\"]}, {\"name\": \"upload_folders_parent_links_inv_fk\", \"columns\": [\"inv_folder_id\"]}, {\"name\": \"upload_folders_parent_links_unique\", \"type\": \"unique\", \"columns\": [\"folder_id\", \"inv_folder_id\"]}, {\"name\": \"upload_folders_parent_links_order_inv_fk\", \"columns\": [\"folder_order\"]}], \"foreignKeys\": [{\"name\": \"upload_folders_parent_links_fk\", \"columns\": [\"folder_id\"], \"onDelete\": \"CASCADE\", \"referencedTable\": \"upload_folders\", \"referencedColumns\": [\"id\"]}, {\"name\": \"upload_folders_parent_links_inv_fk\", \"columns\": [\"inv_folder_id\"], \"onDelete\": \"CASCADE\", \"referencedTable\": \"upload_folders\", \"referencedColumns\": [\"id\"]}]}, {\"name\": \"strapi_release_actions_release_links\", \"columns\": [{\"args\": [{\"primary\": true, \"primaryKey\": true}], \"name\": \"id\", \"type\": \"increments\", \"unsigned\": false, \"defaultTo\": null, \"notNullable\": true}, {\"args\": [], \"name\": \"release_action_id\", \"type\": \"integer\", \"unsigned\": true, \"defaultTo\": null, \"notNullable\": false}, {\"args\": [], \"name\": \"release_id\", \"type\": \"integer\", \"unsigned\": true, \"defaultTo\": null, \"notNullable\": false}, {\"args\": [], \"name\": \"release_action_order\", \"type\": \"double\", \"unsigned\": true, \"defaultTo\": null, \"notNullable\": false}], \"indexes\": [{\"name\": \"strapi_release_actions_release_links_fk\", \"columns\": [\"release_action_id\"]}, {\"name\": \"strapi_release_actions_release_links_inv_fk\", \"columns\": [\"release_id\"]}, {\"name\": \"strapi_release_actions_release_links_unique\", \"type\": \"unique\", \"columns\": [\"release_action_id\", \"release_id\"]}, {\"name\": \"strapi_release_actions_release_links_order_inv_fk\", \"columns\": [\"release_action_order\"]}], \"foreignKeys\": [{\"name\": \"strapi_release_actions_release_links_fk\", \"columns\": [\"release_action_id\"], \"onDelete\": \"CASCADE\", \"referencedTable\": \"strapi_release_actions\", \"referencedColumns\": [\"id\"]}, {\"name\": \"strapi_release_actions_release_links_inv_fk\", \"columns\": [\"release_id\"], \"onDelete\": \"CASCADE\", \"referencedTable\": \"strapi_releases\", \"referencedColumns\": [\"id\"]}]}, {\"name\": \"up_permissions_role_links\", \"columns\": [{\"args\": [{\"primary\": true, \"primaryKey\": true}], \"name\": \"id\", \"type\": \"increments\", \"unsigned\": false, \"defaultTo\": null, \"notNullable\": true}, {\"args\": [], \"name\": \"permission_id\", \"type\": \"integer\", \"unsigned\": true, \"defaultTo\": null, \"notNullable\": false}, {\"args\": [], \"name\": \"role_id\", \"type\": \"integer\", \"unsigned\": true, \"defaultTo\": null, \"notNullable\": false}, {\"args\": [], \"name\": \"permission_order\", \"type\": \"double\", \"unsigned\": true, \"defaultTo\": null, \"notNullable\": false}], \"indexes\": [{\"name\": \"up_permissions_role_links_fk\", \"columns\": [\"permission_id\"]}, {\"name\": \"up_permissions_role_links_inv_fk\", \"columns\": [\"role_id\"]}, {\"name\": \"up_permissions_role_links_unique\", \"type\": \"unique\", \"columns\": [\"permission_id\", \"role_id\"]}, {\"name\": \"up_permissions_role_links_order_inv_fk\", \"columns\": [\"permission_order\"]}], \"foreignKeys\": [{\"name\": \"up_permissions_role_links_fk\", \"columns\": [\"permission_id\"], \"onDelete\": \"CASCADE\", \"referencedTable\": \"up_permissions\", \"referencedColumns\": [\"id\"]}, {\"name\": \"up_permissions_role_links_inv_fk\", \"columns\": [\"role_id\"], \"onDelete\": \"CASCADE\", \"referencedTable\": \"up_roles\", \"referencedColumns\": [\"id\"]}]}, {\"name\": \"up_users_role_links\", \"columns\": [{\"args\": [{\"primary\": true, \"primaryKey\": true}], \"name\": \"id\", \"type\": \"increments\", \"unsigned\": false, \"defaultTo\": null, \"notNullable\": true}, {\"args\": [], \"name\": \"user_id\", \"type\": \"integer\", \"unsigned\": true, \"defaultTo\": null, \"notNullable\": false}, {\"args\": [], \"name\": \"role_id\", \"type\": \"integer\", \"unsigned\": true, \"defaultTo\": null, \"notNullable\": false}, {\"args\": [], \"name\": \"user_order\", \"type\": \"double\", \"unsigned\": true, \"defaultTo\": null, \"notNullable\": false}], \"indexes\": [{\"name\": \"up_users_role_links_fk\", \"columns\": [\"user_id\"]}, {\"name\": \"up_users_role_links_inv_fk\", \"columns\": [\"role_id\"]}, {\"name\": \"up_users_role_links_unique\", \"type\": \"unique\", \"columns\": [\"user_id\", \"role_id\"]}, {\"name\": \"up_users_role_links_order_inv_fk\", \"columns\": [\"user_order\"]}], \"foreignKeys\": [{\"name\": \"up_users_role_links_fk\", \"columns\": [\"user_id\"], \"onDelete\": \"CASCADE\", \"referencedTable\": \"up_users\", \"referencedColumns\": [\"id\"]}, {\"name\": \"up_users_role_links_inv_fk\", \"columns\": [\"role_id\"], \"onDelete\": \"CASCADE\", \"referencedTable\": \"up_roles\", \"referencedColumns\": [\"id\"]}]}, {\"name\": \"articoli_gdprs_patterns_links\", \"columns\": [{\"args\": [{\"primary\": true, \"primaryKey\": true}], \"name\": \"id\", \"type\": \"increments\", \"unsigned\": false, \"defaultTo\": null, \"notNullable\": true}, {\"args\": [], \"name\": \"articoli_gdpr_id\", \"type\": \"integer\", \"unsigned\": true, \"defaultTo\": null, \"notNullable\": false}, {\"args\": [], \"name\": \"pattern_id\", \"type\": \"integer\", \"unsigned\": true, \"defaultTo\": null, \"notNullable\": false}, {\"args\": [], \"name\": \"pattern_order\", \"type\": \"double\", \"unsigned\": true, \"defaultTo\": null, \"notNullable\": false}, {\"args\": [], \"name\": \"articoli_gdpr_order\", \"type\": \"double\", \"unsigned\": true, \"defaultTo\": null, \"notNullable\": false}], \"indexes\": [{\"name\": \"articoli_gdprs_patterns_links_fk\", \"columns\": [\"articoli_gdpr_id\"]}, {\"name\": \"articoli_gdprs_patterns_links_inv_fk\", \"columns\": [\"pattern_id\"]}, {\"name\": \"articoli_gdprs_patterns_links_unique\", \"type\": \"unique\", \"columns\": [\"articoli_gdpr_id\", \"pattern_id\"]}, {\"name\": \"articoli_gdprs_patterns_links_order_fk\", \"columns\": [\"pattern_order\"]}, {\"name\": \"articoli_gdprs_patterns_links_order_inv_fk\", \"columns\": [\"articoli_gdpr_order\"]}], \"foreignKeys\": [{\"name\": \"articoli_gdprs_patterns_links_fk\", \"columns\": [\"articoli_gdpr_id\"], \"onDelete\": \"CASCADE\", \"referencedTable\": \"articoli_gdprs\", \"referencedColumns\": [\"id\"]}, {\"name\": \"articoli_gdprs_patterns_links_inv_fk\", \"columns\": [\"pattern_id\"], \"onDelete\": \"CASCADE\", \"referencedTable\": \"patterns\", \"referencedColumns\": [\"id\"]}]}, {\"name\": \"cwe_top_25_weaknesses_patterns_links\", \"columns\": [{\"args\": [{\"primary\": true, \"primaryKey\": true}], \"name\": \"id\", \"type\": \"increments\", \"unsigned\": false, \"defaultTo\": null, \"notNullable\": true}, {\"args\": [], \"name\": \"cwe_top_25_weakness_id\", \"type\": \"integer\", \"unsigned\": true, \"defaultTo\": null, \"notNullable\": false}, {\"args\": [], \"name\": \"pattern_id\", \"type\": \"integer\", \"unsigned\": true, \"defaultTo\": null, \"notNullable\": false}, {\"args\": [], \"name\": \"pattern_order\", \"type\": \"double\", \"unsigned\": true, \"defaultTo\": null, \"notNullable\": false}, {\"args\": [], \"name\": \"cwe_top_25_weakness_order\", \"type\": \"double\", \"unsigned\": true, \"defaultTo\": null, \"notNullable\": false}], \"indexes\": [{\"name\": \"cwe_top_25_weaknesses_patterns_links_fk\", \"columns\": [\"cwe_top_25_weakness_id\"]}, {\"name\": \"cwe_top_25_weaknesses_patterns_links_inv_fk\", \"columns\": [\"pattern_id\"]}, {\"name\": \"cwe_top_25_weaknesses_patterns_links_unique\", \"type\": \"unique\", \"columns\": [\"cwe_top_25_weakness_id\", \"pattern_id\"]}, {\"name\": \"cwe_top_25_weaknesses_patterns_links_order_fk\", \"columns\": [\"pattern_order\"]}, {\"name\": \"cwe_top_25_weaknesses_patterns_links_order_inv_fk\", \"columns\": [\"cwe_top_25_weakness_order\"]}], \"foreignKeys\": [{\"name\": \"cwe_top_25_weaknesses_patterns_links_fk\", \"columns\": [\"cwe_top_25_weakness_id\"], \"onDelete\": \"CASCADE\", \"referencedTable\": \"cwe_top_25_weaknesses\", \"referencedColumns\": [\"id\"]}, {\"name\": \"cwe_top_25_weaknesses_patterns_links_inv_fk\", \"columns\": [\"pattern_id\"], \"onDelete\": \"CASCADE\", \"referencedTable\": \"patterns\", \"referencedColumns\": [\"id\"]}]}, {\"name\": \"feedbacks_users_permissions_user_links\", \"columns\": [{\"args\": [{\"primary\": true, \"primaryKey\": true}], \"name\": \"id\", \"type\": \"increments\", \"unsigned\": false, \"defaultTo\": null, \"notNullable\": true}, {\"args\": [], \"name\": \"feedback_id\", \"type\": \"integer\", \"unsigned\": true, \"defaultTo\": null, \"notNullable\": false}, {\"args\": [], \"name\": \"user_id\", \"type\": \"integer\", \"unsigned\": true, \"defaultTo\": null, \"notNullable\": false}], \"indexes\": [{\"name\": \"feedbacks_users_permissions_user_links_fk\", \"columns\": [\"feedback_id\"]}, {\"name\": \"feedbacks_users_permissions_user_links_inv_fk\", \"columns\": [\"user_id\"]}, {\"name\": \"feedbacks_users_permissions_user_links_unique\", \"type\": \"unique\", \"columns\": [\"feedback_id\", \"user_id\"]}], \"foreignKeys\": [{\"name\": \"feedbacks_users_permissions_user_links_fk\", \"columns\": [\"feedback_id\"], \"onDelete\": \"CASCADE\", \"referencedTable\": \"feedbacks\", \"referencedColumns\": [\"id\"]}, {\"name\": \"feedbacks_users_permissions_user_links_inv_fk\", \"columns\": [\"user_id\"], \"onDelete\": \"CASCADE\", \"referencedTable\": \"up_users\", \"referencedColumns\": [\"id\"]}]}, {\"name\": \"iso_9241_210_phases_patterns_links\", \"columns\": [{\"args\": [{\"primary\": true, \"primaryKey\": true}], \"name\": \"id\", \"type\": \"increments\", \"unsigned\": false, \"defaultTo\": null, \"notNullable\": true}, {\"args\": [], \"name\": \"iso_9241_210_phase_id\", \"type\": \"integer\", \"unsigned\": true, \"defaultTo\": null, \"notNullable\": false}, {\"args\": [], \"name\": \"pattern_id\", \"type\": \"integer\", \"unsigned\": true, \"defaultTo\": null, \"notNullable\": false}, {\"args\": [], \"name\": \"pattern_order\", \"type\": \"double\", \"unsigned\": true, \"defaultTo\": null, \"notNullable\": false}, {\"args\": [], \"name\": \"iso_9241_210_phase_order\", \"type\": \"double\", \"unsigned\": true, \"defaultTo\": null, \"notNullable\": false}], \"indexes\": [{\"name\": \"iso_9241_210_phases_patterns_links_fk\", \"columns\": [\"iso_9241_210_phase_id\"]}, {\"name\": \"iso_9241_210_phases_patterns_links_inv_fk\", \"columns\": [\"pattern_id\"]}, {\"name\": \"iso_9241_210_phases_patterns_links_unique\", \"type\": \"unique\", \"columns\": [\"iso_9241_210_phase_id\", \"pattern_id\"]}, {\"name\": \"iso_9241_210_phases_patterns_links_order_fk\", \"columns\": [\"pattern_order\"]}, {\"name\": \"iso_9241_210_phases_patterns_links_order_inv_fk\", \"columns\": [\"iso_9241_210_phase_order\"]}], \"foreignKeys\": [{\"name\": \"iso_9241_210_phases_patterns_links_fk\", \"columns\": [\"iso_9241_210_phase_id\"], \"onDelete\": \"CASCADE\", \"referencedTable\": \"iso_9241_210_phases\", \"referencedColumns\": [\"id\"]}, {\"name\": \"iso_9241_210_phases_patterns_links_inv_fk\", \"columns\": [\"pattern_id\"], \"onDelete\": \"CASCADE\", \"referencedTable\": \"patterns\", \"referencedColumns\": [\"id\"]}]}, {\"name\": \"iso_9241_210_phases_privacy_by_design_principles_links\", \"columns\": [{\"args\": [{\"primary\": true, \"primaryKey\": true}], \"name\": \"id\", \"type\": \"increments\", \"unsigned\": false, \"defaultTo\": null, \"notNullable\": true}, {\"args\": [], \"name\": \"iso_9241_210_phase_id\", \"type\": \"integer\", \"unsigned\": true, \"defaultTo\": null, \"notNullable\": false}, {\"args\": [], \"name\": \"privacy_by_design_principle_id\", \"type\": \"integer\", \"unsigned\": true, \"defaultTo\": null, \"notNullable\": false}, {\"args\": [], \"name\": \"privacy_by_design_principle_order\", \"type\": \"double\", \"unsigned\": true, \"defaultTo\": null, \"notNullable\": false}], \"indexes\": [{\"name\": \"iso_9241_210_phases_privacy_by_design_principles_links_fk\", \"columns\": [\"iso_9241_210_phase_id\"]}, {\"name\": \"iso_9241_210_phases_privacy_by_design_principles_links_inv_fk\", \"columns\": [\"privacy_by_design_principle_id\"]}, {\"name\": \"iso_9241_210_phases_privacy_by_design_principles_links_unique\", \"type\": \"unique\", \"columns\": [\"iso_9241_210_phase_id\", \"privacy_by_design_principle_id\"]}, {\"name\": \"iso_9241_210_phases_privacy_by_design_principles_links_order_fk\", \"columns\": [\"privacy_by_design_principle_order\"]}], \"foreignKeys\": [{\"name\": \"iso_9241_210_phases_privacy_by_design_principles_links_fk\", \"columns\": [\"iso_9241_210_phase_id\"], \"onDelete\": \"CASCADE\", \"referencedTable\": \"iso_9241_210_phases\", \"referencedColumns\": [\"id\"]}, {\"name\": \"iso_9241_210_phases_privacy_by_design_principles_links_inv_fk\", \"columns\": [\"privacy_by_design_principle_id\"], \"onDelete\": \"CASCADE\", \"referencedTable\": \"privacy_by_design_principles\", \"referencedColumns\": [\"id\"]}]}, {\"name\": \"mvcs_patterns_links\", \"columns\": [{\"args\": [{\"primary\": true, \"primaryKey\": true}], \"name\": \"id\", \"type\": \"increments\", \"unsigned\": false, \"defaultTo\": null, \"notNullable\": true}, {\"args\": [], \"name\": \"mvc_id\", \"type\": \"integer\", \"unsigned\": true, \"defaultTo\": null, \"notNullable\": false}, {\"args\": [], \"name\": \"pattern_id\", \"type\": \"integer\", \"unsigned\": true, \"defaultTo\": null, \"notNullable\": false}, {\"args\": [], \"name\": \"pattern_order\", \"type\": \"double\", \"unsigned\": true, \"defaultTo\": null, \"notNullable\": false}, {\"args\": [], \"name\": \"mvc_order\", \"type\": \"double\", \"unsigned\": true, \"defaultTo\": null, \"notNullable\": false}], \"indexes\": [{\"name\": \"mvcs_patterns_links_fk\", \"columns\": [\"mvc_id\"]}, {\"name\": \"mvcs_patterns_links_inv_fk\", \"columns\": [\"pattern_id\"]}, {\"name\": \"mvcs_patterns_links_unique\", \"type\": \"unique\", \"columns\": [\"mvc_id\", \"pattern_id\"]}, {\"name\": \"mvcs_patterns_links_order_fk\", \"columns\": [\"pattern_order\"]}, {\"name\": \"mvcs_patterns_links_order_inv_fk\", \"columns\": [\"mvc_order\"]}], \"foreignKeys\": [{\"name\": \"mvcs_patterns_links_fk\", \"columns\": [\"mvc_id\"], \"onDelete\": \"CASCADE\", \"referencedTable\": \"mvcs\", \"referencedColumns\": [\"id\"]}, {\"name\": \"mvcs_patterns_links_inv_fk\", \"columns\": [\"pattern_id\"], \"onDelete\": \"CASCADE\", \"referencedTable\": \"patterns\", \"referencedColumns\": [\"id\"]}]}, {\"name\": \"owasp_top_10_categories_patterns_links\", \"columns\": [{\"args\": [{\"primary\": true, \"primaryKey\": true}], \"name\": \"id\", \"type\": \"increments\", \"unsigned\": false, \"defaultTo\": null, \"notNullable\": true}, {\"args\": [], \"name\": \"owasp_top_10_category_id\", \"type\": \"integer\", \"unsigned\": true, \"defaultTo\": null, \"notNullable\": false}, {\"args\": [], \"name\": \"pattern_id\", \"type\": \"integer\", \"unsigned\": true, \"defaultTo\": null, \"notNullable\": false}, {\"args\": [], \"name\": \"pattern_order\", \"type\": \"double\", \"unsigned\": true, \"defaultTo\": null, \"notNullable\": false}, {\"args\": [], \"name\": \"owasp_top_10_category_order\", \"type\": \"double\", \"unsigned\": true, \"defaultTo\": null, \"notNullable\": false}], \"indexes\": [{\"name\": \"owasp_top_10_categories_patterns_links_fk\", \"columns\": [\"owasp_top_10_category_id\"]}, {\"name\": \"owasp_top_10_categories_patterns_links_inv_fk\", \"columns\": [\"pattern_id\"]}, {\"name\": \"owasp_top_10_categories_patterns_links_unique\", \"type\": \"unique\", \"columns\": [\"owasp_top_10_category_id\", \"pattern_id\"]}, {\"name\": \"owasp_top_10_categories_patterns_links_order_fk\", \"columns\": [\"pattern_order\"]}, {\"name\": \"owasp_top_10_categories_patterns_links_order_inv_fk\", \"columns\": [\"owasp_top_10_category_order\"]}], \"foreignKeys\": [{\"name\": \"owasp_top_10_categories_patterns_links_fk\", \"columns\": [\"owasp_top_10_category_id\"], \"onDelete\": \"CASCADE\", \"referencedTable\": \"owasp_top_10_categories\", \"referencedColumns\": [\"id\"]}, {\"name\": \"owasp_top_10_categories_patterns_links_inv_fk\", \"columns\": [\"pattern_id\"], \"onDelete\": \"CASCADE\", \"referencedTable\": \"patterns\", \"referencedColumns\": [\"id\"]}]}, {\"name\": \"patterns_examples_links\", \"columns\": [{\"args\": [{\"primary\": true, \"primaryKey\": true}], \"name\": \"id\", \"type\": \"increments\", \"unsigned\": false, \"defaultTo\": null, \"notNullable\": true}, {\"args\": [], \"name\": \"pattern_id\", \"type\": \"integer\", \"unsigned\": true, \"defaultTo\": null, \"notNullable\": false}, {\"args\": [], \"name\": \"example_id\", \"type\": \"integer\", \"unsigned\": true, \"defaultTo\": null, \"notNullable\": false}, {\"args\": [], \"name\": \"example_order\", \"type\": \"double\", \"unsigned\": true, \"defaultTo\": null, \"notNullable\": false}], \"indexes\": [{\"name\": \"patterns_examples_links_fk\", \"columns\": [\"pattern_id\"]}, {\"name\": \"patterns_examples_links_inv_fk\", \"columns\": [\"example_id\"]}, {\"name\": \"patterns_examples_links_unique\", \"type\": \"unique\", \"columns\": [\"pattern_id\", \"example_id\"]}, {\"name\": \"patterns_examples_links_order_fk\", \"columns\": [\"example_order\"]}], \"foreignKeys\": [{\"name\": \"patterns_examples_links_fk\", \"columns\": [\"pattern_id\"], \"onDelete\": \"CASCADE\", \"referencedTable\": \"patterns\", \"referencedColumns\": [\"id\"]}, {\"name\": \"patterns_examples_links_inv_fk\", \"columns\": [\"example_id\"], \"onDelete\": \"CASCADE\", \"referencedTable\": \"examples\", \"referencedColumns\": [\"id\"]}]}, {\"name\": \"privacy_by_design_principles_patterns_links\", \"columns\": [{\"args\": [{\"primary\": true, \"primaryKey\": true}], \"name\": \"id\", \"type\": \"increments\", \"unsigned\": false, \"defaultTo\": null, \"notNullable\": true}, {\"args\": [], \"name\": \"privacy_by_design_principle_id\", \"type\": \"integer\", \"unsigned\": true, \"defaultTo\": null, \"notNullable\": false}, {\"args\": [], \"name\": \"pattern_id\", \"type\": \"integer\", \"unsigned\": true, \"defaultTo\": null, \"notNullable\": false}, {\"args\": [], \"name\": \"pattern_order\", \"type\": \"double\", \"unsigned\": true, \"defaultTo\": null, \"notNullable\": false}, {\"args\": [], \"name\": \"privacy_by_design_principle_order\", \"type\": \"double\", \"unsigned\": true, \"defaultTo\": null, \"notNullable\": false}], \"indexes\": [{\"name\": \"privacy_by_design_principles_patterns_links_fk\", \"columns\": [\"privacy_by_design_principle_id\"]}, {\"name\": \"privacy_by_design_principles_patterns_links_inv_fk\", \"columns\": [\"pattern_id\"]}, {\"name\": \"privacy_by_design_principles_patterns_links_unique\", \"type\": \"unique\", \"columns\": [\"privacy_by_design_principle_id\", \"pattern_id\"]}, {\"name\": \"privacy_by_design_principles_patterns_links_order_fk\", \"columns\": [\"pattern_order\"]}, {\"name\": \"privacy_by_design_principles_patterns_links_order_inv_fk\", \"columns\": [\"privacy_by_design_principle_order\"]}], \"foreignKeys\": [{\"name\": \"privacy_by_design_principles_patterns_links_fk\", \"columns\": [\"privacy_by_design_principle_id\"], \"onDelete\": \"CASCADE\", \"referencedTable\": \"privacy_by_design_principles\", \"referencedColumns\": [\"id\"]}, {\"name\": \"privacy_by_design_principles_patterns_links_inv_fk\", \"columns\": [\"pattern_id\"], \"onDelete\": \"CASCADE\", \"referencedTable\": \"patterns\", \"referencedColumns\": [\"id\"]}]}, {\"name\": \"strategias_patterns_links\", \"columns\": [{\"args\": [{\"primary\": true, \"primaryKey\": true}], \"name\": \"id\", \"type\": \"increments\", \"unsigned\": false, \"defaultTo\": null, \"notNullable\": true}, {\"args\": [], \"name\": \"strategia_id\", \"type\": \"integer\", \"unsigned\": true, \"defaultTo\": null, \"notNullable\": false}, {\"args\": [], \"name\": \"pattern_id\", \"type\": \"integer\", \"unsigned\": true, \"defaultTo\": null, \"notNullable\": false}, {\"args\": [], \"name\": \"pattern_order\", \"type\": \"double\", \"unsigned\": true, \"defaultTo\": null, \"notNullable\": false}, {\"args\": [], \"name\": \"strategia_order\", \"type\": \"double\", \"unsigned\": true, \"defaultTo\": null, \"notNullable\": false}], \"indexes\": [{\"name\": \"strategias_patterns_links_fk\", \"columns\": [\"strategia_id\"]}, {\"name\": \"strategias_patterns_links_inv_fk\", \"columns\": [\"pattern_id\"]}, {\"name\": \"strategias_patterns_links_unique\", \"type\": \"unique\", \"columns\": [\"strategia_id\", \"pattern_id\"]}, {\"name\": \"strategias_patterns_links_order_fk\", \"columns\": [\"pattern_order\"]}, {\"name\": \"strategias_patterns_links_order_inv_fk\", \"columns\": [\"strategia_order\"]}], \"foreignKeys\": [{\"name\": \"strategias_patterns_links_fk\", \"columns\": [\"strategia_id\"], \"onDelete\": \"CASCADE\", \"referencedTable\": \"strategias\", \"referencedColumns\": [\"id\"]}, {\"name\": \"strategias_patterns_links_inv_fk\", \"columns\": [\"pattern_id\"], \"onDelete\": \"CASCADE\", \"referencedTable\": \"patterns\", \"referencedColumns\": [\"id\"]}]}, {\"name\": \"strategias_privacy_by_design_principles_links\", \"columns\": [{\"args\": [{\"primary\": true, \"primaryKey\": true}], \"name\": \"id\", \"type\": \"increments\", \"unsigned\": false, \"defaultTo\": null, \"notNullable\": true}, {\"args\": [], \"name\": \"strategia_id\", \"type\": \"integer\", \"unsigned\": true, \"defaultTo\": null, \"notNullable\": false}, {\"args\": [], \"name\": \"privacy_by_design_principle_id\", \"type\": \"integer\", \"unsigned\": true, \"defaultTo\": null, \"notNullable\": false}, {\"args\": [], \"name\": \"privacy_by_design_principle_order\", \"type\": \"double\", \"unsigned\": true, \"defaultTo\": null, \"notNullable\": false}], \"indexes\": [{\"name\": \"strategias_privacy_by_design_principles_links_fk\", \"columns\": [\"strategia_id\"]}, {\"name\": \"strategias_privacy_by_design_principles_links_inv_fk\", \"columns\": [\"privacy_by_design_principle_id\"]}, {\"name\": \"strategias_privacy_by_design_principles_links_unique\", \"type\": \"unique\", \"columns\": [\"strategia_id\", \"privacy_by_design_principle_id\"]}, {\"name\": \"strategias_privacy_by_design_principles_links_order_fk\", \"columns\": [\"privacy_by_design_principle_order\"]}], \"foreignKeys\": [{\"name\": \"strategias_privacy_by_design_principles_links_fk\", \"columns\": [\"strategia_id\"], \"onDelete\": \"CASCADE\", \"referencedTable\": \"strategias\", \"referencedColumns\": [\"id\"]}, {\"name\": \"strategias_privacy_by_design_principles_links_inv_fk\", \"columns\": [\"privacy_by_design_principle_id\"], \"onDelete\": \"CASCADE\", \"referencedTable\": \"privacy_by_design_principles\", \"referencedColumns\": [\"id\"]}]}, {\"name\": \"strategias_articoli_gdprs_links\", \"columns\": [{\"args\": [{\"primary\": true, \"primaryKey\": true}], \"name\": \"id\", \"type\": \"increments\", \"unsigned\": false, \"defaultTo\": null, \"notNullable\": true}, {\"args\": [], \"name\": \"strategia_id\", \"type\": \"integer\", \"unsigned\": true, \"defaultTo\": null, \"notNullable\": false}, {\"args\": [], \"name\": \"articoli_gdpr_id\", \"type\": \"integer\", \"unsigned\": true, \"defaultTo\": null, \"notNullable\": false}, {\"args\": [], \"name\": \"articoli_gdpr_order\", \"type\": \"double\", \"unsigned\": true, \"defaultTo\": null, \"notNullable\": false}], \"indexes\": [{\"name\": \"strategias_articoli_gdprs_links_fk\", \"columns\": [\"strategia_id\"]}, {\"name\": \"strategias_articoli_gdprs_links_inv_fk\", \"columns\": [\"articoli_gdpr_id\"]}, {\"name\": \"strategias_articoli_gdprs_links_unique\", \"type\": \"unique\", \"columns\": [\"strategia_id\", \"articoli_gdpr_id\"]}, {\"name\": \"strategias_articoli_gdprs_links_order_fk\", \"columns\": [\"articoli_gdpr_order\"]}], \"foreignKeys\": [{\"name\": \"strategias_articoli_gdprs_links_fk\", \"columns\": [\"strategia_id\"], \"onDelete\": \"CASCADE\", \"referencedTable\": \"strategias\", \"referencedColumns\": [\"id\"]}, {\"name\": \"strategias_articoli_gdprs_links_inv_fk\", \"columns\": [\"articoli_gdpr_id\"], \"onDelete\": \"CASCADE\", \"referencedTable\": \"articoli_gdprs\", \"referencedColumns\": [\"id\"]}]}]}','2024-06-09 11:58:40','66683e8fac4e2299a3f1ede5f9d4aec6');
/*!40000 ALTER TABLE `strapi_database_schema` ENABLE KEYS */;
UNLOCK TABLES;

--
-- Table structure for table `strapi_migrations`
--

DROP TABLE IF EXISTS `strapi_migrations`;
/*!40101 SET @saved_cs_client     = @@character_set_client */;
/*!50503 SET character_set_client = utf8mb4 */;
CREATE TABLE `strapi_migrations` (
  `id` int unsigned NOT NULL AUTO_INCREMENT,
  `name` varchar(255) DEFAULT NULL,
  `time` datetime DEFAULT NULL,
  PRIMARY KEY (`id`)
) ENGINE=InnoDB DEFAULT CHARSET=utf8mb4 COLLATE=utf8mb4_0900_ai_ci;
/*!40101 SET character_set_client = @saved_cs_client */;

--
-- Dumping data for table `strapi_migrations`
--

LOCK TABLES `strapi_migrations` WRITE;
/*!40000 ALTER TABLE `strapi_migrations` DISABLE KEYS */;
/*!40000 ALTER TABLE `strapi_migrations` ENABLE KEYS */;
UNLOCK TABLES;

--
-- Table structure for table `strapi_release_actions`
--

DROP TABLE IF EXISTS `strapi_release_actions`;
/*!40101 SET @saved_cs_client     = @@character_set_client */;
/*!50503 SET character_set_client = utf8mb4 */;
CREATE TABLE `strapi_release_actions` (
  `id` int unsigned NOT NULL AUTO_INCREMENT,
  `type` varchar(255) DEFAULT NULL,
  `target_id` int unsigned DEFAULT NULL,
  `target_type` varchar(255) DEFAULT NULL,
  `content_type` varchar(255) DEFAULT NULL,
  `locale` varchar(255) DEFAULT NULL,
  `is_entry_valid` tinyint(1) DEFAULT NULL,
  `created_at` datetime(6) DEFAULT NULL,
  `updated_at` datetime(6) DEFAULT NULL,
  `created_by_id` int unsigned DEFAULT NULL,
  `updated_by_id` int unsigned DEFAULT NULL,
  PRIMARY KEY (`id`),
  KEY `strapi_release_actions_created_by_id_fk` (`created_by_id`),
  KEY `strapi_release_actions_updated_by_id_fk` (`updated_by_id`),
  CONSTRAINT `strapi_release_actions_created_by_id_fk` FOREIGN KEY (`created_by_id`) REFERENCES `admin_users` (`id`) ON DELETE SET NULL,
  CONSTRAINT `strapi_release_actions_updated_by_id_fk` FOREIGN KEY (`updated_by_id`) REFERENCES `admin_users` (`id`) ON DELETE SET NULL
) ENGINE=InnoDB DEFAULT CHARSET=utf8mb4 COLLATE=utf8mb4_0900_ai_ci;
/*!40101 SET character_set_client = @saved_cs_client */;

--
-- Dumping data for table `strapi_release_actions`
--

LOCK TABLES `strapi_release_actions` WRITE;
/*!40000 ALTER TABLE `strapi_release_actions` DISABLE KEYS */;
/*!40000 ALTER TABLE `strapi_release_actions` ENABLE KEYS */;
UNLOCK TABLES;

--
-- Table structure for table `strapi_release_actions_release_links`
--

DROP TABLE IF EXISTS `strapi_release_actions_release_links`;
/*!40101 SET @saved_cs_client     = @@character_set_client */;
/*!50503 SET character_set_client = utf8mb4 */;
CREATE TABLE `strapi_release_actions_release_links` (
  `id` int unsigned NOT NULL AUTO_INCREMENT,
  `release_action_id` int unsigned DEFAULT NULL,
  `release_id` int unsigned DEFAULT NULL,
  `release_action_order` double unsigned DEFAULT NULL,
  PRIMARY KEY (`id`),
  UNIQUE KEY `strapi_release_actions_release_links_unique` (`release_action_id`,`release_id`),
  KEY `strapi_release_actions_release_links_fk` (`release_action_id`),
  KEY `strapi_release_actions_release_links_inv_fk` (`release_id`),
  KEY `strapi_release_actions_release_links_order_inv_fk` (`release_action_order`),
  CONSTRAINT `strapi_release_actions_release_links_fk` FOREIGN KEY (`release_action_id`) REFERENCES `strapi_release_actions` (`id`) ON DELETE CASCADE,
  CONSTRAINT `strapi_release_actions_release_links_inv_fk` FOREIGN KEY (`release_id`) REFERENCES `strapi_releases` (`id`) ON DELETE CASCADE
) ENGINE=InnoDB DEFAULT CHARSET=utf8mb4 COLLATE=utf8mb4_0900_ai_ci;
/*!40101 SET character_set_client = @saved_cs_client */;

--
-- Dumping data for table `strapi_release_actions_release_links`
--

LOCK TABLES `strapi_release_actions_release_links` WRITE;
/*!40000 ALTER TABLE `strapi_release_actions_release_links` DISABLE KEYS */;
/*!40000 ALTER TABLE `strapi_release_actions_release_links` ENABLE KEYS */;
UNLOCK TABLES;

--
-- Table structure for table `strapi_releases`
--

DROP TABLE IF EXISTS `strapi_releases`;
/*!40101 SET @saved_cs_client     = @@character_set_client */;
/*!50503 SET character_set_client = utf8mb4 */;
CREATE TABLE `strapi_releases` (
  `id` int unsigned NOT NULL AUTO_INCREMENT,
  `name` varchar(255) DEFAULT NULL,
  `released_at` datetime(6) DEFAULT NULL,
  `scheduled_at` datetime(6) DEFAULT NULL,
  `timezone` varchar(255) DEFAULT NULL,
  `status` varchar(255) DEFAULT NULL,
  `created_at` datetime(6) DEFAULT NULL,
  `updated_at` datetime(6) DEFAULT NULL,
  `created_by_id` int unsigned DEFAULT NULL,
  `updated_by_id` int unsigned DEFAULT NULL,
  PRIMARY KEY (`id`),
  KEY `strapi_releases_created_by_id_fk` (`created_by_id`),
  KEY `strapi_releases_updated_by_id_fk` (`updated_by_id`),
  CONSTRAINT `strapi_releases_created_by_id_fk` FOREIGN KEY (`created_by_id`) REFERENCES `admin_users` (`id`) ON DELETE SET NULL,
  CONSTRAINT `strapi_releases_updated_by_id_fk` FOREIGN KEY (`updated_by_id`) REFERENCES `admin_users` (`id`) ON DELETE SET NULL
) ENGINE=InnoDB DEFAULT CHARSET=utf8mb4 COLLATE=utf8mb4_0900_ai_ci;
/*!40101 SET character_set_client = @saved_cs_client */;

--
-- Dumping data for table `strapi_releases`
--

LOCK TABLES `strapi_releases` WRITE;
/*!40000 ALTER TABLE `strapi_releases` DISABLE KEYS */;
/*!40000 ALTER TABLE `strapi_releases` ENABLE KEYS */;
UNLOCK TABLES;

--
-- Table structure for table `strapi_transfer_token_permissions`
--

DROP TABLE IF EXISTS `strapi_transfer_token_permissions`;
/*!40101 SET @saved_cs_client     = @@character_set_client */;
/*!50503 SET character_set_client = utf8mb4 */;
CREATE TABLE `strapi_transfer_token_permissions` (
  `id` int unsigned NOT NULL AUTO_INCREMENT,
  `action` varchar(255) DEFAULT NULL,
  `created_at` datetime(6) DEFAULT NULL,
  `updated_at` datetime(6) DEFAULT NULL,
  `created_by_id` int unsigned DEFAULT NULL,
  `updated_by_id` int unsigned DEFAULT NULL,
  PRIMARY KEY (`id`),
  KEY `strapi_transfer_token_permissions_created_by_id_fk` (`created_by_id`),
  KEY `strapi_transfer_token_permissions_updated_by_id_fk` (`updated_by_id`),
  CONSTRAINT `strapi_transfer_token_permissions_created_by_id_fk` FOREIGN KEY (`created_by_id`) REFERENCES `admin_users` (`id`) ON DELETE SET NULL,
  CONSTRAINT `strapi_transfer_token_permissions_updated_by_id_fk` FOREIGN KEY (`updated_by_id`) REFERENCES `admin_users` (`id`) ON DELETE SET NULL
) ENGINE=InnoDB DEFAULT CHARSET=utf8mb4 COLLATE=utf8mb4_0900_ai_ci;
/*!40101 SET character_set_client = @saved_cs_client */;

--
-- Dumping data for table `strapi_transfer_token_permissions`
--

LOCK TABLES `strapi_transfer_token_permissions` WRITE;
/*!40000 ALTER TABLE `strapi_transfer_token_permissions` DISABLE KEYS */;
/*!40000 ALTER TABLE `strapi_transfer_token_permissions` ENABLE KEYS */;
UNLOCK TABLES;

--
-- Table structure for table `strapi_transfer_token_permissions_token_links`
--

DROP TABLE IF EXISTS `strapi_transfer_token_permissions_token_links`;
/*!40101 SET @saved_cs_client     = @@character_set_client */;
/*!50503 SET character_set_client = utf8mb4 */;
CREATE TABLE `strapi_transfer_token_permissions_token_links` (
  `id` int unsigned NOT NULL AUTO_INCREMENT,
  `transfer_token_permission_id` int unsigned DEFAULT NULL,
  `transfer_token_id` int unsigned DEFAULT NULL,
  `transfer_token_permission_order` double unsigned DEFAULT NULL,
  PRIMARY KEY (`id`),
  UNIQUE KEY `strapi_transfer_token_permissions_token_links_unique` (`transfer_token_permission_id`,`transfer_token_id`),
  KEY `strapi_transfer_token_permissions_token_links_fk` (`transfer_token_permission_id`),
  KEY `strapi_transfer_token_permissions_token_links_inv_fk` (`transfer_token_id`),
  KEY `strapi_transfer_token_permissions_token_links_order_inv_fk` (`transfer_token_permission_order`),
  CONSTRAINT `strapi_transfer_token_permissions_token_links_fk` FOREIGN KEY (`transfer_token_permission_id`) REFERENCES `strapi_transfer_token_permissions` (`id`) ON DELETE CASCADE,
  CONSTRAINT `strapi_transfer_token_permissions_token_links_inv_fk` FOREIGN KEY (`transfer_token_id`) REFERENCES `strapi_transfer_tokens` (`id`) ON DELETE CASCADE
) ENGINE=InnoDB DEFAULT CHARSET=utf8mb4 COLLATE=utf8mb4_0900_ai_ci;
/*!40101 SET character_set_client = @saved_cs_client */;

--
-- Dumping data for table `strapi_transfer_token_permissions_token_links`
--

LOCK TABLES `strapi_transfer_token_permissions_token_links` WRITE;
/*!40000 ALTER TABLE `strapi_transfer_token_permissions_token_links` DISABLE KEYS */;
/*!40000 ALTER TABLE `strapi_transfer_token_permissions_token_links` ENABLE KEYS */;
UNLOCK TABLES;

--
-- Table structure for table `strapi_transfer_tokens`
--

DROP TABLE IF EXISTS `strapi_transfer_tokens`;
/*!40101 SET @saved_cs_client     = @@character_set_client */;
/*!50503 SET character_set_client = utf8mb4 */;
CREATE TABLE `strapi_transfer_tokens` (
  `id` int unsigned NOT NULL AUTO_INCREMENT,
  `name` varchar(255) DEFAULT NULL,
  `description` varchar(255) DEFAULT NULL,
  `access_key` varchar(255) DEFAULT NULL,
  `last_used_at` datetime(6) DEFAULT NULL,
  `expires_at` datetime(6) DEFAULT NULL,
  `lifespan` bigint DEFAULT NULL,
  `created_at` datetime(6) DEFAULT NULL,
  `updated_at` datetime(6) DEFAULT NULL,
  `created_by_id` int unsigned DEFAULT NULL,
  `updated_by_id` int unsigned DEFAULT NULL,
  PRIMARY KEY (`id`),
  KEY `strapi_transfer_tokens_created_by_id_fk` (`created_by_id`),
  KEY `strapi_transfer_tokens_updated_by_id_fk` (`updated_by_id`),
  CONSTRAINT `strapi_transfer_tokens_created_by_id_fk` FOREIGN KEY (`created_by_id`) REFERENCES `admin_users` (`id`) ON DELETE SET NULL,
  CONSTRAINT `strapi_transfer_tokens_updated_by_id_fk` FOREIGN KEY (`updated_by_id`) REFERENCES `admin_users` (`id`) ON DELETE SET NULL
) ENGINE=InnoDB DEFAULT CHARSET=utf8mb4 COLLATE=utf8mb4_0900_ai_ci;
/*!40101 SET character_set_client = @saved_cs_client */;

--
-- Dumping data for table `strapi_transfer_tokens`
--

LOCK TABLES `strapi_transfer_tokens` WRITE;
/*!40000 ALTER TABLE `strapi_transfer_tokens` DISABLE KEYS */;
/*!40000 ALTER TABLE `strapi_transfer_tokens` ENABLE KEYS */;
UNLOCK TABLES;

--
-- Table structure for table `strapi_webhooks`
--

DROP TABLE IF EXISTS `strapi_webhooks`;
/*!40101 SET @saved_cs_client     = @@character_set_client */;
/*!50503 SET character_set_client = utf8mb4 */;
CREATE TABLE `strapi_webhooks` (
  `id` int unsigned NOT NULL AUTO_INCREMENT,
  `name` varchar(255) DEFAULT NULL,
  `url` longtext,
  `headers` json DEFAULT NULL,
  `events` json DEFAULT NULL,
  `enabled` tinyint(1) DEFAULT NULL,
  PRIMARY KEY (`id`)
) ENGINE=InnoDB DEFAULT CHARSET=utf8mb4 COLLATE=utf8mb4_0900_ai_ci;
/*!40101 SET character_set_client = @saved_cs_client */;

--
-- Dumping data for table `strapi_webhooks`
--

LOCK TABLES `strapi_webhooks` WRITE;
/*!40000 ALTER TABLE `strapi_webhooks` DISABLE KEYS */;
/*!40000 ALTER TABLE `strapi_webhooks` ENABLE KEYS */;
UNLOCK TABLES;

--
-- Table structure for table `strategias`
--

DROP TABLE IF EXISTS `strategias`;
/*!40101 SET @saved_cs_client     = @@character_set_client */;
/*!50503 SET character_set_client = utf8mb4 */;
CREATE TABLE `strategias` (
  `id` int unsigned NOT NULL AUTO_INCREMENT,
  `nome` varchar(255) DEFAULT NULL,
  `created_at` datetime(6) DEFAULT NULL,
  `updated_at` datetime(6) DEFAULT NULL,
  `published_at` datetime(6) DEFAULT NULL,
  `created_by_id` int unsigned DEFAULT NULL,
  `updated_by_id` int unsigned DEFAULT NULL,
  PRIMARY KEY (`id`),
  KEY `strategias_created_by_id_fk` (`created_by_id`),
  KEY `strategias_updated_by_id_fk` (`updated_by_id`),
  CONSTRAINT `strategias_created_by_id_fk` FOREIGN KEY (`created_by_id`) REFERENCES `admin_users` (`id`) ON DELETE SET NULL,
  CONSTRAINT `strategias_updated_by_id_fk` FOREIGN KEY (`updated_by_id`) REFERENCES `admin_users` (`id`) ON DELETE SET NULL
) ENGINE=InnoDB AUTO_INCREMENT=9 DEFAULT CHARSET=utf8mb4 COLLATE=utf8mb4_0900_ai_ci;
/*!40101 SET character_set_client = @saved_cs_client */;

--
-- Dumping data for table `strategias`
--

LOCK TABLES `strategias` WRITE;
/*!40000 ALTER TABLE `strategias` DISABLE KEYS */;
INSERT INTO `strategias` VALUES (1,'Minimize','2024-05-21 10:47:01.065000','2024-05-25 15:32:43.187000','2024-05-21 10:48:50.196000',1,1),(2,'Hide','2024-05-21 10:47:16.056000','2024-05-25 15:35:13.303000','2024-05-21 10:48:50.196000',1,1),(3,'Abstract','2024-05-21 10:47:28.803000','2024-05-25 15:36:23.338000','2024-05-21 10:48:50.196000',1,1),(4,'Inform','2024-05-21 10:47:42.236000','2024-05-25 15:38:25.134000','2024-05-21 10:48:50.196000',1,1),(5,'Control','2024-05-21 10:47:59.479000','2024-05-25 15:41:25.510000','2024-05-21 10:48:50.196000',1,1),(6,'Enforce','2024-05-21 10:48:11.917000','2024-05-25 15:42:53.213000','2024-05-21 10:48:50.196000',1,1),(7,'Separate','2024-05-21 10:48:25.001000','2024-05-25 15:43:58.573000','2024-05-21 10:48:50.196000',1,1),(8,'dsdsdsdsdaaaaaaaaaaaxxxxxxxxxxxx','2024-06-08 17:48:08.168000','2024-06-08 17:48:08.168000','2024-06-08 17:48:08.165000',NULL,NULL);
/*!40000 ALTER TABLE `strategias` ENABLE KEYS */;
UNLOCK TABLES;

--
-- Table structure for table `strategias_articoli_gdprs_links`
--

DROP TABLE IF EXISTS `strategias_articoli_gdprs_links`;
/*!40101 SET @saved_cs_client     = @@character_set_client */;
/*!50503 SET character_set_client = utf8mb4 */;
CREATE TABLE `strategias_articoli_gdprs_links` (
  `id` int unsigned NOT NULL AUTO_INCREMENT,
  `strategia_id` int unsigned DEFAULT NULL,
  `articoli_gdpr_id` int unsigned DEFAULT NULL,
  `articoli_gdpr_order` double unsigned DEFAULT NULL,
  PRIMARY KEY (`id`),
  UNIQUE KEY `strategias_articoli_gdprs_links_unique` (`strategia_id`,`articoli_gdpr_id`),
  KEY `strategias_articoli_gdprs_links_fk` (`strategia_id`),
  KEY `strategias_articoli_gdprs_links_inv_fk` (`articoli_gdpr_id`),
  KEY `strategias_articoli_gdprs_links_order_fk` (`articoli_gdpr_order`),
  CONSTRAINT `strategias_articoli_gdprs_links_fk` FOREIGN KEY (`strategia_id`) REFERENCES `strategias` (`id`) ON DELETE CASCADE,
  CONSTRAINT `strategias_articoli_gdprs_links_inv_fk` FOREIGN KEY (`articoli_gdpr_id`) REFERENCES `articoli_gdprs` (`id`) ON DELETE CASCADE
) ENGINE=InnoDB AUTO_INCREMENT=26 DEFAULT CHARSET=utf8mb4 COLLATE=utf8mb4_0900_ai_ci;
/*!40101 SET character_set_client = @saved_cs_client */;

--
-- Dumping data for table `strategias_articoli_gdprs_links`
--

LOCK TABLES `strategias_articoli_gdprs_links` WRITE;
/*!40000 ALTER TABLE `strategias_articoli_gdprs_links` DISABLE KEYS */;
INSERT INTO `strategias_articoli_gdprs_links` VALUES (1,1,3,3),(2,1,2,2),(3,1,1,1),(4,2,2,2),(5,2,1,1),(6,3,2,3),(7,3,3,2),(8,3,1,1),(9,4,5,5),(10,4,6,4),(11,4,2,3),(12,4,1,2),(13,4,4,1),(14,5,11,6),(15,5,10,5),(16,5,9,4),(17,5,3,3),(18,5,6,2),(19,5,2,1),(20,6,2,4),(21,6,1,3),(22,6,8,2),(23,6,7,1),(24,7,1,2),(25,7,2,1);
/*!40000 ALTER TABLE `strategias_articoli_gdprs_links` ENABLE KEYS */;
UNLOCK TABLES;

--
-- Table structure for table `strategias_patterns_links`
--

DROP TABLE IF EXISTS `strategias_patterns_links`;
/*!40101 SET @saved_cs_client     = @@character_set_client */;
/*!50503 SET character_set_client = utf8mb4 */;
CREATE TABLE `strategias_patterns_links` (
  `id` int unsigned NOT NULL AUTO_INCREMENT,
  `strategia_id` int unsigned DEFAULT NULL,
  `pattern_id` int unsigned DEFAULT NULL,
  `pattern_order` double unsigned DEFAULT NULL,
  `strategia_order` double unsigned DEFAULT NULL,
  PRIMARY KEY (`id`),
  UNIQUE KEY `strategias_patterns_links_unique` (`strategia_id`,`pattern_id`),
  KEY `strategias_patterns_links_fk` (`strategia_id`),
  KEY `strategias_patterns_links_inv_fk` (`pattern_id`),
  KEY `strategias_patterns_links_order_fk` (`pattern_order`),
  KEY `strategias_patterns_links_order_inv_fk` (`strategia_order`),
  CONSTRAINT `strategias_patterns_links_fk` FOREIGN KEY (`strategia_id`) REFERENCES `strategias` (`id`) ON DELETE CASCADE,
  CONSTRAINT `strategias_patterns_links_inv_fk` FOREIGN KEY (`pattern_id`) REFERENCES `patterns` (`id`) ON DELETE CASCADE
) ENGINE=InnoDB AUTO_INCREMENT=74 DEFAULT CHARSET=utf8mb4 COLLATE=utf8mb4_0900_ai_ci;
/*!40101 SET character_set_client = @saved_cs_client */;

--
-- Dumping data for table `strategias_patterns_links`
--

LOCK TABLES `strategias_patterns_links` WRITE;
/*!40000 ALTER TABLE `strategias_patterns_links` DISABLE KEYS */;
INSERT INTO `strategias_patterns_links` VALUES (1,1,2,2,1),(2,1,1,1,1),(3,2,24,8,1),(4,2,22,7,1),(5,2,23,6,1),(6,2,15,5,1),(7,2,9,4,1),(8,2,8,3,1),(9,2,7,2,1),(10,2,3,1,1),(12,3,3,1,2),(13,4,25,4,1),(14,4,6,3,1),(15,4,5,2,1),(16,4,4,1,1),(17,5,21,7,1),(18,5,20,6,1),(19,5,19,5,1),(20,5,18,4,1),(21,5,17,3,1),(22,5,13,2,1),(23,5,8,1,2),(24,3,16,2,1),(25,6,12,3,1),(26,6,11,2,1),(27,6,10,1,1),(28,7,14,3,1),(29,7,15,2,2),(30,7,13,1,2);
/*!40000 ALTER TABLE `strategias_patterns_links` ENABLE KEYS */;
UNLOCK TABLES;

--
-- Table structure for table `strategias_privacy_by_design_principles_links`
--

DROP TABLE IF EXISTS `strategias_privacy_by_design_principles_links`;
/*!40101 SET @saved_cs_client     = @@character_set_client */;
/*!50503 SET character_set_client = utf8mb4 */;
CREATE TABLE `strategias_privacy_by_design_principles_links` (
  `id` int unsigned NOT NULL AUTO_INCREMENT,
  `strategia_id` int unsigned DEFAULT NULL,
  `privacy_by_design_principle_id` int unsigned DEFAULT NULL,
  `privacy_by_design_principle_order` double unsigned DEFAULT NULL,
  PRIMARY KEY (`id`),
  UNIQUE KEY `strategias_privacy_by_design_principles_links_unique` (`strategia_id`,`privacy_by_design_principle_id`),
  KEY `strategias_privacy_by_design_principles_links_fk` (`strategia_id`),
  KEY `strategias_privacy_by_design_principles_links_inv_fk` (`privacy_by_design_principle_id`),
  KEY `strategias_privacy_by_design_principles_links_order_fk` (`privacy_by_design_principle_order`),
  CONSTRAINT `strategias_privacy_by_design_principles_links_fk` FOREIGN KEY (`strategia_id`) REFERENCES `strategias` (`id`) ON DELETE CASCADE,
  CONSTRAINT `strategias_privacy_by_design_principles_links_inv_fk` FOREIGN KEY (`privacy_by_design_principle_id`) REFERENCES `privacy_by_design_principles` (`id`) ON DELETE CASCADE
) ENGINE=InnoDB AUTO_INCREMENT=37 DEFAULT CHARSET=utf8mb4 COLLATE=utf8mb4_0900_ai_ci;
/*!40101 SET character_set_client = @saved_cs_client */;

--
-- Dumping data for table `strategias_privacy_by_design_principles_links`
--

LOCK TABLES `strategias_privacy_by_design_principles_links` WRITE;
/*!40000 ALTER TABLE `strategias_privacy_by_design_principles_links` DISABLE KEYS */;
INSERT INTO `strategias_privacy_by_design_principles_links` VALUES (1,1,5,5),(2,1,4,4),(3,1,3,3),(4,1,2,2),(5,1,1,1),(6,2,5,7),(7,2,1,6),(8,2,7,5),(9,2,6,4),(10,2,4,3),(11,2,3,2),(12,2,2,1),(13,3,4,3),(14,3,3,2),(15,3,2,1),(16,4,2,5),(17,4,6,4),(18,4,5,3),(19,4,4,2),(20,4,3,1),(21,5,3,7),(22,5,4,6),(23,5,1,5),(24,5,5,4),(25,5,2,3),(26,5,7,2),(27,5,6,1),(28,6,7,4),(29,6,3,3),(30,6,5,2),(31,6,2,1),(32,7,7,5),(33,7,4,4),(34,7,1,3),(35,7,5,2),(36,7,2,1);
/*!40000 ALTER TABLE `strategias_privacy_by_design_principles_links` ENABLE KEYS */;
UNLOCK TABLES;

--
-- Table structure for table `up_permissions`
--

DROP TABLE IF EXISTS `up_permissions`;
/*!40101 SET @saved_cs_client     = @@character_set_client */;
/*!50503 SET character_set_client = utf8mb4 */;
CREATE TABLE `up_permissions` (
  `id` int unsigned NOT NULL AUTO_INCREMENT,
  `action` varchar(255) DEFAULT NULL,
  `created_at` datetime(6) DEFAULT NULL,
  `updated_at` datetime(6) DEFAULT NULL,
  `created_by_id` int unsigned DEFAULT NULL,
  `updated_by_id` int unsigned DEFAULT NULL,
  PRIMARY KEY (`id`),
  KEY `up_permissions_created_by_id_fk` (`created_by_id`),
  KEY `up_permissions_updated_by_id_fk` (`updated_by_id`),
  CONSTRAINT `up_permissions_created_by_id_fk` FOREIGN KEY (`created_by_id`) REFERENCES `admin_users` (`id`) ON DELETE SET NULL,
  CONSTRAINT `up_permissions_updated_by_id_fk` FOREIGN KEY (`updated_by_id`) REFERENCES `admin_users` (`id`) ON DELETE SET NULL
) ENGINE=InnoDB AUTO_INCREMENT=175 DEFAULT CHARSET=utf8mb4 COLLATE=utf8mb4_0900_ai_ci;
/*!40101 SET character_set_client = @saved_cs_client */;

--
-- Dumping data for table `up_permissions`
--

LOCK TABLES `up_permissions` WRITE;
/*!40000 ALTER TABLE `up_permissions` DISABLE KEYS */;
INSERT INTO `up_permissions` VALUES (1,'plugin::users-permissions.user.me','2024-05-21 02:13:27.956000','2024-05-21 02:13:27.956000',NULL,NULL),(2,'plugin::users-permissions.auth.changePassword','2024-05-21 02:13:27.956000','2024-05-21 02:13:27.956000',NULL,NULL),(3,'plugin::users-permissions.auth.callback','2024-05-21 02:13:28.007000','2024-05-21 02:13:28.007000',NULL,NULL),(4,'plugin::users-permissions.auth.connect','2024-05-21 02:13:28.007000','2024-05-21 02:13:28.007000',NULL,NULL),(5,'plugin::users-permissions.auth.forgotPassword','2024-05-21 02:13:28.007000','2024-05-21 02:13:28.007000',NULL,NULL),(6,'plugin::users-permissions.auth.resetPassword','2024-05-21 02:13:28.007000','2024-05-21 02:13:28.007000',NULL,NULL),(7,'plugin::users-permissions.auth.register','2024-05-21 02:13:28.007000','2024-05-21 02:13:28.007000',NULL,NULL),(8,'plugin::users-permissions.auth.emailConfirmation','2024-05-21 02:13:28.007000','2024-05-21 02:13:28.007000',NULL,NULL),(9,'plugin::users-permissions.auth.sendEmailConfirmation','2024-05-21 02:13:28.007000','2024-05-21 02:13:28.007000',NULL,NULL),(10,'api::articoli-gdpr.articoli-gdpr.find','2024-05-21 19:01:45.110000','2024-05-21 19:01:45.110000',NULL,NULL),(11,'api::articoli-gdpr.articoli-gdpr.findOne','2024-05-21 19:01:45.110000','2024-05-21 19:01:45.110000',NULL,NULL),(12,'api::cwe-top-25-weakness.cwe-top-25-weakness.find','2024-05-21 19:01:45.110000','2024-05-21 19:01:45.110000',NULL,NULL),(13,'api::cwe-top-25-weakness.cwe-top-25-weakness.findOne','2024-05-21 19:01:45.110000','2024-05-21 19:01:45.110000',NULL,NULL),(14,'api::example.example.find','2024-05-21 19:01:45.110000','2024-05-21 19:01:45.110000',NULL,NULL),(15,'api::example.example.findOne','2024-05-21 19:01:45.110000','2024-05-21 19:01:45.110000',NULL,NULL),(16,'api::iso-9241-210-phase.iso-9241-210-phase.find','2024-05-21 19:01:45.110000','2024-05-21 19:01:45.110000',NULL,NULL),(17,'api::iso-9241-210-phase.iso-9241-210-phase.findOne','2024-05-21 19:01:45.110000','2024-05-21 19:01:45.110000',NULL,NULL),(18,'api::mvc.mvc.find','2024-05-21 19:01:45.110000','2024-05-21 19:01:45.110000',NULL,NULL),(19,'api::mvc.mvc.findOne','2024-05-21 19:01:45.110000','2024-05-21 19:01:45.110000',NULL,NULL),(20,'api::owasp-top-10-category.owasp-top-10-category.find','2024-05-21 19:01:45.110000','2024-05-21 19:01:45.110000',NULL,NULL),(21,'api::owasp-top-10-category.owasp-top-10-category.findOne','2024-05-21 19:01:45.110000','2024-05-21 19:01:45.110000',NULL,NULL),(22,'api::pattern.pattern.find','2024-05-21 19:01:45.110000','2024-05-21 19:01:45.110000',NULL,NULL),(23,'api::pattern.pattern.findOne','2024-05-21 19:01:45.110000','2024-05-21 19:01:45.110000',NULL,NULL),(24,'api::privacy-by-design-principle.privacy-by-design-principle.find','2024-05-21 19:01:45.110000','2024-05-21 19:01:45.110000',NULL,NULL),(25,'api::privacy-by-design-principle.privacy-by-design-principle.findOne','2024-05-21 19:01:45.110000','2024-05-21 19:01:45.110000',NULL,NULL),(26,'api::strategia.strategia.find','2024-05-21 19:01:45.110000','2024-05-21 19:01:45.110000',NULL,NULL),(27,'api::strategia.strategia.findOne','2024-05-21 19:01:45.110000','2024-05-21 19:01:45.110000',NULL,NULL),(31,'api::articoli-gdpr.articoli-gdpr.create','2024-05-28 13:08:24.332000','2024-05-28 13:08:24.332000',NULL,NULL),(32,'api::articoli-gdpr.articoli-gdpr.update','2024-05-28 13:08:24.332000','2024-05-28 13:08:24.332000',NULL,NULL),(33,'api::articoli-gdpr.articoli-gdpr.delete','2024-05-28 13:08:24.332000','2024-05-28 13:08:24.332000',NULL,NULL),(34,'api::cwe-top-25-weakness.cwe-top-25-weakness.create','2024-05-28 13:08:24.333000','2024-05-28 13:08:24.333000',NULL,NULL),(35,'api::cwe-top-25-weakness.cwe-top-25-weakness.update','2024-05-28 13:08:24.333000','2024-05-28 13:08:24.333000',NULL,NULL),(36,'api::cwe-top-25-weakness.cwe-top-25-weakness.delete','2024-05-28 13:08:24.333000','2024-05-28 13:08:24.333000',NULL,NULL),(37,'api::example.example.create','2024-05-28 13:08:24.333000','2024-05-28 13:08:24.333000',NULL,NULL),(38,'api::example.example.update','2024-05-28 13:08:24.333000','2024-05-28 13:08:24.333000',NULL,NULL),(39,'api::example.example.delete','2024-05-28 13:08:24.333000','2024-05-28 13:08:24.333000',NULL,NULL),(40,'api::iso-9241-210-phase.iso-9241-210-phase.create','2024-05-28 13:08:24.333000','2024-05-28 13:08:24.333000',NULL,NULL),(41,'api::iso-9241-210-phase.iso-9241-210-phase.update','2024-05-28 13:08:24.333000','2024-05-28 13:08:24.333000',NULL,NULL),(42,'api::iso-9241-210-phase.iso-9241-210-phase.delete','2024-05-28 13:08:24.333000','2024-05-28 13:08:24.333000',NULL,NULL),(43,'api::mvc.mvc.create','2024-05-28 13:08:24.333000','2024-05-28 13:08:24.333000',NULL,NULL),(44,'api::mvc.mvc.update','2024-05-28 13:08:24.333000','2024-05-28 13:08:24.333000',NULL,NULL),(45,'api::mvc.mvc.delete','2024-05-28 13:08:24.333000','2024-05-28 13:08:24.333000',NULL,NULL),(46,'api::owasp-top-10-category.owasp-top-10-category.create','2024-05-28 13:08:24.333000','2024-05-28 13:08:24.333000',NULL,NULL),(47,'api::owasp-top-10-category.owasp-top-10-category.update','2024-05-28 13:08:24.333000','2024-05-28 13:08:24.333000',NULL,NULL),(48,'api::owasp-top-10-category.owasp-top-10-category.delete','2024-05-28 13:08:24.333000','2024-05-28 13:08:24.333000',NULL,NULL),(49,'api::pattern.pattern.create','2024-05-28 13:08:24.333000','2024-05-28 13:08:24.333000',NULL,NULL),(50,'api::pattern.pattern.update','2024-05-28 13:08:24.333000','2024-05-28 13:08:24.333000',NULL,NULL),(51,'api::pattern.pattern.delete','2024-05-28 13:08:24.333000','2024-05-28 13:08:24.333000',NULL,NULL),(52,'api::privacy-by-design-principle.privacy-by-design-principle.create','2024-05-28 13:08:24.333000','2024-05-28 13:08:24.333000',NULL,NULL),(53,'api::privacy-by-design-principle.privacy-by-design-principle.update','2024-05-28 13:08:24.333000','2024-05-28 13:08:24.333000',NULL,NULL),(54,'api::privacy-by-design-principle.privacy-by-design-principle.delete','2024-05-28 13:08:24.333000','2024-05-28 13:08:24.333000',NULL,NULL),(55,'api::strategia.strategia.create','2024-05-28 13:08:24.333000','2024-05-28 13:08:24.333000',NULL,NULL),(56,'api::strategia.strategia.update','2024-05-28 13:08:24.333000','2024-05-28 13:08:24.333000',NULL,NULL),(57,'api::strategia.strategia.delete','2024-05-28 13:08:24.334000','2024-05-28 13:08:24.334000',NULL,NULL),(59,'plugin::users-permissions.user.find','2024-05-28 13:29:25.602000','2024-05-28 13:29:25.602000',NULL,NULL),(64,'plugin::users-permissions.user.findOne','2024-05-28 17:03:43.011000','2024-05-28 17:03:43.011000',NULL,NULL),(65,'plugin::users-permissions.user.find','2024-05-28 17:04:01.723000','2024-05-28 17:04:01.723000',NULL,NULL),(66,'plugin::users-permissions.user.findOne','2024-05-28 17:04:01.724000','2024-05-28 17:04:01.724000',NULL,NULL),(67,'plugin::users-permissions.user.find','2024-05-28 17:04:15.445000','2024-05-28 17:04:15.445000',NULL,NULL),(68,'plugin::users-permissions.user.findOne','2024-05-28 17:04:15.446000','2024-05-28 17:04:15.446000',NULL,NULL),(70,'api::password-prova.password-prova.findPassword','2024-05-28 17:52:42.749000','2024-05-28 17:52:42.749000',NULL,NULL),(71,'api::user-password.user-password.findUser','2024-05-28 18:08:27.299000','2024-05-28 18:08:27.299000',NULL,NULL),(72,'plugin::users-permissions.role.findOne','2024-05-29 15:36:01.831000','2024-05-29 15:36:01.831000',NULL,NULL),(73,'plugin::users-permissions.role.find','2024-05-29 15:36:01.831000','2024-05-29 15:36:01.831000',NULL,NULL),(74,'plugin::users-permissions.user.create','2024-05-31 12:00:41.265000','2024-05-31 12:00:41.265000',NULL,NULL),(76,'api::feedback.feedback.find','2024-05-31 13:20:15.465000','2024-05-31 13:20:15.465000',NULL,NULL),(77,'api::feedback.feedback.findOne','2024-05-31 13:20:15.465000','2024-05-31 13:20:15.465000',NULL,NULL),(78,'api::feedback.feedback.create','2024-05-31 13:20:15.465000','2024-05-31 13:20:15.465000',NULL,NULL),(79,'api::feedback.feedback.find','2024-05-31 15:43:18.147000','2024-05-31 15:43:18.147000',NULL,NULL),(80,'api::feedback.feedback.findOne','2024-05-31 15:43:18.147000','2024-05-31 15:43:18.147000',NULL,NULL),(81,'api::feedback.feedback.find','2024-06-01 10:37:20.829000','2024-06-01 10:37:20.829000',NULL,NULL),(82,'api::feedback.feedback.findOne','2024-06-01 10:37:20.829000','2024-06-01 10:37:20.829000',NULL,NULL),(83,'api::pattern.pattern.findAndIncrement','2024-06-02 16:09:20.350000','2024-06-02 16:09:20.350000',NULL,NULL),(84,'api::pattern.pattern.create','2024-06-06 11:20:07.466000','2024-06-06 11:20:07.466000',NULL,NULL),(85,'api::pattern.pattern.update','2024-06-06 11:20:07.466000','2024-06-06 11:20:07.466000',NULL,NULL),(88,'api::pattern.pattern.find','2024-06-06 13:14:33.781000','2024-06-06 13:14:33.781000',NULL,NULL),(89,'api::pattern.pattern.findOne','2024-06-06 13:14:33.781000','2024-06-06 13:14:33.781000',NULL,NULL),(90,'api::articoli-gdpr.articoli-gdpr.find','2024-06-06 13:24:00.916000','2024-06-06 13:24:00.916000',NULL,NULL),(91,'api::articoli-gdpr.articoli-gdpr.findOne','2024-06-06 13:24:00.916000','2024-06-06 13:24:00.916000',NULL,NULL),(92,'api::cwe-top-25-weakness.cwe-top-25-weakness.find','2024-06-06 13:24:00.916000','2024-06-06 13:24:00.916000',NULL,NULL),(93,'api::cwe-top-25-weakness.cwe-top-25-weakness.findOne','2024-06-06 13:24:00.916000','2024-06-06 13:24:00.916000',NULL,NULL),(94,'api::example.example.find','2024-06-06 13:24:00.916000','2024-06-06 13:24:00.916000',NULL,NULL),(95,'api::example.example.findOne','2024-06-06 13:24:00.916000','2024-06-06 13:24:00.916000',NULL,NULL),(96,'api::mvc.mvc.find','2024-06-06 13:24:00.916000','2024-06-06 13:24:00.916000',NULL,NULL),(97,'api::mvc.mvc.findOne','2024-06-06 13:24:00.916000','2024-06-06 13:24:00.916000',NULL,NULL),(98,'api::owasp-top-10-category.owasp-top-10-category.find','2024-06-06 13:24:00.916000','2024-06-06 13:24:00.916000',NULL,NULL),(99,'api::owasp-top-10-category.owasp-top-10-category.findOne','2024-06-06 13:24:00.916000','2024-06-06 13:24:00.916000',NULL,NULL),(100,'api::privacy-by-design-principle.privacy-by-design-principle.find','2024-06-06 13:24:00.916000','2024-06-06 13:24:00.916000',NULL,NULL),(101,'api::privacy-by-design-principle.privacy-by-design-principle.findOne','2024-06-06 13:24:00.916000','2024-06-06 13:24:00.916000',NULL,NULL),(102,'api::strategia.strategia.find','2024-06-06 13:24:00.916000','2024-06-06 13:24:00.916000',NULL,NULL),(103,'api::strategia.strategia.findOne','2024-06-06 13:24:00.916000','2024-06-06 13:24:00.916000',NULL,NULL),(104,'api::iso-9241-210-phase.iso-9241-210-phase.find','2024-06-08 10:47:09.803000','2024-06-08 10:47:09.803000',NULL,NULL),(105,'api::iso-9241-210-phase.iso-9241-210-phase.findOne','2024-06-08 10:47:09.803000','2024-06-08 10:47:09.803000',NULL,NULL),(106,'api::pattern.pattern.findAndIncrement','2024-06-08 10:47:09.803000','2024-06-08 10:47:09.803000',NULL,NULL),(107,'api::articoli-gdpr.articoli-gdpr.find','2024-06-08 10:54:12.900000','2024-06-08 10:54:12.900000',NULL,NULL),(108,'api::articoli-gdpr.articoli-gdpr.findOne','2024-06-08 10:54:12.900000','2024-06-08 10:54:12.900000',NULL,NULL),(109,'api::articoli-gdpr.articoli-gdpr.create','2024-06-08 10:54:12.900000','2024-06-08 10:54:12.900000',NULL,NULL),(110,'api::articoli-gdpr.articoli-gdpr.update','2024-06-08 10:54:12.900000','2024-06-08 10:54:12.900000',NULL,NULL),(111,'api::articoli-gdpr.articoli-gdpr.delete','2024-06-08 10:54:12.900000','2024-06-08 10:54:12.900000',NULL,NULL),(112,'api::cwe-top-25-weakness.cwe-top-25-weakness.find','2024-06-08 10:54:12.900000','2024-06-08 10:54:12.900000',NULL,NULL),(113,'api::cwe-top-25-weakness.cwe-top-25-weakness.findOne','2024-06-08 10:54:12.900000','2024-06-08 10:54:12.900000',NULL,NULL),(114,'api::cwe-top-25-weakness.cwe-top-25-weakness.create','2024-06-08 10:54:12.900000','2024-06-08 10:54:12.900000',NULL,NULL),(115,'api::cwe-top-25-weakness.cwe-top-25-weakness.update','2024-06-08 10:54:12.900000','2024-06-08 10:54:12.900000',NULL,NULL),(116,'api::cwe-top-25-weakness.cwe-top-25-weakness.delete','2024-06-08 10:54:12.900000','2024-06-08 10:54:12.900000',NULL,NULL),(117,'api::example.example.find','2024-06-08 10:54:12.900000','2024-06-08 10:54:12.900000',NULL,NULL),(118,'api::example.example.findOne','2024-06-08 10:54:12.900000','2024-06-08 10:54:12.900000',NULL,NULL),(119,'api::example.example.create','2024-06-08 10:54:12.900000','2024-06-08 10:54:12.900000',NULL,NULL),(120,'api::example.example.update','2024-06-08 10:54:12.900000','2024-06-08 10:54:12.900000',NULL,NULL),(121,'api::example.example.delete','2024-06-08 10:54:12.900000','2024-06-08 10:54:12.900000',NULL,NULL),(122,'api::iso-9241-210-phase.iso-9241-210-phase.find','2024-06-08 10:54:12.900000','2024-06-08 10:54:12.900000',NULL,NULL),(123,'api::iso-9241-210-phase.iso-9241-210-phase.findOne','2024-06-08 10:54:12.900000','2024-06-08 10:54:12.900000',NULL,NULL),(124,'api::iso-9241-210-phase.iso-9241-210-phase.create','2024-06-08 10:54:12.900000','2024-06-08 10:54:12.900000',NULL,NULL),(125,'api::iso-9241-210-phase.iso-9241-210-phase.update','2024-06-08 10:54:12.900000','2024-06-08 10:54:12.900000',NULL,NULL),(126,'api::iso-9241-210-phase.iso-9241-210-phase.delete','2024-06-08 10:54:12.900000','2024-06-08 10:54:12.900000',NULL,NULL),(127,'api::mvc.mvc.find','2024-06-08 10:54:12.900000','2024-06-08 10:54:12.900000',NULL,NULL),(128,'api::mvc.mvc.findOne','2024-06-08 10:54:12.900000','2024-06-08 10:54:12.900000',NULL,NULL),(129,'api::mvc.mvc.create','2024-06-08 10:54:12.900000','2024-06-08 10:54:12.900000',NULL,NULL),(130,'api::mvc.mvc.update','2024-06-08 10:54:12.900000','2024-06-08 10:54:12.900000',NULL,NULL),(131,'api::mvc.mvc.delete','2024-06-08 10:54:12.900000','2024-06-08 10:54:12.900000',NULL,NULL),(132,'api::owasp-top-10-category.owasp-top-10-category.find','2024-06-08 10:54:12.900000','2024-06-08 10:54:12.900000',NULL,NULL),(133,'api::owasp-top-10-category.owasp-top-10-category.findOne','2024-06-08 10:54:12.900000','2024-06-08 10:54:12.900000',NULL,NULL),(134,'api::owasp-top-10-category.owasp-top-10-category.create','2024-06-08 10:54:12.900000','2024-06-08 10:54:12.900000',NULL,NULL),(135,'api::owasp-top-10-category.owasp-top-10-category.update','2024-06-08 10:54:12.900000','2024-06-08 10:54:12.900000',NULL,NULL),(136,'api::owasp-top-10-category.owasp-top-10-category.delete','2024-06-08 10:54:12.900000','2024-06-08 10:54:12.900000',NULL,NULL),(137,'api::pattern.pattern.findAndIncrement','2024-06-08 10:54:12.900000','2024-06-08 10:54:12.900000',NULL,NULL),(138,'api::pattern.pattern.find','2024-06-08 10:54:12.900000','2024-06-08 10:54:12.900000',NULL,NULL),(139,'api::pattern.pattern.findOne','2024-06-08 10:54:12.900000','2024-06-08 10:54:12.900000',NULL,NULL),(140,'api::pattern.pattern.create','2024-06-08 10:54:12.900000','2024-06-08 10:54:12.900000',NULL,NULL),(141,'api::pattern.pattern.update','2024-06-08 10:54:12.900000','2024-06-08 10:54:12.900000',NULL,NULL),(142,'api::pattern.pattern.delete','2024-06-08 10:54:12.900000','2024-06-08 10:54:12.900000',NULL,NULL),(143,'api::privacy-by-design-principle.privacy-by-design-principle.find','2024-06-08 10:54:12.900000','2024-06-08 10:54:12.900000',NULL,NULL),(144,'api::privacy-by-design-principle.privacy-by-design-principle.findOne','2024-06-08 10:54:12.900000','2024-06-08 10:54:12.900000',NULL,NULL),(145,'api::privacy-by-design-principle.privacy-by-design-principle.create','2024-06-08 10:54:12.900000','2024-06-08 10:54:12.900000',NULL,NULL),(146,'api::privacy-by-design-principle.privacy-by-design-principle.update','2024-06-08 10:54:12.900000','2024-06-08 10:54:12.900000',NULL,NULL),(147,'api::privacy-by-design-principle.privacy-by-design-principle.delete','2024-06-08 10:54:12.900000','2024-06-08 10:54:12.900000',NULL,NULL),(148,'api::strategia.strategia.find','2024-06-08 10:54:12.900000','2024-06-08 10:54:12.900000',NULL,NULL),(149,'api::strategia.strategia.findOne','2024-06-08 10:54:12.900000','2024-06-08 10:54:12.900000',NULL,NULL),(150,'api::strategia.strategia.create','2024-06-08 10:54:12.900000','2024-06-08 10:54:12.900000',NULL,NULL),(151,'api::strategia.strategia.update','2024-06-08 10:54:12.900000','2024-06-08 10:54:12.900000',NULL,NULL),(152,'api::strategia.strategia.delete','2024-06-08 10:54:12.900000','2024-06-08 10:54:12.900000',NULL,NULL),(153,'plugin::users-permissions.user.update','2024-06-09 12:31:32.464000','2024-06-09 12:31:32.464000',NULL,NULL),(154,'plugin::users-permissions.user.me','2024-06-09 12:47:32.709000','2024-06-09 12:47:32.709000',NULL,NULL),(156,'plugin::users-permissions.user.update','2024-06-09 12:49:59.677000','2024-06-09 12:49:59.677000',NULL,NULL),(157,'plugin::users-permissions.user.update','2024-06-09 12:50:07.547000','2024-06-09 12:50:07.547000',NULL,NULL),(158,'plugin::users-permissions.auth.callback','2024-06-09 12:55:00.667000','2024-06-09 12:55:00.667000',NULL,NULL),(159,'plugin::users-permissions.auth.changePassword','2024-06-09 12:55:00.667000','2024-06-09 12:55:00.667000',NULL,NULL),(160,'plugin::users-permissions.auth.resetPassword','2024-06-09 12:55:00.667000','2024-06-09 12:55:00.667000',NULL,NULL),(161,'plugin::users-permissions.auth.connect','2024-06-09 12:55:00.667000','2024-06-09 12:55:00.667000',NULL,NULL),(162,'plugin::users-permissions.auth.forgotPassword','2024-06-09 12:55:00.667000','2024-06-09 12:55:00.667000',NULL,NULL),(163,'plugin::users-permissions.auth.register','2024-06-09 12:55:00.667000','2024-06-09 12:55:00.667000',NULL,NULL),(164,'plugin::users-permissions.auth.emailConfirmation','2024-06-09 12:55:00.667000','2024-06-09 12:55:00.667000',NULL,NULL),(165,'plugin::users-permissions.auth.sendEmailConfirmation','2024-06-09 12:55:00.667000','2024-06-09 12:55:00.667000',NULL,NULL),(166,'plugin::users-permissions.user.create','2024-06-09 12:55:00.667000','2024-06-09 12:55:00.667000',NULL,NULL),(167,'plugin::users-permissions.user.count','2024-06-09 12:55:00.667000','2024-06-09 12:55:00.667000',NULL,NULL),(168,'plugin::users-permissions.user.destroy','2024-06-09 12:55:00.667000','2024-06-09 12:55:00.667000',NULL,NULL),(169,'plugin::users-permissions.role.createRole','2024-06-09 12:55:00.667000','2024-06-09 12:55:00.667000',NULL,NULL),(170,'plugin::users-permissions.role.findOne','2024-06-09 12:55:00.667000','2024-06-09 12:55:00.667000',NULL,NULL),(171,'plugin::users-permissions.role.find','2024-06-09 12:55:00.667000','2024-06-09 12:55:00.667000',NULL,NULL),(172,'plugin::users-permissions.role.updateRole','2024-06-09 12:55:00.667000','2024-06-09 12:55:00.667000',NULL,NULL),(173,'plugin::users-permissions.role.deleteRole','2024-06-09 12:55:00.667000','2024-06-09 12:55:00.667000',NULL,NULL),(174,'plugin::users-permissions.permissions.getPermissions','2024-06-09 12:55:00.667000','2024-06-09 12:55:00.667000',NULL,NULL);
/*!40000 ALTER TABLE `up_permissions` ENABLE KEYS */;
UNLOCK TABLES;

--
-- Table structure for table `up_permissions_role_links`
--

DROP TABLE IF EXISTS `up_permissions_role_links`;
/*!40101 SET @saved_cs_client     = @@character_set_client */;
/*!50503 SET character_set_client = utf8mb4 */;
CREATE TABLE `up_permissions_role_links` (
  `id` int unsigned NOT NULL AUTO_INCREMENT,
  `permission_id` int unsigned DEFAULT NULL,
  `role_id` int unsigned DEFAULT NULL,
  `permission_order` double unsigned DEFAULT NULL,
  PRIMARY KEY (`id`),
  UNIQUE KEY `up_permissions_role_links_unique` (`permission_id`,`role_id`),
  KEY `up_permissions_role_links_fk` (`permission_id`),
  KEY `up_permissions_role_links_inv_fk` (`role_id`),
  KEY `up_permissions_role_links_order_inv_fk` (`permission_order`),
  CONSTRAINT `up_permissions_role_links_fk` FOREIGN KEY (`permission_id`) REFERENCES `up_permissions` (`id`) ON DELETE CASCADE,
  CONSTRAINT `up_permissions_role_links_inv_fk` FOREIGN KEY (`role_id`) REFERENCES `up_roles` (`id`) ON DELETE CASCADE
) ENGINE=InnoDB AUTO_INCREMENT=175 DEFAULT CHARSET=utf8mb4 COLLATE=utf8mb4_0900_ai_ci;
/*!40101 SET character_set_client = @saved_cs_client */;

--
-- Dumping data for table `up_permissions_role_links`
--

LOCK TABLES `up_permissions_role_links` WRITE;
/*!40000 ALTER TABLE `up_permissions_role_links` DISABLE KEYS */;
INSERT INTO `up_permissions_role_links` VALUES (1,1,1,1),(2,2,1,1),(3,3,2,1),(4,6,2,1),(5,8,2,1),(6,7,2,1),(7,4,2,1),(8,5,2,1),(9,9,2,2),(10,12,2,3),(11,10,2,3),(12,11,2,3),(13,20,2,3),(14,21,2,3),(15,15,2,3),(16,19,2,3),(17,13,2,4),(18,18,2,4),(19,17,2,4),(20,16,2,4),(21,14,2,4),(22,22,2,4),(23,23,2,4),(24,25,2,4),(25,26,2,4),(26,24,2,5),(27,27,2,5),(31,35,3,1),(32,31,3,1),(33,32,3,1),(34,33,3,1),(35,34,3,1),(36,39,3,1),(37,37,3,1),(38,38,3,1),(39,40,3,1),(40,36,3,1),(41,41,3,2),(42,43,3,2),(43,42,3,2),(44,44,3,2),(45,45,3,2),(46,47,3,2),(47,46,3,3),(48,48,3,3),(49,49,3,3),(50,55,3,3),(51,54,3,3),(52,51,3,3),(53,50,3,3),(54,52,3,3),(55,53,3,3),(56,57,3,4),(57,56,3,4),(59,59,2,6),(64,64,2,8),(65,65,1,3),(66,66,1,3),(67,67,3,6),(68,68,3,6),(70,70,2,9),(71,71,2,10),(72,72,2,11),(73,73,2,11),(74,74,2,12),(76,76,1,4),(77,77,1,4),(78,78,1,4),(79,79,2,13),(80,80,2,13),(81,81,3,7),(82,82,3,7),(83,83,2,14),(84,84,2,15),(85,85,2,15),(88,88,3,8),(89,89,3,8),(90,90,3,9),(91,91,3,9),(92,92,3,9),(93,93,3,9),(94,94,3,9),(95,96,3,9),(96,95,3,9),(97,98,3,9),(98,97,3,10),(99,99,3,10),(100,100,3,10),(101,101,3,10),(102,102,3,11),(103,103,3,11),(104,105,3,12),(105,104,3,12),(106,106,3,12),(107,107,1,5),(108,108,1,5),(109,109,1,5),(110,110,1,5),(111,111,1,5),(112,112,1,5),(113,114,1,5),(114,113,1,5),(115,115,1,5),(116,116,1,5),(117,117,1,6),(118,120,1,6),(119,119,1,6),(120,118,1,6),(121,123,1,6),(122,122,1,6),(123,121,1,6),(124,125,1,6),(125,124,1,6),(126,126,1,7),(127,127,1,7),(128,128,1,7),(129,129,1,7),(130,131,1,7),(131,130,1,7),(132,133,1,8),(133,132,1,8),(134,135,1,8),(135,134,1,8),(136,136,1,8),(137,137,1,9),(138,140,1,9),(139,139,1,9),(140,138,1,9),(141,144,1,9),(142,143,1,9),(143,142,1,9),(144,141,1,9),(145,146,1,9),(146,145,1,10),(147,147,1,10),(148,148,1,10),(149,149,1,10),(150,150,1,11),(151,151,1,11),(152,152,1,11),(153,153,3,13),(154,154,3,14),(156,156,1,12),(157,157,2,16),(158,158,3,15),(159,159,3,15),(160,160,3,15),(161,161,3,15),(162,162,3,15),(163,163,3,15),(164,164,3,15),(165,165,3,15),(166,166,3,15),(167,168,3,16),(168,167,3,16),(169,170,3,17),(170,169,3,17),(171,172,3,17),(172,173,3,17),(173,171,3,17),(174,174,3,17);
/*!40000 ALTER TABLE `up_permissions_role_links` ENABLE KEYS */;
UNLOCK TABLES;

--
-- Table structure for table `up_roles`
--

DROP TABLE IF EXISTS `up_roles`;
/*!40101 SET @saved_cs_client     = @@character_set_client */;
/*!50503 SET character_set_client = utf8mb4 */;
CREATE TABLE `up_roles` (
  `id` int unsigned NOT NULL AUTO_INCREMENT,
  `name` varchar(255) DEFAULT NULL,
  `description` varchar(255) DEFAULT NULL,
  `type` varchar(255) DEFAULT NULL,
  `created_at` datetime(6) DEFAULT NULL,
  `updated_at` datetime(6) DEFAULT NULL,
  `created_by_id` int unsigned DEFAULT NULL,
  `updated_by_id` int unsigned DEFAULT NULL,
  PRIMARY KEY (`id`),
  KEY `up_roles_created_by_id_fk` (`created_by_id`),
  KEY `up_roles_updated_by_id_fk` (`updated_by_id`),
  CONSTRAINT `up_roles_created_by_id_fk` FOREIGN KEY (`created_by_id`) REFERENCES `admin_users` (`id`) ON DELETE SET NULL,
  CONSTRAINT `up_roles_updated_by_id_fk` FOREIGN KEY (`updated_by_id`) REFERENCES `admin_users` (`id`) ON DELETE SET NULL
) ENGINE=InnoDB AUTO_INCREMENT=4 DEFAULT CHARSET=utf8mb4 COLLATE=utf8mb4_0900_ai_ci;
/*!40101 SET character_set_client = @saved_cs_client */;

--
-- Dumping data for table `up_roles`
--

LOCK TABLES `up_roles` WRITE;
/*!40000 ALTER TABLE `up_roles` DISABLE KEYS */;
INSERT INTO `up_roles` VALUES (1,'Authenticated','Default role given to authenticated user.','authenticated','2024-05-21 02:13:27.927000','2024-06-09 12:49:59.650000',NULL,NULL),(2,'Public','Default role given to unauthenticated user.','public','2024-05-21 02:13:27.939000','2024-06-09 12:50:07.525000',NULL,NULL),(3,'Administrator','Role given to the administrator of the database','administrator','2024-05-28 13:08:24.292000','2024-06-09 12:55:16.145000',NULL,NULL);
/*!40000 ALTER TABLE `up_roles` ENABLE KEYS */;
UNLOCK TABLES;

--
-- Table structure for table `up_users`
--

DROP TABLE IF EXISTS `up_users`;
/*!40101 SET @saved_cs_client     = @@character_set_client */;
/*!50503 SET character_set_client = utf8mb4 */;
CREATE TABLE `up_users` (
  `id` int unsigned NOT NULL AUTO_INCREMENT,
  `username` varchar(255) DEFAULT NULL,
  `email` varchar(255) DEFAULT NULL,
  `provider` varchar(255) DEFAULT NULL,
  `password` varchar(255) DEFAULT NULL,
  `reset_password_token` varchar(255) DEFAULT NULL,
  `confirmation_token` varchar(255) DEFAULT NULL,
  `confirmed` tinyint(1) DEFAULT NULL,
  `blocked` tinyint(1) DEFAULT NULL,
  `created_at` datetime(6) DEFAULT NULL,
  `updated_at` datetime(6) DEFAULT NULL,
  `created_by_id` int unsigned DEFAULT NULL,
  `updated_by_id` int unsigned DEFAULT NULL,
  `notification` tinyint(1) DEFAULT NULL,
  PRIMARY KEY (`id`),
  KEY `up_users_created_by_id_fk` (`created_by_id`),
  KEY `up_users_updated_by_id_fk` (`updated_by_id`),
  CONSTRAINT `up_users_created_by_id_fk` FOREIGN KEY (`created_by_id`) REFERENCES `admin_users` (`id`) ON DELETE SET NULL,
  CONSTRAINT `up_users_updated_by_id_fk` FOREIGN KEY (`updated_by_id`) REFERENCES `admin_users` (`id`) ON DELETE SET NULL
) ENGINE=InnoDB AUTO_INCREMENT=6 DEFAULT CHARSET=utf8mb4 COLLATE=utf8mb4_0900_ai_ci;
/*!40101 SET character_set_client = @saved_cs_client */;

--
-- Dumping data for table `up_users`
--

LOCK TABLES `up_users` WRITE;
/*!40000 ALTER TABLE `up_users` DISABLE KEYS */;
INSERT INTO `up_users` VALUES (1,'Amministratore','dododag05@gmail.com','local','$2a$10$6cdr/QLBmC/AM/30Sz6xNeCbUjmnaoctC2Mte5.H0ADKtkM5iYuce',NULL,NULL,0,0,'2024-05-28 13:11:42.057000','2024-06-09 14:35:14.529000',1,1,0),(2,'ciprovo','prova@cisono.com','local','$2a$10$fp7ZVxIPXE069C1A/P1ZyOoXaoDUiveFgwbsNssEecHqIO0N.coY.',NULL,NULL,1,0,'2024-05-31 12:07:57.548000','2024-06-09 14:35:07.337000',NULL,1,1),(3,'ciRiprovo','riprova@comment.com','local','$2a$10$Vd6JPOWE5muF4zMGRkU7oeegFEl9MrKxOSPpDNh.N5hKOt64zQAmG',NULL,NULL,1,0,'2024-05-31 12:12:13.687000','2024-06-09 14:35:07.378000',NULL,1,1),(4,'tuttoOK','prova@prova.com','local','$2a$10$61BnY/dUvm26mDWGzqkqB.wH3kFjySVEoQeKp868mWiJ6NuioFi1.',NULL,NULL,1,0,'2024-06-01 11:22:37.254000','2024-06-09 14:35:07.425000',NULL,1,1),(5,'funziona','prova@prova.it','local','$2a$10$MfSuLYBz7MYoCAKZrBY7vOzqO1p0JOYA7QpInadG.97NVO5rYbaAq',NULL,NULL,1,0,'2024-06-01 11:23:38.192000','2024-06-09 14:35:07.470000',NULL,1,1);
/*!40000 ALTER TABLE `up_users` ENABLE KEYS */;
UNLOCK TABLES;

--
-- Table structure for table `up_users_role_links`
--

DROP TABLE IF EXISTS `up_users_role_links`;
/*!40101 SET @saved_cs_client     = @@character_set_client */;
/*!50503 SET character_set_client = utf8mb4 */;
CREATE TABLE `up_users_role_links` (
  `id` int unsigned NOT NULL AUTO_INCREMENT,
  `user_id` int unsigned DEFAULT NULL,
  `role_id` int unsigned DEFAULT NULL,
  `user_order` double unsigned DEFAULT NULL,
  PRIMARY KEY (`id`),
  UNIQUE KEY `up_users_role_links_unique` (`user_id`,`role_id`),
  KEY `up_users_role_links_fk` (`user_id`),
  KEY `up_users_role_links_inv_fk` (`role_id`),
  KEY `up_users_role_links_order_inv_fk` (`user_order`),
  CONSTRAINT `up_users_role_links_fk` FOREIGN KEY (`user_id`) REFERENCES `up_users` (`id`) ON DELETE CASCADE,
  CONSTRAINT `up_users_role_links_inv_fk` FOREIGN KEY (`role_id`) REFERENCES `up_roles` (`id`) ON DELETE CASCADE
) ENGINE=InnoDB AUTO_INCREMENT=6 DEFAULT CHARSET=utf8mb4 COLLATE=utf8mb4_0900_ai_ci;
/*!40101 SET character_set_client = @saved_cs_client */;

--
-- Dumping data for table `up_users_role_links`
--

LOCK TABLES `up_users_role_links` WRITE;
/*!40000 ALTER TABLE `up_users_role_links` DISABLE KEYS */;
INSERT INTO `up_users_role_links` VALUES (1,1,3,1),(2,2,1,1),(3,3,1,2),(4,4,1,3),(5,5,1,4);
/*!40000 ALTER TABLE `up_users_role_links` ENABLE KEYS */;
UNLOCK TABLES;

--
-- Table structure for table `upload_folders`
--

DROP TABLE IF EXISTS `upload_folders`;
/*!40101 SET @saved_cs_client     = @@character_set_client */;
/*!50503 SET character_set_client = utf8mb4 */;
CREATE TABLE `upload_folders` (
  `id` int unsigned NOT NULL AUTO_INCREMENT,
  `name` varchar(255) DEFAULT NULL,
  `path_id` int DEFAULT NULL,
  `path` varchar(255) DEFAULT NULL,
  `created_at` datetime(6) DEFAULT NULL,
  `updated_at` datetime(6) DEFAULT NULL,
  `created_by_id` int unsigned DEFAULT NULL,
  `updated_by_id` int unsigned DEFAULT NULL,
  PRIMARY KEY (`id`),
  UNIQUE KEY `upload_folders_path_id_index` (`path_id`),
  UNIQUE KEY `upload_folders_path_index` (`path`),
  KEY `upload_folders_created_by_id_fk` (`created_by_id`),
  KEY `upload_folders_updated_by_id_fk` (`updated_by_id`),
  CONSTRAINT `upload_folders_created_by_id_fk` FOREIGN KEY (`created_by_id`) REFERENCES `admin_users` (`id`) ON DELETE SET NULL,
  CONSTRAINT `upload_folders_updated_by_id_fk` FOREIGN KEY (`updated_by_id`) REFERENCES `admin_users` (`id`) ON DELETE SET NULL
) ENGINE=InnoDB DEFAULT CHARSET=utf8mb4 COLLATE=utf8mb4_0900_ai_ci;
/*!40101 SET character_set_client = @saved_cs_client */;

--
-- Dumping data for table `upload_folders`
--

LOCK TABLES `upload_folders` WRITE;
/*!40000 ALTER TABLE `upload_folders` DISABLE KEYS */;
/*!40000 ALTER TABLE `upload_folders` ENABLE KEYS */;
UNLOCK TABLES;

--
-- Table structure for table `upload_folders_parent_links`
--

DROP TABLE IF EXISTS `upload_folders_parent_links`;
/*!40101 SET @saved_cs_client     = @@character_set_client */;
/*!50503 SET character_set_client = utf8mb4 */;
CREATE TABLE `upload_folders_parent_links` (
  `id` int unsigned NOT NULL AUTO_INCREMENT,
  `folder_id` int unsigned DEFAULT NULL,
  `inv_folder_id` int unsigned DEFAULT NULL,
  `folder_order` double unsigned DEFAULT NULL,
  PRIMARY KEY (`id`),
  UNIQUE KEY `upload_folders_parent_links_unique` (`folder_id`,`inv_folder_id`),
  KEY `upload_folders_parent_links_fk` (`folder_id`),
  KEY `upload_folders_parent_links_inv_fk` (`inv_folder_id`),
  KEY `upload_folders_parent_links_order_inv_fk` (`folder_order`),
  CONSTRAINT `upload_folders_parent_links_fk` FOREIGN KEY (`folder_id`) REFERENCES `upload_folders` (`id`) ON DELETE CASCADE,
  CONSTRAINT `upload_folders_parent_links_inv_fk` FOREIGN KEY (`inv_folder_id`) REFERENCES `upload_folders` (`id`) ON DELETE CASCADE
) ENGINE=InnoDB DEFAULT CHARSET=utf8mb4 COLLATE=utf8mb4_0900_ai_ci;
/*!40101 SET character_set_client = @saved_cs_client */;

--
-- Dumping data for table `upload_folders_parent_links`
--

LOCK TABLES `upload_folders_parent_links` WRITE;
/*!40000 ALTER TABLE `upload_folders_parent_links` DISABLE KEYS */;
/*!40000 ALTER TABLE `upload_folders_parent_links` ENABLE KEYS */;
UNLOCK TABLES;
/*!40103 SET TIME_ZONE=@OLD_TIME_ZONE */;

/*!40101 SET SQL_MODE=@OLD_SQL_MODE */;
/*!40014 SET FOREIGN_KEY_CHECKS=@OLD_FOREIGN_KEY_CHECKS */;
/*!40014 SET UNIQUE_CHECKS=@OLD_UNIQUE_CHECKS */;
/*!40101 SET CHARACTER_SET_CLIENT=@OLD_CHARACTER_SET_CLIENT */;
/*!40101 SET CHARACTER_SET_RESULTS=@OLD_CHARACTER_SET_RESULTS */;
/*!40101 SET COLLATION_CONNECTION=@OLD_COLLATION_CONNECTION */;
/*!40111 SET SQL_NOTES=@OLD_SQL_NOTES */;

-- Dump completed on 2024-06-09 23:54:54
